WARNING - 2025-09-05 06:16:48 --> [DEPRECATED] Passing lowercase HTTP method "get" is deprecated. Use uppercase HTTP method like "GET". in SYSTEMPATH/Router/RouteCollection.php on line 1026.
 1 SYSTEMPATH/Router/RouteCollection.php(1026): trigger_error('Passing lowercase HTTP method "get" is deprecated. Use uppercase HTTP method like "GET".', 16384)
 2 APPPATH/Config/Routes.php(146): CodeIgniter\Router\RouteCollection->match([...], 'mesociclos/nuevo', 'GimnasioMesociclos::nuevo')
 3 SYSTEMPATH/Router/RouteCollection.php(799): CodeIgniter\Router\RouteCollection::{closure}(Object(CodeIgniter\Router\RouteCollection))
 4 APPPATH/Config/Routes.php(144): CodeIgniter\Router\RouteCollection->group('gimnasio', [...], Object(Closure))
 5 SYSTEMPATH/Router/RouteCollection.php(339): require('/Applications/ServBay/www/trackbitos/app/Config/Routes.php')
 6 SYSTEMPATH/CodeIgniter.php(821): CodeIgniter\Router\RouteCollection->loadRoutes()
 7 SYSTEMPATH/CodeIgniter.php(455): CodeIgniter\CodeIgniter->tryToRouteIt(null)
 8 SYSTEMPATH/CodeIgniter.php(354): CodeIgniter\CodeIgniter->handleRequest(null, Object(Config\Cache), false)
 9 SYSTEMPATH/Boot.php(363): CodeIgniter\CodeIgniter->run()
10 SYSTEMPATH/Boot.php(68): CodeIgniter\Boot::runCodeIgniter(Object(CodeIgniter\CodeIgniter))
11 FCPATH/index.php(59): CodeIgniter\Boot::bootWeb(Object(Config\Paths))
WARNING - 2025-09-05 06:16:48 --> [DEPRECATED] Passing lowercase HTTP method "post" is deprecated. Use uppercase HTTP method like "POST". in SYSTEMPATH/Router/RouteCollection.php on line 1026.
 1 SYSTEMPATH/Router/RouteCollection.php(1026): trigger_error('Passing lowercase HTTP method "post" is deprecated. Use uppercase HTTP method like "POST".', 16384)
 2 APPPATH/Config/Routes.php(146): CodeIgniter\Router\RouteCollection->match([...], 'mesociclos/nuevo', 'GimnasioMesociclos::nuevo')
 3 SYSTEMPATH/Router/RouteCollection.php(799): CodeIgniter\Router\RouteCollection::{closure}(Object(CodeIgniter\Router\RouteCollection))
 4 APPPATH/Config/Routes.php(144): CodeIgniter\Router\RouteCollection->group('gimnasio', [...], Object(Closure))
 5 SYSTEMPATH/Router/RouteCollection.php(339): require('/Applications/ServBay/www/trackbitos/app/Config/Routes.php')
 6 SYSTEMPATH/CodeIgniter.php(821): CodeIgniter\Router\RouteCollection->loadRoutes()
 7 SYSTEMPATH/CodeIgniter.php(455): CodeIgniter\CodeIgniter->tryToRouteIt(null)
 8 SYSTEMPATH/CodeIgniter.php(354): CodeIgniter\CodeIgniter->handleRequest(null, Object(Config\Cache), false)
 9 SYSTEMPATH/Boot.php(363): CodeIgniter\CodeIgniter->run()
10 SYSTEMPATH/Boot.php(68): CodeIgniter\Boot::runCodeIgniter(Object(CodeIgniter\CodeIgniter))
11 FCPATH/index.php(59): CodeIgniter\Boot::bootWeb(Object(Config\Paths))
WARNING - 2025-09-05 06:16:48 --> [DEPRECATED] Passing lowercase HTTP method "get" is deprecated. Use uppercase HTTP method like "GET". in SYSTEMPATH/Router/RouteCollection.php on line 1026.
 1 SYSTEMPATH/Router/RouteCollection.php(1026): trigger_error('Passing lowercase HTTP method "get" is deprecated. Use uppercase HTTP method like "GET".', 16384)
 2 APPPATH/Config/Routes.php(148): CodeIgniter\Router\RouteCollection->match([...], 'mesociclos/(:num)/bloque/nuevo', 'GimnasioMesociclos::bloqueNuevo/$1')
 3 SYSTEMPATH/Router/RouteCollection.php(799): CodeIgniter\Router\RouteCollection::{closure}(Object(CodeIgniter\Router\RouteCollection))
 4 APPPATH/Config/Routes.php(144): CodeIgniter\Router\RouteCollection->group('gimnasio', [...], Object(Closure))
 5 SYSTEMPATH/Router/RouteCollection.php(339): require('/Applications/ServBay/www/trackbitos/app/Config/Routes.php')
 6 SYSTEMPATH/CodeIgniter.php(821): CodeIgniter\Router\RouteCollection->loadRoutes()
 7 SYSTEMPATH/CodeIgniter.php(455): CodeIgniter\CodeIgniter->tryToRouteIt(null)
 8 SYSTEMPATH/CodeIgniter.php(354): CodeIgniter\CodeIgniter->handleRequest(null, Object(Config\Cache), false)
 9 SYSTEMPATH/Boot.php(363): CodeIgniter\CodeIgniter->run()
10 SYSTEMPATH/Boot.php(68): CodeIgniter\Boot::runCodeIgniter(Object(CodeIgniter\CodeIgniter))
11 FCPATH/index.php(59): CodeIgniter\Boot::bootWeb(Object(Config\Paths))
WARNING - 2025-09-05 06:16:48 --> [DEPRECATED] Passing lowercase HTTP method "post" is deprecated. Use uppercase HTTP method like "POST". in SYSTEMPATH/Router/RouteCollection.php on line 1026.
 1 SYSTEMPATH/Router/RouteCollection.php(1026): trigger_error('Passing lowercase HTTP method "post" is deprecated. Use uppercase HTTP method like "POST".', 16384)
 2 APPPATH/Config/Routes.php(148): CodeIgniter\Router\RouteCollection->match([...], 'mesociclos/(:num)/bloque/nuevo', 'GimnasioMesociclos::bloqueNuevo/$1')
 3 SYSTEMPATH/Router/RouteCollection.php(799): CodeIgniter\Router\RouteCollection::{closure}(Object(CodeIgniter\Router\RouteCollection))
 4 APPPATH/Config/Routes.php(144): CodeIgniter\Router\RouteCollection->group('gimnasio', [...], Object(Closure))
 5 SYSTEMPATH/Router/RouteCollection.php(339): require('/Applications/ServBay/www/trackbitos/app/Config/Routes.php')
 6 SYSTEMPATH/CodeIgniter.php(821): CodeIgniter\Router\RouteCollection->loadRoutes()
 7 SYSTEMPATH/CodeIgniter.php(455): CodeIgniter\CodeIgniter->tryToRouteIt(null)
 8 SYSTEMPATH/CodeIgniter.php(354): CodeIgniter\CodeIgniter->handleRequest(null, Object(Config\Cache), false)
 9 SYSTEMPATH/Boot.php(363): CodeIgniter\CodeIgniter->run()
10 SYSTEMPATH/Boot.php(68): CodeIgniter\Boot::runCodeIgniter(Object(CodeIgniter\CodeIgniter))
11 FCPATH/index.php(59): CodeIgniter\Boot::bootWeb(Object(Config\Paths))
WARNING - 2025-09-05 06:16:48 --> [DEPRECATED] Passing lowercase HTTP method "get" is deprecated. Use uppercase HTTP method like "GET". in SYSTEMPATH/Router/RouteCollection.php on line 1026.
 1 SYSTEMPATH/Router/RouteCollection.php(1026): trigger_error('Passing lowercase HTTP method "get" is deprecated. Use uppercase HTTP method like "GET".', 16384)
 2 APPPATH/Config/Routes.php(150): CodeIgniter\Router\RouteCollection->match([...], 'mesociclos/(:num)/asignar/(:num)', 'GimnasioMesociclos::asignar/$1/$2')
 3 SYSTEMPATH/Router/RouteCollection.php(799): CodeIgniter\Router\RouteCollection::{closure}(Object(CodeIgniter\Router\RouteCollection))
 4 APPPATH/Config/Routes.php(144): CodeIgniter\Router\RouteCollection->group('gimnasio', [...], Object(Closure))
 5 SYSTEMPATH/Router/RouteCollection.php(339): require('/Applications/ServBay/www/trackbitos/app/Config/Routes.php')
 6 SYSTEMPATH/CodeIgniter.php(821): CodeIgniter\Router\RouteCollection->loadRoutes()
 7 SYSTEMPATH/CodeIgniter.php(455): CodeIgniter\CodeIgniter->tryToRouteIt(null)
 8 SYSTEMPATH/CodeIgniter.php(354): CodeIgniter\CodeIgniter->handleRequest(null, Object(Config\Cache), false)
 9 SYSTEMPATH/Boot.php(363): CodeIgniter\CodeIgniter->run()
10 SYSTEMPATH/Boot.php(68): CodeIgniter\Boot::runCodeIgniter(Object(CodeIgniter\CodeIgniter))
11 FCPATH/index.php(59): CodeIgniter\Boot::bootWeb(Object(Config\Paths))
WARNING - 2025-09-05 06:16:48 --> [DEPRECATED] Passing lowercase HTTP method "post" is deprecated. Use uppercase HTTP method like "POST". in SYSTEMPATH/Router/RouteCollection.php on line 1026.
 1 SYSTEMPATH/Router/RouteCollection.php(1026): trigger_error('Passing lowercase HTTP method "post" is deprecated. Use uppercase HTTP method like "POST".', 16384)
 2 APPPATH/Config/Routes.php(150): CodeIgniter\Router\RouteCollection->match([...], 'mesociclos/(:num)/asignar/(:num)', 'GimnasioMesociclos::asignar/$1/$2')
 3 SYSTEMPATH/Router/RouteCollection.php(799): CodeIgniter\Router\RouteCollection::{closure}(Object(CodeIgniter\Router\RouteCollection))
 4 APPPATH/Config/Routes.php(144): CodeIgniter\Router\RouteCollection->group('gimnasio', [...], Object(Closure))
 5 SYSTEMPATH/Router/RouteCollection.php(339): require('/Applications/ServBay/www/trackbitos/app/Config/Routes.php')
 6 SYSTEMPATH/CodeIgniter.php(821): CodeIgniter\Router\RouteCollection->loadRoutes()
 7 SYSTEMPATH/CodeIgniter.php(455): CodeIgniter\CodeIgniter->tryToRouteIt(null)
 8 SYSTEMPATH/CodeIgniter.php(354): CodeIgniter\CodeIgniter->handleRequest(null, Object(Config\Cache), false)
 9 SYSTEMPATH/Boot.php(363): CodeIgniter\CodeIgniter->run()
10 SYSTEMPATH/Boot.php(68): CodeIgniter\Boot::runCodeIgniter(Object(CodeIgniter\CodeIgniter))
11 FCPATH/index.php(59): CodeIgniter\Boot::bootWeb(Object(Config\Paths))
WARNING - 2025-09-05 06:16:48 --> [DEPRECATED] Passing lowercase HTTP method "get" is deprecated. Use uppercase HTTP method like "GET". in SYSTEMPATH/Router/RouteCollection.php on line 1026.
 1 SYSTEMPATH/Router/RouteCollection.php(1026): trigger_error('Passing lowercase HTTP method "get" is deprecated. Use uppercase HTTP method like "GET".', 16384)
 2 APPPATH/Config/Routes.php(153): CodeIgniter\Router\RouteCollection->match([...], 'mesociclos/(:num)/generar', 'GimnasioMesociclos::generar/$1')
 3 SYSTEMPATH/Router/RouteCollection.php(799): CodeIgniter\Router\RouteCollection::{closure}(Object(CodeIgniter\Router\RouteCollection))
 4 APPPATH/Config/Routes.php(144): CodeIgniter\Router\RouteCollection->group('gimnasio', [...], Object(Closure))
 5 SYSTEMPATH/Router/RouteCollection.php(339): require('/Applications/ServBay/www/trackbitos/app/Config/Routes.php')
 6 SYSTEMPATH/CodeIgniter.php(821): CodeIgniter\Router\RouteCollection->loadRoutes()
 7 SYSTEMPATH/CodeIgniter.php(455): CodeIgniter\CodeIgniter->tryToRouteIt(null)
 8 SYSTEMPATH/CodeIgniter.php(354): CodeIgniter\CodeIgniter->handleRequest(null, Object(Config\Cache), false)
 9 SYSTEMPATH/Boot.php(363): CodeIgniter\CodeIgniter->run()
10 SYSTEMPATH/Boot.php(68): CodeIgniter\Boot::runCodeIgniter(Object(CodeIgniter\CodeIgniter))
11 FCPATH/index.php(59): CodeIgniter\Boot::bootWeb(Object(Config\Paths))
WARNING - 2025-09-05 06:16:48 --> [DEPRECATED] Passing lowercase HTTP method "post" is deprecated. Use uppercase HTTP method like "POST". in SYSTEMPATH/Router/RouteCollection.php on line 1026.
 1 SYSTEMPATH/Router/RouteCollection.php(1026): trigger_error('Passing lowercase HTTP method "post" is deprecated. Use uppercase HTTP method like "POST".', 16384)
 2 APPPATH/Config/Routes.php(153): CodeIgniter\Router\RouteCollection->match([...], 'mesociclos/(:num)/generar', 'GimnasioMesociclos::generar/$1')
 3 SYSTEMPATH/Router/RouteCollection.php(799): CodeIgniter\Router\RouteCollection::{closure}(Object(CodeIgniter\Router\RouteCollection))
 4 APPPATH/Config/Routes.php(144): CodeIgniter\Router\RouteCollection->group('gimnasio', [...], Object(Closure))
 5 SYSTEMPATH/Router/RouteCollection.php(339): require('/Applications/ServBay/www/trackbitos/app/Config/Routes.php')
 6 SYSTEMPATH/CodeIgniter.php(821): CodeIgniter\Router\RouteCollection->loadRoutes()
 7 SYSTEMPATH/CodeIgniter.php(455): CodeIgniter\CodeIgniter->tryToRouteIt(null)
 8 SYSTEMPATH/CodeIgniter.php(354): CodeIgniter\CodeIgniter->handleRequest(null, Object(Config\Cache), false)
 9 SYSTEMPATH/Boot.php(363): CodeIgniter\CodeIgniter->run()
10 SYSTEMPATH/Boot.php(68): CodeIgniter\Boot::runCodeIgniter(Object(CodeIgniter\CodeIgniter))
11 FCPATH/index.php(59): CodeIgniter\Boot::bootWeb(Object(Config\Paths))
WARNING - 2025-09-05 06:16:48 --> [DEPRECATED] Passing lowercase HTTP method "get" is deprecated. Use uppercase HTTP method like "GET". in SYSTEMPATH/Router/RouteCollection.php on line 1026.
 1 SYSTEMPATH/Router/RouteCollection.php(1026): trigger_error('Passing lowercase HTTP method "get" is deprecated. Use uppercase HTTP method like "GET".', 16384)
 2 APPPATH/Config/Routes.php(161): CodeIgniter\Router\RouteCollection->match([...], 'mesociclos/(:num)/generar/bilbo', 'GimnasioMesociclos::generarBilbo/$1')
 3 SYSTEMPATH/Router/RouteCollection.php(799): CodeIgniter\Router\RouteCollection::{closure}(Object(CodeIgniter\Router\RouteCollection))
 4 APPPATH/Config/Routes.php(144): CodeIgniter\Router\RouteCollection->group('gimnasio', [...], Object(Closure))
 5 SYSTEMPATH/Router/RouteCollection.php(339): require('/Applications/ServBay/www/trackbitos/app/Config/Routes.php')
 6 SYSTEMPATH/CodeIgniter.php(821): CodeIgniter\Router\RouteCollection->loadRoutes()
 7 SYSTEMPATH/CodeIgniter.php(455): CodeIgniter\CodeIgniter->tryToRouteIt(null)
 8 SYSTEMPATH/CodeIgniter.php(354): CodeIgniter\CodeIgniter->handleRequest(null, Object(Config\Cache), false)
 9 SYSTEMPATH/Boot.php(363): CodeIgniter\CodeIgniter->run()
10 SYSTEMPATH/Boot.php(68): CodeIgniter\Boot::runCodeIgniter(Object(CodeIgniter\CodeIgniter))
11 FCPATH/index.php(59): CodeIgniter\Boot::bootWeb(Object(Config\Paths))
WARNING - 2025-09-05 06:16:48 --> [DEPRECATED] Passing lowercase HTTP method "post" is deprecated. Use uppercase HTTP method like "POST". in SYSTEMPATH/Router/RouteCollection.php on line 1026.
 1 SYSTEMPATH/Router/RouteCollection.php(1026): trigger_error('Passing lowercase HTTP method "post" is deprecated. Use uppercase HTTP method like "POST".', 16384)
 2 APPPATH/Config/Routes.php(161): CodeIgniter\Router\RouteCollection->match([...], 'mesociclos/(:num)/generar/bilbo', 'GimnasioMesociclos::generarBilbo/$1')
 3 SYSTEMPATH/Router/RouteCollection.php(799): CodeIgniter\Router\RouteCollection::{closure}(Object(CodeIgniter\Router\RouteCollection))
 4 APPPATH/Config/Routes.php(144): CodeIgniter\Router\RouteCollection->group('gimnasio', [...], Object(Closure))
 5 SYSTEMPATH/Router/RouteCollection.php(339): require('/Applications/ServBay/www/trackbitos/app/Config/Routes.php')
 6 SYSTEMPATH/CodeIgniter.php(821): CodeIgniter\Router\RouteCollection->loadRoutes()
 7 SYSTEMPATH/CodeIgniter.php(455): CodeIgniter\CodeIgniter->tryToRouteIt(null)
 8 SYSTEMPATH/CodeIgniter.php(354): CodeIgniter\CodeIgniter->handleRequest(null, Object(Config\Cache), false)
 9 SYSTEMPATH/Boot.php(363): CodeIgniter\CodeIgniter->run()
10 SYSTEMPATH/Boot.php(68): CodeIgniter\Boot::runCodeIgniter(Object(CodeIgniter\CodeIgniter))
11 FCPATH/index.php(59): CodeIgniter\Boot::bootWeb(Object(Config\Paths))
WARNING - 2025-09-05 06:16:48 --> [DEPRECATED] Passing lowercase HTTP method "get" is deprecated. Use uppercase HTTP method like "GET". in SYSTEMPATH/Router/RouteCollection.php on line 1026.
 1 SYSTEMPATH/Router/RouteCollection.php(1026): trigger_error('Passing lowercase HTTP method "get" is deprecated. Use uppercase HTTP method like "GET".', 16384)
 2 APPPATH/Config/Routes.php(261): CodeIgniter\Router\RouteCollection->match([...], 'crear', 'Youtube::crearLista')
 3 SYSTEMPATH/Router/RouteCollection.php(799): CodeIgniter\Router\RouteCollection::{closure}(Object(CodeIgniter\Router\RouteCollection))
 4 APPPATH/Config/Routes.php(259): CodeIgniter\Router\RouteCollection->group('youtube', [...], Object(Closure))
 5 SYSTEMPATH/Router/RouteCollection.php(339): require('/Applications/ServBay/www/trackbitos/app/Config/Routes.php')
 6 SYSTEMPATH/CodeIgniter.php(821): CodeIgniter\Router\RouteCollection->loadRoutes()
 7 SYSTEMPATH/CodeIgniter.php(455): CodeIgniter\CodeIgniter->tryToRouteIt(null)
 8 SYSTEMPATH/CodeIgniter.php(354): CodeIgniter\CodeIgniter->handleRequest(null, Object(Config\Cache), false)
 9 SYSTEMPATH/Boot.php(363): CodeIgniter\CodeIgniter->run()
10 SYSTEMPATH/Boot.php(68): CodeIgniter\Boot::runCodeIgniter(Object(CodeIgniter\CodeIgniter))
11 FCPATH/index.php(59): CodeIgniter\Boot::bootWeb(Object(Config\Paths))
WARNING - 2025-09-05 06:16:48 --> [DEPRECATED] Passing lowercase HTTP method "post" is deprecated. Use uppercase HTTP method like "POST". in SYSTEMPATH/Router/RouteCollection.php on line 1026.
 1 SYSTEMPATH/Router/RouteCollection.php(1026): trigger_error('Passing lowercase HTTP method "post" is deprecated. Use uppercase HTTP method like "POST".', 16384)
 2 APPPATH/Config/Routes.php(261): CodeIgniter\Router\RouteCollection->match([...], 'crear', 'Youtube::crearLista')
 3 SYSTEMPATH/Router/RouteCollection.php(799): CodeIgniter\Router\RouteCollection::{closure}(Object(CodeIgniter\Router\RouteCollection))
 4 APPPATH/Config/Routes.php(259): CodeIgniter\Router\RouteCollection->group('youtube', [...], Object(Closure))
 5 SYSTEMPATH/Router/RouteCollection.php(339): require('/Applications/ServBay/www/trackbitos/app/Config/Routes.php')
 6 SYSTEMPATH/CodeIgniter.php(821): CodeIgniter\Router\RouteCollection->loadRoutes()
 7 SYSTEMPATH/CodeIgniter.php(455): CodeIgniter\CodeIgniter->tryToRouteIt(null)
 8 SYSTEMPATH/CodeIgniter.php(354): CodeIgniter\CodeIgniter->handleRequest(null, Object(Config\Cache), false)
 9 SYSTEMPATH/Boot.php(363): CodeIgniter\CodeIgniter->run()
10 SYSTEMPATH/Boot.php(68): CodeIgniter\Boot::runCodeIgniter(Object(CodeIgniter\CodeIgniter))
11 FCPATH/index.php(59): CodeIgniter\Boot::bootWeb(Object(Config\Paths))
DEBUG - 2025-09-05 06:16:48 --> Session: Class initialized using 'CodeIgniter\Session\Handlers\FileHandler' driver.
WARNING - 2025-09-05 06:16:48 --> [DEPRECATED] Passing lowercase HTTP method "get" is deprecated. Use uppercase HTTP method like "GET". in SYSTEMPATH/Router/RouteCollection.php on line 1026.
 1 SYSTEMPATH/Router/RouteCollection.php(1026): trigger_error('Passing lowercase HTTP method "get" is deprecated. Use uppercase HTTP method like "GET".', 16384)
 2 APPPATH/Config/Routes.php(146): CodeIgniter\Router\RouteCollection->match([...], 'mesociclos/nuevo', 'GimnasioMesociclos::nuevo')
 3 SYSTEMPATH/Router/RouteCollection.php(799): CodeIgniter\Router\RouteCollection::{closure}(Object(CodeIgniter\Router\RouteCollection))
 4 APPPATH/Config/Routes.php(144): CodeIgniter\Router\RouteCollection->group('gimnasio', [...], Object(Closure))
 5 SYSTEMPATH/Router/RouteCollection.php(339): require('/Applications/ServBay/www/trackbitos/app/Config/Routes.php')
 6 SYSTEMPATH/CodeIgniter.php(821): CodeIgniter\Router\RouteCollection->loadRoutes()
 7 SYSTEMPATH/CodeIgniter.php(455): CodeIgniter\CodeIgniter->tryToRouteIt(null)
 8 SYSTEMPATH/CodeIgniter.php(354): CodeIgniter\CodeIgniter->handleRequest(null, Object(Config\Cache), false)
 9 SYSTEMPATH/Boot.php(363): CodeIgniter\CodeIgniter->run()
10 SYSTEMPATH/Boot.php(68): CodeIgniter\Boot::runCodeIgniter(Object(CodeIgniter\CodeIgniter))
11 FCPATH/index.php(59): CodeIgniter\Boot::bootWeb(Object(Config\Paths))
WARNING - 2025-09-05 06:16:48 --> [DEPRECATED] Passing lowercase HTTP method "post" is deprecated. Use uppercase HTTP method like "POST". in SYSTEMPATH/Router/RouteCollection.php on line 1026.
 1 SYSTEMPATH/Router/RouteCollection.php(1026): trigger_error('Passing lowercase HTTP method "post" is deprecated. Use uppercase HTTP method like "POST".', 16384)
 2 APPPATH/Config/Routes.php(146): CodeIgniter\Router\RouteCollection->match([...], 'mesociclos/nuevo', 'GimnasioMesociclos::nuevo')
 3 SYSTEMPATH/Router/RouteCollection.php(799): CodeIgniter\Router\RouteCollection::{closure}(Object(CodeIgniter\Router\RouteCollection))
 4 APPPATH/Config/Routes.php(144): CodeIgniter\Router\RouteCollection->group('gimnasio', [...], Object(Closure))
 5 SYSTEMPATH/Router/RouteCollection.php(339): require('/Applications/ServBay/www/trackbitos/app/Config/Routes.php')
 6 SYSTEMPATH/CodeIgniter.php(821): CodeIgniter\Router\RouteCollection->loadRoutes()
 7 SYSTEMPATH/CodeIgniter.php(455): CodeIgniter\CodeIgniter->tryToRouteIt(null)
 8 SYSTEMPATH/CodeIgniter.php(354): CodeIgniter\CodeIgniter->handleRequest(null, Object(Config\Cache), false)
 9 SYSTEMPATH/Boot.php(363): CodeIgniter\CodeIgniter->run()
10 SYSTEMPATH/Boot.php(68): CodeIgniter\Boot::runCodeIgniter(Object(CodeIgniter\CodeIgniter))
11 FCPATH/index.php(59): CodeIgniter\Boot::bootWeb(Object(Config\Paths))
WARNING - 2025-09-05 06:16:48 --> [DEPRECATED] Passing lowercase HTTP method "get" is deprecated. Use uppercase HTTP method like "GET". in SYSTEMPATH/Router/RouteCollection.php on line 1026.
 1 SYSTEMPATH/Router/RouteCollection.php(1026): trigger_error('Passing lowercase HTTP method "get" is deprecated. Use uppercase HTTP method like "GET".', 16384)
 2 APPPATH/Config/Routes.php(148): CodeIgniter\Router\RouteCollection->match([...], 'mesociclos/(:num)/bloque/nuevo', 'GimnasioMesociclos::bloqueNuevo/$1')
 3 SYSTEMPATH/Router/RouteCollection.php(799): CodeIgniter\Router\RouteCollection::{closure}(Object(CodeIgniter\Router\RouteCollection))
 4 APPPATH/Config/Routes.php(144): CodeIgniter\Router\RouteCollection->group('gimnasio', [...], Object(Closure))
 5 SYSTEMPATH/Router/RouteCollection.php(339): require('/Applications/ServBay/www/trackbitos/app/Config/Routes.php')
 6 SYSTEMPATH/CodeIgniter.php(821): CodeIgniter\Router\RouteCollection->loadRoutes()
 7 SYSTEMPATH/CodeIgniter.php(455): CodeIgniter\CodeIgniter->tryToRouteIt(null)
 8 SYSTEMPATH/CodeIgniter.php(354): CodeIgniter\CodeIgniter->handleRequest(null, Object(Config\Cache), false)
 9 SYSTEMPATH/Boot.php(363): CodeIgniter\CodeIgniter->run()
10 SYSTEMPATH/Boot.php(68): CodeIgniter\Boot::runCodeIgniter(Object(CodeIgniter\CodeIgniter))
11 FCPATH/index.php(59): CodeIgniter\Boot::bootWeb(Object(Config\Paths))
WARNING - 2025-09-05 06:16:48 --> [DEPRECATED] Passing lowercase HTTP method "post" is deprecated. Use uppercase HTTP method like "POST". in SYSTEMPATH/Router/RouteCollection.php on line 1026.
 1 SYSTEMPATH/Router/RouteCollection.php(1026): trigger_error('Passing lowercase HTTP method "post" is deprecated. Use uppercase HTTP method like "POST".', 16384)
 2 APPPATH/Config/Routes.php(148): CodeIgniter\Router\RouteCollection->match([...], 'mesociclos/(:num)/bloque/nuevo', 'GimnasioMesociclos::bloqueNuevo/$1')
 3 SYSTEMPATH/Router/RouteCollection.php(799): CodeIgniter\Router\RouteCollection::{closure}(Object(CodeIgniter\Router\RouteCollection))
 4 APPPATH/Config/Routes.php(144): CodeIgniter\Router\RouteCollection->group('gimnasio', [...], Object(Closure))
 5 SYSTEMPATH/Router/RouteCollection.php(339): require('/Applications/ServBay/www/trackbitos/app/Config/Routes.php')
 6 SYSTEMPATH/CodeIgniter.php(821): CodeIgniter\Router\RouteCollection->loadRoutes()
 7 SYSTEMPATH/CodeIgniter.php(455): CodeIgniter\CodeIgniter->tryToRouteIt(null)
 8 SYSTEMPATH/CodeIgniter.php(354): CodeIgniter\CodeIgniter->handleRequest(null, Object(Config\Cache), false)
 9 SYSTEMPATH/Boot.php(363): CodeIgniter\CodeIgniter->run()
10 SYSTEMPATH/Boot.php(68): CodeIgniter\Boot::runCodeIgniter(Object(CodeIgniter\CodeIgniter))
11 FCPATH/index.php(59): CodeIgniter\Boot::bootWeb(Object(Config\Paths))
WARNING - 2025-09-05 06:16:48 --> [DEPRECATED] Passing lowercase HTTP method "get" is deprecated. Use uppercase HTTP method like "GET". in SYSTEMPATH/Router/RouteCollection.php on line 1026.
 1 SYSTEMPATH/Router/RouteCollection.php(1026): trigger_error('Passing lowercase HTTP method "get" is deprecated. Use uppercase HTTP method like "GET".', 16384)
 2 APPPATH/Config/Routes.php(150): CodeIgniter\Router\RouteCollection->match([...], 'mesociclos/(:num)/asignar/(:num)', 'GimnasioMesociclos::asignar/$1/$2')
 3 SYSTEMPATH/Router/RouteCollection.php(799): CodeIgniter\Router\RouteCollection::{closure}(Object(CodeIgniter\Router\RouteCollection))
 4 APPPATH/Config/Routes.php(144): CodeIgniter\Router\RouteCollection->group('gimnasio', [...], Object(Closure))
 5 SYSTEMPATH/Router/RouteCollection.php(339): require('/Applications/ServBay/www/trackbitos/app/Config/Routes.php')
 6 SYSTEMPATH/CodeIgniter.php(821): CodeIgniter\Router\RouteCollection->loadRoutes()
 7 SYSTEMPATH/CodeIgniter.php(455): CodeIgniter\CodeIgniter->tryToRouteIt(null)
 8 SYSTEMPATH/CodeIgniter.php(354): CodeIgniter\CodeIgniter->handleRequest(null, Object(Config\Cache), false)
 9 SYSTEMPATH/Boot.php(363): CodeIgniter\CodeIgniter->run()
10 SYSTEMPATH/Boot.php(68): CodeIgniter\Boot::runCodeIgniter(Object(CodeIgniter\CodeIgniter))
11 FCPATH/index.php(59): CodeIgniter\Boot::bootWeb(Object(Config\Paths))
WARNING - 2025-09-05 06:16:48 --> [DEPRECATED] Passing lowercase HTTP method "post" is deprecated. Use uppercase HTTP method like "POST". in SYSTEMPATH/Router/RouteCollection.php on line 1026.
 1 SYSTEMPATH/Router/RouteCollection.php(1026): trigger_error('Passing lowercase HTTP method "post" is deprecated. Use uppercase HTTP method like "POST".', 16384)
 2 APPPATH/Config/Routes.php(150): CodeIgniter\Router\RouteCollection->match([...], 'mesociclos/(:num)/asignar/(:num)', 'GimnasioMesociclos::asignar/$1/$2')
 3 SYSTEMPATH/Router/RouteCollection.php(799): CodeIgniter\Router\RouteCollection::{closure}(Object(CodeIgniter\Router\RouteCollection))
 4 APPPATH/Config/Routes.php(144): CodeIgniter\Router\RouteCollection->group('gimnasio', [...], Object(Closure))
 5 SYSTEMPATH/Router/RouteCollection.php(339): require('/Applications/ServBay/www/trackbitos/app/Config/Routes.php')
 6 SYSTEMPATH/CodeIgniter.php(821): CodeIgniter\Router\RouteCollection->loadRoutes()
 7 SYSTEMPATH/CodeIgniter.php(455): CodeIgniter\CodeIgniter->tryToRouteIt(null)
 8 SYSTEMPATH/CodeIgniter.php(354): CodeIgniter\CodeIgniter->handleRequest(null, Object(Config\Cache), false)
 9 SYSTEMPATH/Boot.php(363): CodeIgniter\CodeIgniter->run()
10 SYSTEMPATH/Boot.php(68): CodeIgniter\Boot::runCodeIgniter(Object(CodeIgniter\CodeIgniter))
11 FCPATH/index.php(59): CodeIgniter\Boot::bootWeb(Object(Config\Paths))
WARNING - 2025-09-05 06:16:48 --> [DEPRECATED] Passing lowercase HTTP method "get" is deprecated. Use uppercase HTTP method like "GET". in SYSTEMPATH/Router/RouteCollection.php on line 1026.
 1 SYSTEMPATH/Router/RouteCollection.php(1026): trigger_error('Passing lowercase HTTP method "get" is deprecated. Use uppercase HTTP method like "GET".', 16384)
 2 APPPATH/Config/Routes.php(153): CodeIgniter\Router\RouteCollection->match([...], 'mesociclos/(:num)/generar', 'GimnasioMesociclos::generar/$1')
 3 SYSTEMPATH/Router/RouteCollection.php(799): CodeIgniter\Router\RouteCollection::{closure}(Object(CodeIgniter\Router\RouteCollection))
 4 APPPATH/Config/Routes.php(144): CodeIgniter\Router\RouteCollection->group('gimnasio', [...], Object(Closure))
 5 SYSTEMPATH/Router/RouteCollection.php(339): require('/Applications/ServBay/www/trackbitos/app/Config/Routes.php')
 6 SYSTEMPATH/CodeIgniter.php(821): CodeIgniter\Router\RouteCollection->loadRoutes()
 7 SYSTEMPATH/CodeIgniter.php(455): CodeIgniter\CodeIgniter->tryToRouteIt(null)
 8 SYSTEMPATH/CodeIgniter.php(354): CodeIgniter\CodeIgniter->handleRequest(null, Object(Config\Cache), false)
 9 SYSTEMPATH/Boot.php(363): CodeIgniter\CodeIgniter->run()
10 SYSTEMPATH/Boot.php(68): CodeIgniter\Boot::runCodeIgniter(Object(CodeIgniter\CodeIgniter))
11 FCPATH/index.php(59): CodeIgniter\Boot::bootWeb(Object(Config\Paths))
WARNING - 2025-09-05 06:16:48 --> [DEPRECATED] Passing lowercase HTTP method "post" is deprecated. Use uppercase HTTP method like "POST". in SYSTEMPATH/Router/RouteCollection.php on line 1026.
 1 SYSTEMPATH/Router/RouteCollection.php(1026): trigger_error('Passing lowercase HTTP method "post" is deprecated. Use uppercase HTTP method like "POST".', 16384)
 2 APPPATH/Config/Routes.php(153): CodeIgniter\Router\RouteCollection->match([...], 'mesociclos/(:num)/generar', 'GimnasioMesociclos::generar/$1')
 3 SYSTEMPATH/Router/RouteCollection.php(799): CodeIgniter\Router\RouteCollection::{closure}(Object(CodeIgniter\Router\RouteCollection))
 4 APPPATH/Config/Routes.php(144): CodeIgniter\Router\RouteCollection->group('gimnasio', [...], Object(Closure))
 5 SYSTEMPATH/Router/RouteCollection.php(339): require('/Applications/ServBay/www/trackbitos/app/Config/Routes.php')
 6 SYSTEMPATH/CodeIgniter.php(821): CodeIgniter\Router\RouteCollection->loadRoutes()
 7 SYSTEMPATH/CodeIgniter.php(455): CodeIgniter\CodeIgniter->tryToRouteIt(null)
 8 SYSTEMPATH/CodeIgniter.php(354): CodeIgniter\CodeIgniter->handleRequest(null, Object(Config\Cache), false)
 9 SYSTEMPATH/Boot.php(363): CodeIgniter\CodeIgniter->run()
10 SYSTEMPATH/Boot.php(68): CodeIgniter\Boot::runCodeIgniter(Object(CodeIgniter\CodeIgniter))
11 FCPATH/index.php(59): CodeIgniter\Boot::bootWeb(Object(Config\Paths))
WARNING - 2025-09-05 06:16:48 --> [DEPRECATED] Passing lowercase HTTP method "get" is deprecated. Use uppercase HTTP method like "GET". in SYSTEMPATH/Router/RouteCollection.php on line 1026.
 1 SYSTEMPATH/Router/RouteCollection.php(1026): trigger_error('Passing lowercase HTTP method "get" is deprecated. Use uppercase HTTP method like "GET".', 16384)
 2 APPPATH/Config/Routes.php(161): CodeIgniter\Router\RouteCollection->match([...], 'mesociclos/(:num)/generar/bilbo', 'GimnasioMesociclos::generarBilbo/$1')
 3 SYSTEMPATH/Router/RouteCollection.php(799): CodeIgniter\Router\RouteCollection::{closure}(Object(CodeIgniter\Router\RouteCollection))
 4 APPPATH/Config/Routes.php(144): CodeIgniter\Router\RouteCollection->group('gimnasio', [...], Object(Closure))
 5 SYSTEMPATH/Router/RouteCollection.php(339): require('/Applications/ServBay/www/trackbitos/app/Config/Routes.php')
 6 SYSTEMPATH/CodeIgniter.php(821): CodeIgniter\Router\RouteCollection->loadRoutes()
 7 SYSTEMPATH/CodeIgniter.php(455): CodeIgniter\CodeIgniter->tryToRouteIt(null)
 8 SYSTEMPATH/CodeIgniter.php(354): CodeIgniter\CodeIgniter->handleRequest(null, Object(Config\Cache), false)
 9 SYSTEMPATH/Boot.php(363): CodeIgniter\CodeIgniter->run()
10 SYSTEMPATH/Boot.php(68): CodeIgniter\Boot::runCodeIgniter(Object(CodeIgniter\CodeIgniter))
11 FCPATH/index.php(59): CodeIgniter\Boot::bootWeb(Object(Config\Paths))
WARNING - 2025-09-05 06:16:48 --> [DEPRECATED] Passing lowercase HTTP method "post" is deprecated. Use uppercase HTTP method like "POST". in SYSTEMPATH/Router/RouteCollection.php on line 1026.
 1 SYSTEMPATH/Router/RouteCollection.php(1026): trigger_error('Passing lowercase HTTP method "post" is deprecated. Use uppercase HTTP method like "POST".', 16384)
 2 APPPATH/Config/Routes.php(161): CodeIgniter\Router\RouteCollection->match([...], 'mesociclos/(:num)/generar/bilbo', 'GimnasioMesociclos::generarBilbo/$1')
 3 SYSTEMPATH/Router/RouteCollection.php(799): CodeIgniter\Router\RouteCollection::{closure}(Object(CodeIgniter\Router\RouteCollection))
 4 APPPATH/Config/Routes.php(144): CodeIgniter\Router\RouteCollection->group('gimnasio', [...], Object(Closure))
 5 SYSTEMPATH/Router/RouteCollection.php(339): require('/Applications/ServBay/www/trackbitos/app/Config/Routes.php')
 6 SYSTEMPATH/CodeIgniter.php(821): CodeIgniter\Router\RouteCollection->loadRoutes()
 7 SYSTEMPATH/CodeIgniter.php(455): CodeIgniter\CodeIgniter->tryToRouteIt(null)
 8 SYSTEMPATH/CodeIgniter.php(354): CodeIgniter\CodeIgniter->handleRequest(null, Object(Config\Cache), false)
 9 SYSTEMPATH/Boot.php(363): CodeIgniter\CodeIgniter->run()
10 SYSTEMPATH/Boot.php(68): CodeIgniter\Boot::runCodeIgniter(Object(CodeIgniter\CodeIgniter))
11 FCPATH/index.php(59): CodeIgniter\Boot::bootWeb(Object(Config\Paths))
WARNING - 2025-09-05 06:16:48 --> [DEPRECATED] Passing lowercase HTTP method "get" is deprecated. Use uppercase HTTP method like "GET". in SYSTEMPATH/Router/RouteCollection.php on line 1026.
 1 SYSTEMPATH/Router/RouteCollection.php(1026): trigger_error('Passing lowercase HTTP method "get" is deprecated. Use uppercase HTTP method like "GET".', 16384)
 2 APPPATH/Config/Routes.php(261): CodeIgniter\Router\RouteCollection->match([...], 'crear', 'Youtube::crearLista')
 3 SYSTEMPATH/Router/RouteCollection.php(799): CodeIgniter\Router\RouteCollection::{closure}(Object(CodeIgniter\Router\RouteCollection))
 4 APPPATH/Config/Routes.php(259): CodeIgniter\Router\RouteCollection->group('youtube', [...], Object(Closure))
 5 SYSTEMPATH/Router/RouteCollection.php(339): require('/Applications/ServBay/www/trackbitos/app/Config/Routes.php')
 6 SYSTEMPATH/CodeIgniter.php(821): CodeIgniter\Router\RouteCollection->loadRoutes()
 7 SYSTEMPATH/CodeIgniter.php(455): CodeIgniter\CodeIgniter->tryToRouteIt(null)
 8 SYSTEMPATH/CodeIgniter.php(354): CodeIgniter\CodeIgniter->handleRequest(null, Object(Config\Cache), false)
 9 SYSTEMPATH/Boot.php(363): CodeIgniter\CodeIgniter->run()
10 SYSTEMPATH/Boot.php(68): CodeIgniter\Boot::runCodeIgniter(Object(CodeIgniter\CodeIgniter))
11 FCPATH/index.php(59): CodeIgniter\Boot::bootWeb(Object(Config\Paths))
WARNING - 2025-09-05 06:16:48 --> [DEPRECATED] Passing lowercase HTTP method "post" is deprecated. Use uppercase HTTP method like "POST". in SYSTEMPATH/Router/RouteCollection.php on line 1026.
 1 SYSTEMPATH/Router/RouteCollection.php(1026): trigger_error('Passing lowercase HTTP method "post" is deprecated. Use uppercase HTTP method like "POST".', 16384)
 2 APPPATH/Config/Routes.php(261): CodeIgniter\Router\RouteCollection->match([...], 'crear', 'Youtube::crearLista')
 3 SYSTEMPATH/Router/RouteCollection.php(799): CodeIgniter\Router\RouteCollection::{closure}(Object(CodeIgniter\Router\RouteCollection))
 4 APPPATH/Config/Routes.php(259): CodeIgniter\Router\RouteCollection->group('youtube', [...], Object(Closure))
 5 SYSTEMPATH/Router/RouteCollection.php(339): require('/Applications/ServBay/www/trackbitos/app/Config/Routes.php')
 6 SYSTEMPATH/CodeIgniter.php(821): CodeIgniter\Router\RouteCollection->loadRoutes()
 7 SYSTEMPATH/CodeIgniter.php(455): CodeIgniter\CodeIgniter->tryToRouteIt(null)
 8 SYSTEMPATH/CodeIgniter.php(354): CodeIgniter\CodeIgniter->handleRequest(null, Object(Config\Cache), false)
 9 SYSTEMPATH/Boot.php(363): CodeIgniter\CodeIgniter->run()
10 SYSTEMPATH/Boot.php(68): CodeIgniter\Boot::runCodeIgniter(Object(CodeIgniter\CodeIgniter))
11 FCPATH/index.php(59): CodeIgniter\Boot::bootWeb(Object(Config\Paths))
DEBUG - 2025-09-05 06:16:48 --> Session: Class initialized using 'CodeIgniter\Session\Handlers\FileHandler' driver.
WARNING - 2025-09-05 06:16:49 --> [DEPRECATED] Passing lowercase HTTP method "get" is deprecated. Use uppercase HTTP method like "GET". in SYSTEMPATH/Router/RouteCollection.php on line 1026.
 1 SYSTEMPATH/Router/RouteCollection.php(1026): trigger_error('Passing lowercase HTTP method "get" is deprecated. Use uppercase HTTP method like "GET".', 16384)
 2 APPPATH/Config/Routes.php(146): CodeIgniter\Router\RouteCollection->match([...], 'mesociclos/nuevo', 'GimnasioMesociclos::nuevo')
 3 SYSTEMPATH/Router/RouteCollection.php(799): CodeIgniter\Router\RouteCollection::{closure}(Object(CodeIgniter\Router\RouteCollection))
 4 APPPATH/Config/Routes.php(144): CodeIgniter\Router\RouteCollection->group('gimnasio', [...], Object(Closure))
 5 SYSTEMPATH/Router/RouteCollection.php(339): require('/Applications/ServBay/www/trackbitos/app/Config/Routes.php')
 6 SYSTEMPATH/CodeIgniter.php(821): CodeIgniter\Router\RouteCollection->loadRoutes()
 7 SYSTEMPATH/CodeIgniter.php(455): CodeIgniter\CodeIgniter->tryToRouteIt(null)
 8 SYSTEMPATH/CodeIgniter.php(354): CodeIgniter\CodeIgniter->handleRequest(null, Object(Config\Cache), false)
 9 SYSTEMPATH/Boot.php(363): CodeIgniter\CodeIgniter->run()
10 SYSTEMPATH/Boot.php(68): CodeIgniter\Boot::runCodeIgniter(Object(CodeIgniter\CodeIgniter))
11 FCPATH/index.php(59): CodeIgniter\Boot::bootWeb(Object(Config\Paths))
WARNING - 2025-09-05 06:16:49 --> [DEPRECATED] Passing lowercase HTTP method "post" is deprecated. Use uppercase HTTP method like "POST". in SYSTEMPATH/Router/RouteCollection.php on line 1026.
 1 SYSTEMPATH/Router/RouteCollection.php(1026): trigger_error('Passing lowercase HTTP method "post" is deprecated. Use uppercase HTTP method like "POST".', 16384)
 2 APPPATH/Config/Routes.php(146): CodeIgniter\Router\RouteCollection->match([...], 'mesociclos/nuevo', 'GimnasioMesociclos::nuevo')
 3 SYSTEMPATH/Router/RouteCollection.php(799): CodeIgniter\Router\RouteCollection::{closure}(Object(CodeIgniter\Router\RouteCollection))
 4 APPPATH/Config/Routes.php(144): CodeIgniter\Router\RouteCollection->group('gimnasio', [...], Object(Closure))
 5 SYSTEMPATH/Router/RouteCollection.php(339): require('/Applications/ServBay/www/trackbitos/app/Config/Routes.php')
 6 SYSTEMPATH/CodeIgniter.php(821): CodeIgniter\Router\RouteCollection->loadRoutes()
 7 SYSTEMPATH/CodeIgniter.php(455): CodeIgniter\CodeIgniter->tryToRouteIt(null)
 8 SYSTEMPATH/CodeIgniter.php(354): CodeIgniter\CodeIgniter->handleRequest(null, Object(Config\Cache), false)
 9 SYSTEMPATH/Boot.php(363): CodeIgniter\CodeIgniter->run()
10 SYSTEMPATH/Boot.php(68): CodeIgniter\Boot::runCodeIgniter(Object(CodeIgniter\CodeIgniter))
11 FCPATH/index.php(59): CodeIgniter\Boot::bootWeb(Object(Config\Paths))
WARNING - 2025-09-05 06:16:49 --> [DEPRECATED] Passing lowercase HTTP method "get" is deprecated. Use uppercase HTTP method like "GET". in SYSTEMPATH/Router/RouteCollection.php on line 1026.
 1 SYSTEMPATH/Router/RouteCollection.php(1026): trigger_error('Passing lowercase HTTP method "get" is deprecated. Use uppercase HTTP method like "GET".', 16384)
 2 APPPATH/Config/Routes.php(148): CodeIgniter\Router\RouteCollection->match([...], 'mesociclos/(:num)/bloque/nuevo', 'GimnasioMesociclos::bloqueNuevo/$1')
 3 SYSTEMPATH/Router/RouteCollection.php(799): CodeIgniter\Router\RouteCollection::{closure}(Object(CodeIgniter\Router\RouteCollection))
 4 APPPATH/Config/Routes.php(144): CodeIgniter\Router\RouteCollection->group('gimnasio', [...], Object(Closure))
 5 SYSTEMPATH/Router/RouteCollection.php(339): require('/Applications/ServBay/www/trackbitos/app/Config/Routes.php')
 6 SYSTEMPATH/CodeIgniter.php(821): CodeIgniter\Router\RouteCollection->loadRoutes()
 7 SYSTEMPATH/CodeIgniter.php(455): CodeIgniter\CodeIgniter->tryToRouteIt(null)
 8 SYSTEMPATH/CodeIgniter.php(354): CodeIgniter\CodeIgniter->handleRequest(null, Object(Config\Cache), false)
 9 SYSTEMPATH/Boot.php(363): CodeIgniter\CodeIgniter->run()
10 SYSTEMPATH/Boot.php(68): CodeIgniter\Boot::runCodeIgniter(Object(CodeIgniter\CodeIgniter))
11 FCPATH/index.php(59): CodeIgniter\Boot::bootWeb(Object(Config\Paths))
WARNING - 2025-09-05 06:16:49 --> [DEPRECATED] Passing lowercase HTTP method "post" is deprecated. Use uppercase HTTP method like "POST". in SYSTEMPATH/Router/RouteCollection.php on line 1026.
 1 SYSTEMPATH/Router/RouteCollection.php(1026): trigger_error('Passing lowercase HTTP method "post" is deprecated. Use uppercase HTTP method like "POST".', 16384)
 2 APPPATH/Config/Routes.php(148): CodeIgniter\Router\RouteCollection->match([...], 'mesociclos/(:num)/bloque/nuevo', 'GimnasioMesociclos::bloqueNuevo/$1')
 3 SYSTEMPATH/Router/RouteCollection.php(799): CodeIgniter\Router\RouteCollection::{closure}(Object(CodeIgniter\Router\RouteCollection))
 4 APPPATH/Config/Routes.php(144): CodeIgniter\Router\RouteCollection->group('gimnasio', [...], Object(Closure))
 5 SYSTEMPATH/Router/RouteCollection.php(339): require('/Applications/ServBay/www/trackbitos/app/Config/Routes.php')
 6 SYSTEMPATH/CodeIgniter.php(821): CodeIgniter\Router\RouteCollection->loadRoutes()
 7 SYSTEMPATH/CodeIgniter.php(455): CodeIgniter\CodeIgniter->tryToRouteIt(null)
 8 SYSTEMPATH/CodeIgniter.php(354): CodeIgniter\CodeIgniter->handleRequest(null, Object(Config\Cache), false)
 9 SYSTEMPATH/Boot.php(363): CodeIgniter\CodeIgniter->run()
10 SYSTEMPATH/Boot.php(68): CodeIgniter\Boot::runCodeIgniter(Object(CodeIgniter\CodeIgniter))
11 FCPATH/index.php(59): CodeIgniter\Boot::bootWeb(Object(Config\Paths))
WARNING - 2025-09-05 06:16:49 --> [DEPRECATED] Passing lowercase HTTP method "get" is deprecated. Use uppercase HTTP method like "GET". in SYSTEMPATH/Router/RouteCollection.php on line 1026.
 1 SYSTEMPATH/Router/RouteCollection.php(1026): trigger_error('Passing lowercase HTTP method "get" is deprecated. Use uppercase HTTP method like "GET".', 16384)
 2 APPPATH/Config/Routes.php(150): CodeIgniter\Router\RouteCollection->match([...], 'mesociclos/(:num)/asignar/(:num)', 'GimnasioMesociclos::asignar/$1/$2')
 3 SYSTEMPATH/Router/RouteCollection.php(799): CodeIgniter\Router\RouteCollection::{closure}(Object(CodeIgniter\Router\RouteCollection))
 4 APPPATH/Config/Routes.php(144): CodeIgniter\Router\RouteCollection->group('gimnasio', [...], Object(Closure))
 5 SYSTEMPATH/Router/RouteCollection.php(339): require('/Applications/ServBay/www/trackbitos/app/Config/Routes.php')
 6 SYSTEMPATH/CodeIgniter.php(821): CodeIgniter\Router\RouteCollection->loadRoutes()
 7 SYSTEMPATH/CodeIgniter.php(455): CodeIgniter\CodeIgniter->tryToRouteIt(null)
 8 SYSTEMPATH/CodeIgniter.php(354): CodeIgniter\CodeIgniter->handleRequest(null, Object(Config\Cache), false)
 9 SYSTEMPATH/Boot.php(363): CodeIgniter\CodeIgniter->run()
10 SYSTEMPATH/Boot.php(68): CodeIgniter\Boot::runCodeIgniter(Object(CodeIgniter\CodeIgniter))
11 FCPATH/index.php(59): CodeIgniter\Boot::bootWeb(Object(Config\Paths))
WARNING - 2025-09-05 06:16:49 --> [DEPRECATED] Passing lowercase HTTP method "post" is deprecated. Use uppercase HTTP method like "POST". in SYSTEMPATH/Router/RouteCollection.php on line 1026.
 1 SYSTEMPATH/Router/RouteCollection.php(1026): trigger_error('Passing lowercase HTTP method "post" is deprecated. Use uppercase HTTP method like "POST".', 16384)
 2 APPPATH/Config/Routes.php(150): CodeIgniter\Router\RouteCollection->match([...], 'mesociclos/(:num)/asignar/(:num)', 'GimnasioMesociclos::asignar/$1/$2')
 3 SYSTEMPATH/Router/RouteCollection.php(799): CodeIgniter\Router\RouteCollection::{closure}(Object(CodeIgniter\Router\RouteCollection))
 4 APPPATH/Config/Routes.php(144): CodeIgniter\Router\RouteCollection->group('gimnasio', [...], Object(Closure))
 5 SYSTEMPATH/Router/RouteCollection.php(339): require('/Applications/ServBay/www/trackbitos/app/Config/Routes.php')
 6 SYSTEMPATH/CodeIgniter.php(821): CodeIgniter\Router\RouteCollection->loadRoutes()
 7 SYSTEMPATH/CodeIgniter.php(455): CodeIgniter\CodeIgniter->tryToRouteIt(null)
 8 SYSTEMPATH/CodeIgniter.php(354): CodeIgniter\CodeIgniter->handleRequest(null, Object(Config\Cache), false)
 9 SYSTEMPATH/Boot.php(363): CodeIgniter\CodeIgniter->run()
10 SYSTEMPATH/Boot.php(68): CodeIgniter\Boot::runCodeIgniter(Object(CodeIgniter\CodeIgniter))
11 FCPATH/index.php(59): CodeIgniter\Boot::bootWeb(Object(Config\Paths))
WARNING - 2025-09-05 06:16:49 --> [DEPRECATED] Passing lowercase HTTP method "get" is deprecated. Use uppercase HTTP method like "GET". in SYSTEMPATH/Router/RouteCollection.php on line 1026.
 1 SYSTEMPATH/Router/RouteCollection.php(1026): trigger_error('Passing lowercase HTTP method "get" is deprecated. Use uppercase HTTP method like "GET".', 16384)
 2 APPPATH/Config/Routes.php(153): CodeIgniter\Router\RouteCollection->match([...], 'mesociclos/(:num)/generar', 'GimnasioMesociclos::generar/$1')
 3 SYSTEMPATH/Router/RouteCollection.php(799): CodeIgniter\Router\RouteCollection::{closure}(Object(CodeIgniter\Router\RouteCollection))
 4 APPPATH/Config/Routes.php(144): CodeIgniter\Router\RouteCollection->group('gimnasio', [...], Object(Closure))
 5 SYSTEMPATH/Router/RouteCollection.php(339): require('/Applications/ServBay/www/trackbitos/app/Config/Routes.php')
 6 SYSTEMPATH/CodeIgniter.php(821): CodeIgniter\Router\RouteCollection->loadRoutes()
 7 SYSTEMPATH/CodeIgniter.php(455): CodeIgniter\CodeIgniter->tryToRouteIt(null)
 8 SYSTEMPATH/CodeIgniter.php(354): CodeIgniter\CodeIgniter->handleRequest(null, Object(Config\Cache), false)
 9 SYSTEMPATH/Boot.php(363): CodeIgniter\CodeIgniter->run()
10 SYSTEMPATH/Boot.php(68): CodeIgniter\Boot::runCodeIgniter(Object(CodeIgniter\CodeIgniter))
11 FCPATH/index.php(59): CodeIgniter\Boot::bootWeb(Object(Config\Paths))
WARNING - 2025-09-05 06:16:49 --> [DEPRECATED] Passing lowercase HTTP method "post" is deprecated. Use uppercase HTTP method like "POST". in SYSTEMPATH/Router/RouteCollection.php on line 1026.
 1 SYSTEMPATH/Router/RouteCollection.php(1026): trigger_error('Passing lowercase HTTP method "post" is deprecated. Use uppercase HTTP method like "POST".', 16384)
 2 APPPATH/Config/Routes.php(153): CodeIgniter\Router\RouteCollection->match([...], 'mesociclos/(:num)/generar', 'GimnasioMesociclos::generar/$1')
 3 SYSTEMPATH/Router/RouteCollection.php(799): CodeIgniter\Router\RouteCollection::{closure}(Object(CodeIgniter\Router\RouteCollection))
 4 APPPATH/Config/Routes.php(144): CodeIgniter\Router\RouteCollection->group('gimnasio', [...], Object(Closure))
 5 SYSTEMPATH/Router/RouteCollection.php(339): require('/Applications/ServBay/www/trackbitos/app/Config/Routes.php')
 6 SYSTEMPATH/CodeIgniter.php(821): CodeIgniter\Router\RouteCollection->loadRoutes()
 7 SYSTEMPATH/CodeIgniter.php(455): CodeIgniter\CodeIgniter->tryToRouteIt(null)
 8 SYSTEMPATH/CodeIgniter.php(354): CodeIgniter\CodeIgniter->handleRequest(null, Object(Config\Cache), false)
 9 SYSTEMPATH/Boot.php(363): CodeIgniter\CodeIgniter->run()
10 SYSTEMPATH/Boot.php(68): CodeIgniter\Boot::runCodeIgniter(Object(CodeIgniter\CodeIgniter))
11 FCPATH/index.php(59): CodeIgniter\Boot::bootWeb(Object(Config\Paths))
WARNING - 2025-09-05 06:16:49 --> [DEPRECATED] Passing lowercase HTTP method "get" is deprecated. Use uppercase HTTP method like "GET". in SYSTEMPATH/Router/RouteCollection.php on line 1026.
 1 SYSTEMPATH/Router/RouteCollection.php(1026): trigger_error('Passing lowercase HTTP method "get" is deprecated. Use uppercase HTTP method like "GET".', 16384)
 2 APPPATH/Config/Routes.php(161): CodeIgniter\Router\RouteCollection->match([...], 'mesociclos/(:num)/generar/bilbo', 'GimnasioMesociclos::generarBilbo/$1')
 3 SYSTEMPATH/Router/RouteCollection.php(799): CodeIgniter\Router\RouteCollection::{closure}(Object(CodeIgniter\Router\RouteCollection))
 4 APPPATH/Config/Routes.php(144): CodeIgniter\Router\RouteCollection->group('gimnasio', [...], Object(Closure))
 5 SYSTEMPATH/Router/RouteCollection.php(339): require('/Applications/ServBay/www/trackbitos/app/Config/Routes.php')
 6 SYSTEMPATH/CodeIgniter.php(821): CodeIgniter\Router\RouteCollection->loadRoutes()
 7 SYSTEMPATH/CodeIgniter.php(455): CodeIgniter\CodeIgniter->tryToRouteIt(null)
 8 SYSTEMPATH/CodeIgniter.php(354): CodeIgniter\CodeIgniter->handleRequest(null, Object(Config\Cache), false)
 9 SYSTEMPATH/Boot.php(363): CodeIgniter\CodeIgniter->run()
10 SYSTEMPATH/Boot.php(68): CodeIgniter\Boot::runCodeIgniter(Object(CodeIgniter\CodeIgniter))
11 FCPATH/index.php(59): CodeIgniter\Boot::bootWeb(Object(Config\Paths))
WARNING - 2025-09-05 06:16:49 --> [DEPRECATED] Passing lowercase HTTP method "post" is deprecated. Use uppercase HTTP method like "POST". in SYSTEMPATH/Router/RouteCollection.php on line 1026.
 1 SYSTEMPATH/Router/RouteCollection.php(1026): trigger_error('Passing lowercase HTTP method "post" is deprecated. Use uppercase HTTP method like "POST".', 16384)
 2 APPPATH/Config/Routes.php(161): CodeIgniter\Router\RouteCollection->match([...], 'mesociclos/(:num)/generar/bilbo', 'GimnasioMesociclos::generarBilbo/$1')
 3 SYSTEMPATH/Router/RouteCollection.php(799): CodeIgniter\Router\RouteCollection::{closure}(Object(CodeIgniter\Router\RouteCollection))
 4 APPPATH/Config/Routes.php(144): CodeIgniter\Router\RouteCollection->group('gimnasio', [...], Object(Closure))
 5 SYSTEMPATH/Router/RouteCollection.php(339): require('/Applications/ServBay/www/trackbitos/app/Config/Routes.php')
 6 SYSTEMPATH/CodeIgniter.php(821): CodeIgniter\Router\RouteCollection->loadRoutes()
 7 SYSTEMPATH/CodeIgniter.php(455): CodeIgniter\CodeIgniter->tryToRouteIt(null)
 8 SYSTEMPATH/CodeIgniter.php(354): CodeIgniter\CodeIgniter->handleRequest(null, Object(Config\Cache), false)
 9 SYSTEMPATH/Boot.php(363): CodeIgniter\CodeIgniter->run()
10 SYSTEMPATH/Boot.php(68): CodeIgniter\Boot::runCodeIgniter(Object(CodeIgniter\CodeIgniter))
11 FCPATH/index.php(59): CodeIgniter\Boot::bootWeb(Object(Config\Paths))
WARNING - 2025-09-05 06:16:49 --> [DEPRECATED] Passing lowercase HTTP method "get" is deprecated. Use uppercase HTTP method like "GET". in SYSTEMPATH/Router/RouteCollection.php on line 1026.
 1 SYSTEMPATH/Router/RouteCollection.php(1026): trigger_error('Passing lowercase HTTP method "get" is deprecated. Use uppercase HTTP method like "GET".', 16384)
 2 APPPATH/Config/Routes.php(261): CodeIgniter\Router\RouteCollection->match([...], 'crear', 'Youtube::crearLista')
 3 SYSTEMPATH/Router/RouteCollection.php(799): CodeIgniter\Router\RouteCollection::{closure}(Object(CodeIgniter\Router\RouteCollection))
 4 APPPATH/Config/Routes.php(259): CodeIgniter\Router\RouteCollection->group('youtube', [...], Object(Closure))
 5 SYSTEMPATH/Router/RouteCollection.php(339): require('/Applications/ServBay/www/trackbitos/app/Config/Routes.php')
 6 SYSTEMPATH/CodeIgniter.php(821): CodeIgniter\Router\RouteCollection->loadRoutes()
 7 SYSTEMPATH/CodeIgniter.php(455): CodeIgniter\CodeIgniter->tryToRouteIt(null)
 8 SYSTEMPATH/CodeIgniter.php(354): CodeIgniter\CodeIgniter->handleRequest(null, Object(Config\Cache), false)
 9 SYSTEMPATH/Boot.php(363): CodeIgniter\CodeIgniter->run()
10 SYSTEMPATH/Boot.php(68): CodeIgniter\Boot::runCodeIgniter(Object(CodeIgniter\CodeIgniter))
11 FCPATH/index.php(59): CodeIgniter\Boot::bootWeb(Object(Config\Paths))
WARNING - 2025-09-05 06:16:49 --> [DEPRECATED] Passing lowercase HTTP method "post" is deprecated. Use uppercase HTTP method like "POST". in SYSTEMPATH/Router/RouteCollection.php on line 1026.
 1 SYSTEMPATH/Router/RouteCollection.php(1026): trigger_error('Passing lowercase HTTP method "post" is deprecated. Use uppercase HTTP method like "POST".', 16384)
 2 APPPATH/Config/Routes.php(261): CodeIgniter\Router\RouteCollection->match([...], 'crear', 'Youtube::crearLista')
 3 SYSTEMPATH/Router/RouteCollection.php(799): CodeIgniter\Router\RouteCollection::{closure}(Object(CodeIgniter\Router\RouteCollection))
 4 APPPATH/Config/Routes.php(259): CodeIgniter\Router\RouteCollection->group('youtube', [...], Object(Closure))
 5 SYSTEMPATH/Router/RouteCollection.php(339): require('/Applications/ServBay/www/trackbitos/app/Config/Routes.php')
 6 SYSTEMPATH/CodeIgniter.php(821): CodeIgniter\Router\RouteCollection->loadRoutes()
 7 SYSTEMPATH/CodeIgniter.php(455): CodeIgniter\CodeIgniter->tryToRouteIt(null)
 8 SYSTEMPATH/CodeIgniter.php(354): CodeIgniter\CodeIgniter->handleRequest(null, Object(Config\Cache), false)
 9 SYSTEMPATH/Boot.php(363): CodeIgniter\CodeIgniter->run()
10 SYSTEMPATH/Boot.php(68): CodeIgniter\Boot::runCodeIgniter(Object(CodeIgniter\CodeIgniter))
11 FCPATH/index.php(59): CodeIgniter\Boot::bootWeb(Object(Config\Paths))
DEBUG - 2025-09-05 06:16:49 --> Session: Class initialized using 'CodeIgniter\Session\Handlers\FileHandler' driver.
WARNING - 2025-09-05 06:16:50 --> [DEPRECATED] Passing lowercase HTTP method "get" is deprecated. Use uppercase HTTP method like "GET". in SYSTEMPATH/Router/RouteCollection.php on line 1026.
 1 SYSTEMPATH/Router/RouteCollection.php(1026): trigger_error('Passing lowercase HTTP method "get" is deprecated. Use uppercase HTTP method like "GET".', 16384)
 2 APPPATH/Config/Routes.php(146): CodeIgniter\Router\RouteCollection->match([...], 'mesociclos/nuevo', 'GimnasioMesociclos::nuevo')
 3 SYSTEMPATH/Router/RouteCollection.php(799): CodeIgniter\Router\RouteCollection::{closure}(Object(CodeIgniter\Router\RouteCollection))
 4 APPPATH/Config/Routes.php(144): CodeIgniter\Router\RouteCollection->group('gimnasio', [...], Object(Closure))
 5 SYSTEMPATH/Router/RouteCollection.php(339): require('/Applications/ServBay/www/trackbitos/app/Config/Routes.php')
 6 SYSTEMPATH/CodeIgniter.php(821): CodeIgniter\Router\RouteCollection->loadRoutes()
 7 SYSTEMPATH/CodeIgniter.php(455): CodeIgniter\CodeIgniter->tryToRouteIt(null)
 8 SYSTEMPATH/CodeIgniter.php(354): CodeIgniter\CodeIgniter->handleRequest(null, Object(Config\Cache), false)
 9 SYSTEMPATH/Boot.php(363): CodeIgniter\CodeIgniter->run()
10 SYSTEMPATH/Boot.php(68): CodeIgniter\Boot::runCodeIgniter(Object(CodeIgniter\CodeIgniter))
11 FCPATH/index.php(59): CodeIgniter\Boot::bootWeb(Object(Config\Paths))
WARNING - 2025-09-05 06:16:50 --> [DEPRECATED] Passing lowercase HTTP method "post" is deprecated. Use uppercase HTTP method like "POST". in SYSTEMPATH/Router/RouteCollection.php on line 1026.
 1 SYSTEMPATH/Router/RouteCollection.php(1026): trigger_error('Passing lowercase HTTP method "post" is deprecated. Use uppercase HTTP method like "POST".', 16384)
 2 APPPATH/Config/Routes.php(146): CodeIgniter\Router\RouteCollection->match([...], 'mesociclos/nuevo', 'GimnasioMesociclos::nuevo')
 3 SYSTEMPATH/Router/RouteCollection.php(799): CodeIgniter\Router\RouteCollection::{closure}(Object(CodeIgniter\Router\RouteCollection))
 4 APPPATH/Config/Routes.php(144): CodeIgniter\Router\RouteCollection->group('gimnasio', [...], Object(Closure))
 5 SYSTEMPATH/Router/RouteCollection.php(339): require('/Applications/ServBay/www/trackbitos/app/Config/Routes.php')
 6 SYSTEMPATH/CodeIgniter.php(821): CodeIgniter\Router\RouteCollection->loadRoutes()
 7 SYSTEMPATH/CodeIgniter.php(455): CodeIgniter\CodeIgniter->tryToRouteIt(null)
 8 SYSTEMPATH/CodeIgniter.php(354): CodeIgniter\CodeIgniter->handleRequest(null, Object(Config\Cache), false)
 9 SYSTEMPATH/Boot.php(363): CodeIgniter\CodeIgniter->run()
10 SYSTEMPATH/Boot.php(68): CodeIgniter\Boot::runCodeIgniter(Object(CodeIgniter\CodeIgniter))
11 FCPATH/index.php(59): CodeIgniter\Boot::bootWeb(Object(Config\Paths))
WARNING - 2025-09-05 06:16:50 --> [DEPRECATED] Passing lowercase HTTP method "get" is deprecated. Use uppercase HTTP method like "GET". in SYSTEMPATH/Router/RouteCollection.php on line 1026.
 1 SYSTEMPATH/Router/RouteCollection.php(1026): trigger_error('Passing lowercase HTTP method "get" is deprecated. Use uppercase HTTP method like "GET".', 16384)
 2 APPPATH/Config/Routes.php(148): CodeIgniter\Router\RouteCollection->match([...], 'mesociclos/(:num)/bloque/nuevo', 'GimnasioMesociclos::bloqueNuevo/$1')
 3 SYSTEMPATH/Router/RouteCollection.php(799): CodeIgniter\Router\RouteCollection::{closure}(Object(CodeIgniter\Router\RouteCollection))
 4 APPPATH/Config/Routes.php(144): CodeIgniter\Router\RouteCollection->group('gimnasio', [...], Object(Closure))
 5 SYSTEMPATH/Router/RouteCollection.php(339): require('/Applications/ServBay/www/trackbitos/app/Config/Routes.php')
 6 SYSTEMPATH/CodeIgniter.php(821): CodeIgniter\Router\RouteCollection->loadRoutes()
 7 SYSTEMPATH/CodeIgniter.php(455): CodeIgniter\CodeIgniter->tryToRouteIt(null)
 8 SYSTEMPATH/CodeIgniter.php(354): CodeIgniter\CodeIgniter->handleRequest(null, Object(Config\Cache), false)
 9 SYSTEMPATH/Boot.php(363): CodeIgniter\CodeIgniter->run()
10 SYSTEMPATH/Boot.php(68): CodeIgniter\Boot::runCodeIgniter(Object(CodeIgniter\CodeIgniter))
11 FCPATH/index.php(59): CodeIgniter\Boot::bootWeb(Object(Config\Paths))
WARNING - 2025-09-05 06:16:50 --> [DEPRECATED] Passing lowercase HTTP method "post" is deprecated. Use uppercase HTTP method like "POST". in SYSTEMPATH/Router/RouteCollection.php on line 1026.
 1 SYSTEMPATH/Router/RouteCollection.php(1026): trigger_error('Passing lowercase HTTP method "post" is deprecated. Use uppercase HTTP method like "POST".', 16384)
 2 APPPATH/Config/Routes.php(148): CodeIgniter\Router\RouteCollection->match([...], 'mesociclos/(:num)/bloque/nuevo', 'GimnasioMesociclos::bloqueNuevo/$1')
 3 SYSTEMPATH/Router/RouteCollection.php(799): CodeIgniter\Router\RouteCollection::{closure}(Object(CodeIgniter\Router\RouteCollection))
 4 APPPATH/Config/Routes.php(144): CodeIgniter\Router\RouteCollection->group('gimnasio', [...], Object(Closure))
 5 SYSTEMPATH/Router/RouteCollection.php(339): require('/Applications/ServBay/www/trackbitos/app/Config/Routes.php')
 6 SYSTEMPATH/CodeIgniter.php(821): CodeIgniter\Router\RouteCollection->loadRoutes()
 7 SYSTEMPATH/CodeIgniter.php(455): CodeIgniter\CodeIgniter->tryToRouteIt(null)
 8 SYSTEMPATH/CodeIgniter.php(354): CodeIgniter\CodeIgniter->handleRequest(null, Object(Config\Cache), false)
 9 SYSTEMPATH/Boot.php(363): CodeIgniter\CodeIgniter->run()
10 SYSTEMPATH/Boot.php(68): CodeIgniter\Boot::runCodeIgniter(Object(CodeIgniter\CodeIgniter))
11 FCPATH/index.php(59): CodeIgniter\Boot::bootWeb(Object(Config\Paths))
WARNING - 2025-09-05 06:16:50 --> [DEPRECATED] Passing lowercase HTTP method "get" is deprecated. Use uppercase HTTP method like "GET". in SYSTEMPATH/Router/RouteCollection.php on line 1026.
 1 SYSTEMPATH/Router/RouteCollection.php(1026): trigger_error('Passing lowercase HTTP method "get" is deprecated. Use uppercase HTTP method like "GET".', 16384)
 2 APPPATH/Config/Routes.php(150): CodeIgniter\Router\RouteCollection->match([...], 'mesociclos/(:num)/asignar/(:num)', 'GimnasioMesociclos::asignar/$1/$2')
 3 SYSTEMPATH/Router/RouteCollection.php(799): CodeIgniter\Router\RouteCollection::{closure}(Object(CodeIgniter\Router\RouteCollection))
 4 APPPATH/Config/Routes.php(144): CodeIgniter\Router\RouteCollection->group('gimnasio', [...], Object(Closure))
 5 SYSTEMPATH/Router/RouteCollection.php(339): require('/Applications/ServBay/www/trackbitos/app/Config/Routes.php')
 6 SYSTEMPATH/CodeIgniter.php(821): CodeIgniter\Router\RouteCollection->loadRoutes()
 7 SYSTEMPATH/CodeIgniter.php(455): CodeIgniter\CodeIgniter->tryToRouteIt(null)
 8 SYSTEMPATH/CodeIgniter.php(354): CodeIgniter\CodeIgniter->handleRequest(null, Object(Config\Cache), false)
 9 SYSTEMPATH/Boot.php(363): CodeIgniter\CodeIgniter->run()
10 SYSTEMPATH/Boot.php(68): CodeIgniter\Boot::runCodeIgniter(Object(CodeIgniter\CodeIgniter))
11 FCPATH/index.php(59): CodeIgniter\Boot::bootWeb(Object(Config\Paths))
WARNING - 2025-09-05 06:16:50 --> [DEPRECATED] Passing lowercase HTTP method "post" is deprecated. Use uppercase HTTP method like "POST". in SYSTEMPATH/Router/RouteCollection.php on line 1026.
 1 SYSTEMPATH/Router/RouteCollection.php(1026): trigger_error('Passing lowercase HTTP method "post" is deprecated. Use uppercase HTTP method like "POST".', 16384)
 2 APPPATH/Config/Routes.php(150): CodeIgniter\Router\RouteCollection->match([...], 'mesociclos/(:num)/asignar/(:num)', 'GimnasioMesociclos::asignar/$1/$2')
 3 SYSTEMPATH/Router/RouteCollection.php(799): CodeIgniter\Router\RouteCollection::{closure}(Object(CodeIgniter\Router\RouteCollection))
 4 APPPATH/Config/Routes.php(144): CodeIgniter\Router\RouteCollection->group('gimnasio', [...], Object(Closure))
 5 SYSTEMPATH/Router/RouteCollection.php(339): require('/Applications/ServBay/www/trackbitos/app/Config/Routes.php')
 6 SYSTEMPATH/CodeIgniter.php(821): CodeIgniter\Router\RouteCollection->loadRoutes()
 7 SYSTEMPATH/CodeIgniter.php(455): CodeIgniter\CodeIgniter->tryToRouteIt(null)
 8 SYSTEMPATH/CodeIgniter.php(354): CodeIgniter\CodeIgniter->handleRequest(null, Object(Config\Cache), false)
 9 SYSTEMPATH/Boot.php(363): CodeIgniter\CodeIgniter->run()
10 SYSTEMPATH/Boot.php(68): CodeIgniter\Boot::runCodeIgniter(Object(CodeIgniter\CodeIgniter))
11 FCPATH/index.php(59): CodeIgniter\Boot::bootWeb(Object(Config\Paths))
WARNING - 2025-09-05 06:16:50 --> [DEPRECATED] Passing lowercase HTTP method "get" is deprecated. Use uppercase HTTP method like "GET". in SYSTEMPATH/Router/RouteCollection.php on line 1026.
 1 SYSTEMPATH/Router/RouteCollection.php(1026): trigger_error('Passing lowercase HTTP method "get" is deprecated. Use uppercase HTTP method like "GET".', 16384)
 2 APPPATH/Config/Routes.php(153): CodeIgniter\Router\RouteCollection->match([...], 'mesociclos/(:num)/generar', 'GimnasioMesociclos::generar/$1')
 3 SYSTEMPATH/Router/RouteCollection.php(799): CodeIgniter\Router\RouteCollection::{closure}(Object(CodeIgniter\Router\RouteCollection))
 4 APPPATH/Config/Routes.php(144): CodeIgniter\Router\RouteCollection->group('gimnasio', [...], Object(Closure))
 5 SYSTEMPATH/Router/RouteCollection.php(339): require('/Applications/ServBay/www/trackbitos/app/Config/Routes.php')
 6 SYSTEMPATH/CodeIgniter.php(821): CodeIgniter\Router\RouteCollection->loadRoutes()
 7 SYSTEMPATH/CodeIgniter.php(455): CodeIgniter\CodeIgniter->tryToRouteIt(null)
 8 SYSTEMPATH/CodeIgniter.php(354): CodeIgniter\CodeIgniter->handleRequest(null, Object(Config\Cache), false)
 9 SYSTEMPATH/Boot.php(363): CodeIgniter\CodeIgniter->run()
10 SYSTEMPATH/Boot.php(68): CodeIgniter\Boot::runCodeIgniter(Object(CodeIgniter\CodeIgniter))
11 FCPATH/index.php(59): CodeIgniter\Boot::bootWeb(Object(Config\Paths))
WARNING - 2025-09-05 06:16:50 --> [DEPRECATED] Passing lowercase HTTP method "post" is deprecated. Use uppercase HTTP method like "POST". in SYSTEMPATH/Router/RouteCollection.php on line 1026.
 1 SYSTEMPATH/Router/RouteCollection.php(1026): trigger_error('Passing lowercase HTTP method "post" is deprecated. Use uppercase HTTP method like "POST".', 16384)
 2 APPPATH/Config/Routes.php(153): CodeIgniter\Router\RouteCollection->match([...], 'mesociclos/(:num)/generar', 'GimnasioMesociclos::generar/$1')
 3 SYSTEMPATH/Router/RouteCollection.php(799): CodeIgniter\Router\RouteCollection::{closure}(Object(CodeIgniter\Router\RouteCollection))
 4 APPPATH/Config/Routes.php(144): CodeIgniter\Router\RouteCollection->group('gimnasio', [...], Object(Closure))
 5 SYSTEMPATH/Router/RouteCollection.php(339): require('/Applications/ServBay/www/trackbitos/app/Config/Routes.php')
 6 SYSTEMPATH/CodeIgniter.php(821): CodeIgniter\Router\RouteCollection->loadRoutes()
 7 SYSTEMPATH/CodeIgniter.php(455): CodeIgniter\CodeIgniter->tryToRouteIt(null)
 8 SYSTEMPATH/CodeIgniter.php(354): CodeIgniter\CodeIgniter->handleRequest(null, Object(Config\Cache), false)
 9 SYSTEMPATH/Boot.php(363): CodeIgniter\CodeIgniter->run()
10 SYSTEMPATH/Boot.php(68): CodeIgniter\Boot::runCodeIgniter(Object(CodeIgniter\CodeIgniter))
11 FCPATH/index.php(59): CodeIgniter\Boot::bootWeb(Object(Config\Paths))
WARNING - 2025-09-05 06:16:50 --> [DEPRECATED] Passing lowercase HTTP method "get" is deprecated. Use uppercase HTTP method like "GET". in SYSTEMPATH/Router/RouteCollection.php on line 1026.
 1 SYSTEMPATH/Router/RouteCollection.php(1026): trigger_error('Passing lowercase HTTP method "get" is deprecated. Use uppercase HTTP method like "GET".', 16384)
 2 APPPATH/Config/Routes.php(161): CodeIgniter\Router\RouteCollection->match([...], 'mesociclos/(:num)/generar/bilbo', 'GimnasioMesociclos::generarBilbo/$1')
 3 SYSTEMPATH/Router/RouteCollection.php(799): CodeIgniter\Router\RouteCollection::{closure}(Object(CodeIgniter\Router\RouteCollection))
 4 APPPATH/Config/Routes.php(144): CodeIgniter\Router\RouteCollection->group('gimnasio', [...], Object(Closure))
 5 SYSTEMPATH/Router/RouteCollection.php(339): require('/Applications/ServBay/www/trackbitos/app/Config/Routes.php')
 6 SYSTEMPATH/CodeIgniter.php(821): CodeIgniter\Router\RouteCollection->loadRoutes()
 7 SYSTEMPATH/CodeIgniter.php(455): CodeIgniter\CodeIgniter->tryToRouteIt(null)
 8 SYSTEMPATH/CodeIgniter.php(354): CodeIgniter\CodeIgniter->handleRequest(null, Object(Config\Cache), false)
 9 SYSTEMPATH/Boot.php(363): CodeIgniter\CodeIgniter->run()
10 SYSTEMPATH/Boot.php(68): CodeIgniter\Boot::runCodeIgniter(Object(CodeIgniter\CodeIgniter))
11 FCPATH/index.php(59): CodeIgniter\Boot::bootWeb(Object(Config\Paths))
WARNING - 2025-09-05 06:16:50 --> [DEPRECATED] Passing lowercase HTTP method "post" is deprecated. Use uppercase HTTP method like "POST". in SYSTEMPATH/Router/RouteCollection.php on line 1026.
 1 SYSTEMPATH/Router/RouteCollection.php(1026): trigger_error('Passing lowercase HTTP method "post" is deprecated. Use uppercase HTTP method like "POST".', 16384)
 2 APPPATH/Config/Routes.php(161): CodeIgniter\Router\RouteCollection->match([...], 'mesociclos/(:num)/generar/bilbo', 'GimnasioMesociclos::generarBilbo/$1')
 3 SYSTEMPATH/Router/RouteCollection.php(799): CodeIgniter\Router\RouteCollection::{closure}(Object(CodeIgniter\Router\RouteCollection))
 4 APPPATH/Config/Routes.php(144): CodeIgniter\Router\RouteCollection->group('gimnasio', [...], Object(Closure))
 5 SYSTEMPATH/Router/RouteCollection.php(339): require('/Applications/ServBay/www/trackbitos/app/Config/Routes.php')
 6 SYSTEMPATH/CodeIgniter.php(821): CodeIgniter\Router\RouteCollection->loadRoutes()
 7 SYSTEMPATH/CodeIgniter.php(455): CodeIgniter\CodeIgniter->tryToRouteIt(null)
 8 SYSTEMPATH/CodeIgniter.php(354): CodeIgniter\CodeIgniter->handleRequest(null, Object(Config\Cache), false)
 9 SYSTEMPATH/Boot.php(363): CodeIgniter\CodeIgniter->run()
10 SYSTEMPATH/Boot.php(68): CodeIgniter\Boot::runCodeIgniter(Object(CodeIgniter\CodeIgniter))
11 FCPATH/index.php(59): CodeIgniter\Boot::bootWeb(Object(Config\Paths))
WARNING - 2025-09-05 06:16:50 --> [DEPRECATED] Passing lowercase HTTP method "get" is deprecated. Use uppercase HTTP method like "GET". in SYSTEMPATH/Router/RouteCollection.php on line 1026.
 1 SYSTEMPATH/Router/RouteCollection.php(1026): trigger_error('Passing lowercase HTTP method "get" is deprecated. Use uppercase HTTP method like "GET".', 16384)
 2 APPPATH/Config/Routes.php(261): CodeIgniter\Router\RouteCollection->match([...], 'crear', 'Youtube::crearLista')
 3 SYSTEMPATH/Router/RouteCollection.php(799): CodeIgniter\Router\RouteCollection::{closure}(Object(CodeIgniter\Router\RouteCollection))
 4 APPPATH/Config/Routes.php(259): CodeIgniter\Router\RouteCollection->group('youtube', [...], Object(Closure))
 5 SYSTEMPATH/Router/RouteCollection.php(339): require('/Applications/ServBay/www/trackbitos/app/Config/Routes.php')
 6 SYSTEMPATH/CodeIgniter.php(821): CodeIgniter\Router\RouteCollection->loadRoutes()
 7 SYSTEMPATH/CodeIgniter.php(455): CodeIgniter\CodeIgniter->tryToRouteIt(null)
 8 SYSTEMPATH/CodeIgniter.php(354): CodeIgniter\CodeIgniter->handleRequest(null, Object(Config\Cache), false)
 9 SYSTEMPATH/Boot.php(363): CodeIgniter\CodeIgniter->run()
10 SYSTEMPATH/Boot.php(68): CodeIgniter\Boot::runCodeIgniter(Object(CodeIgniter\CodeIgniter))
11 FCPATH/index.php(59): CodeIgniter\Boot::bootWeb(Object(Config\Paths))
WARNING - 2025-09-05 06:16:50 --> [DEPRECATED] Passing lowercase HTTP method "post" is deprecated. Use uppercase HTTP method like "POST". in SYSTEMPATH/Router/RouteCollection.php on line 1026.
 1 SYSTEMPATH/Router/RouteCollection.php(1026): trigger_error('Passing lowercase HTTP method "post" is deprecated. Use uppercase HTTP method like "POST".', 16384)
 2 APPPATH/Config/Routes.php(261): CodeIgniter\Router\RouteCollection->match([...], 'crear', 'Youtube::crearLista')
 3 SYSTEMPATH/Router/RouteCollection.php(799): CodeIgniter\Router\RouteCollection::{closure}(Object(CodeIgniter\Router\RouteCollection))
 4 APPPATH/Config/Routes.php(259): CodeIgniter\Router\RouteCollection->group('youtube', [...], Object(Closure))
 5 SYSTEMPATH/Router/RouteCollection.php(339): require('/Applications/ServBay/www/trackbitos/app/Config/Routes.php')
 6 SYSTEMPATH/CodeIgniter.php(821): CodeIgniter\Router\RouteCollection->loadRoutes()
 7 SYSTEMPATH/CodeIgniter.php(455): CodeIgniter\CodeIgniter->tryToRouteIt(null)
 8 SYSTEMPATH/CodeIgniter.php(354): CodeIgniter\CodeIgniter->handleRequest(null, Object(Config\Cache), false)
 9 SYSTEMPATH/Boot.php(363): CodeIgniter\CodeIgniter->run()
10 SYSTEMPATH/Boot.php(68): CodeIgniter\Boot::runCodeIgniter(Object(CodeIgniter\CodeIgniter))
11 FCPATH/index.php(59): CodeIgniter\Boot::bootWeb(Object(Config\Paths))
DEBUG - 2025-09-05 06:16:50 --> Session: Class initialized using 'CodeIgniter\Session\Handlers\FileHandler' driver.
WARNING - 2025-09-05 06:16:50 --> [DEPRECATED] Passing lowercase HTTP method "get" is deprecated. Use uppercase HTTP method like "GET". in SYSTEMPATH/Router/RouteCollection.php on line 1026.
 1 SYSTEMPATH/Router/RouteCollection.php(1026): trigger_error('Passing lowercase HTTP method "get" is deprecated. Use uppercase HTTP method like "GET".', 16384)
 2 APPPATH/Config/Routes.php(146): CodeIgniter\Router\RouteCollection->match([...], 'mesociclos/nuevo', 'GimnasioMesociclos::nuevo')
 3 SYSTEMPATH/Router/RouteCollection.php(799): CodeIgniter\Router\RouteCollection::{closure}(Object(CodeIgniter\Router\RouteCollection))
 4 APPPATH/Config/Routes.php(144): CodeIgniter\Router\RouteCollection->group('gimnasio', [...], Object(Closure))
 5 SYSTEMPATH/Router/RouteCollection.php(339): require('/Applications/ServBay/www/trackbitos/app/Config/Routes.php')
 6 SYSTEMPATH/CodeIgniter.php(821): CodeIgniter\Router\RouteCollection->loadRoutes()
 7 SYSTEMPATH/CodeIgniter.php(455): CodeIgniter\CodeIgniter->tryToRouteIt(null)
 8 SYSTEMPATH/CodeIgniter.php(354): CodeIgniter\CodeIgniter->handleRequest(null, Object(Config\Cache), false)
 9 SYSTEMPATH/Boot.php(363): CodeIgniter\CodeIgniter->run()
10 SYSTEMPATH/Boot.php(68): CodeIgniter\Boot::runCodeIgniter(Object(CodeIgniter\CodeIgniter))
11 FCPATH/index.php(59): CodeIgniter\Boot::bootWeb(Object(Config\Paths))
WARNING - 2025-09-05 06:16:50 --> [DEPRECATED] Passing lowercase HTTP method "post" is deprecated. Use uppercase HTTP method like "POST". in SYSTEMPATH/Router/RouteCollection.php on line 1026.
 1 SYSTEMPATH/Router/RouteCollection.php(1026): trigger_error('Passing lowercase HTTP method "post" is deprecated. Use uppercase HTTP method like "POST".', 16384)
 2 APPPATH/Config/Routes.php(146): CodeIgniter\Router\RouteCollection->match([...], 'mesociclos/nuevo', 'GimnasioMesociclos::nuevo')
 3 SYSTEMPATH/Router/RouteCollection.php(799): CodeIgniter\Router\RouteCollection::{closure}(Object(CodeIgniter\Router\RouteCollection))
 4 APPPATH/Config/Routes.php(144): CodeIgniter\Router\RouteCollection->group('gimnasio', [...], Object(Closure))
 5 SYSTEMPATH/Router/RouteCollection.php(339): require('/Applications/ServBay/www/trackbitos/app/Config/Routes.php')
 6 SYSTEMPATH/CodeIgniter.php(821): CodeIgniter\Router\RouteCollection->loadRoutes()
 7 SYSTEMPATH/CodeIgniter.php(455): CodeIgniter\CodeIgniter->tryToRouteIt(null)
 8 SYSTEMPATH/CodeIgniter.php(354): CodeIgniter\CodeIgniter->handleRequest(null, Object(Config\Cache), false)
 9 SYSTEMPATH/Boot.php(363): CodeIgniter\CodeIgniter->run()
10 SYSTEMPATH/Boot.php(68): CodeIgniter\Boot::runCodeIgniter(Object(CodeIgniter\CodeIgniter))
11 FCPATH/index.php(59): CodeIgniter\Boot::bootWeb(Object(Config\Paths))
WARNING - 2025-09-05 06:16:50 --> [DEPRECATED] Passing lowercase HTTP method "get" is deprecated. Use uppercase HTTP method like "GET". in SYSTEMPATH/Router/RouteCollection.php on line 1026.
 1 SYSTEMPATH/Router/RouteCollection.php(1026): trigger_error('Passing lowercase HTTP method "get" is deprecated. Use uppercase HTTP method like "GET".', 16384)
 2 APPPATH/Config/Routes.php(148): CodeIgniter\Router\RouteCollection->match([...], 'mesociclos/(:num)/bloque/nuevo', 'GimnasioMesociclos::bloqueNuevo/$1')
 3 SYSTEMPATH/Router/RouteCollection.php(799): CodeIgniter\Router\RouteCollection::{closure}(Object(CodeIgniter\Router\RouteCollection))
 4 APPPATH/Config/Routes.php(144): CodeIgniter\Router\RouteCollection->group('gimnasio', [...], Object(Closure))
 5 SYSTEMPATH/Router/RouteCollection.php(339): require('/Applications/ServBay/www/trackbitos/app/Config/Routes.php')
 6 SYSTEMPATH/CodeIgniter.php(821): CodeIgniter\Router\RouteCollection->loadRoutes()
 7 SYSTEMPATH/CodeIgniter.php(455): CodeIgniter\CodeIgniter->tryToRouteIt(null)
 8 SYSTEMPATH/CodeIgniter.php(354): CodeIgniter\CodeIgniter->handleRequest(null, Object(Config\Cache), false)
 9 SYSTEMPATH/Boot.php(363): CodeIgniter\CodeIgniter->run()
10 SYSTEMPATH/Boot.php(68): CodeIgniter\Boot::runCodeIgniter(Object(CodeIgniter\CodeIgniter))
11 FCPATH/index.php(59): CodeIgniter\Boot::bootWeb(Object(Config\Paths))
WARNING - 2025-09-05 06:16:50 --> [DEPRECATED] Passing lowercase HTTP method "post" is deprecated. Use uppercase HTTP method like "POST". in SYSTEMPATH/Router/RouteCollection.php on line 1026.
 1 SYSTEMPATH/Router/RouteCollection.php(1026): trigger_error('Passing lowercase HTTP method "post" is deprecated. Use uppercase HTTP method like "POST".', 16384)
 2 APPPATH/Config/Routes.php(148): CodeIgniter\Router\RouteCollection->match([...], 'mesociclos/(:num)/bloque/nuevo', 'GimnasioMesociclos::bloqueNuevo/$1')
 3 SYSTEMPATH/Router/RouteCollection.php(799): CodeIgniter\Router\RouteCollection::{closure}(Object(CodeIgniter\Router\RouteCollection))
 4 APPPATH/Config/Routes.php(144): CodeIgniter\Router\RouteCollection->group('gimnasio', [...], Object(Closure))
 5 SYSTEMPATH/Router/RouteCollection.php(339): require('/Applications/ServBay/www/trackbitos/app/Config/Routes.php')
 6 SYSTEMPATH/CodeIgniter.php(821): CodeIgniter\Router\RouteCollection->loadRoutes()
 7 SYSTEMPATH/CodeIgniter.php(455): CodeIgniter\CodeIgniter->tryToRouteIt(null)
 8 SYSTEMPATH/CodeIgniter.php(354): CodeIgniter\CodeIgniter->handleRequest(null, Object(Config\Cache), false)
 9 SYSTEMPATH/Boot.php(363): CodeIgniter\CodeIgniter->run()
10 SYSTEMPATH/Boot.php(68): CodeIgniter\Boot::runCodeIgniter(Object(CodeIgniter\CodeIgniter))
11 FCPATH/index.php(59): CodeIgniter\Boot::bootWeb(Object(Config\Paths))
WARNING - 2025-09-05 06:16:50 --> [DEPRECATED] Passing lowercase HTTP method "get" is deprecated. Use uppercase HTTP method like "GET". in SYSTEMPATH/Router/RouteCollection.php on line 1026.
 1 SYSTEMPATH/Router/RouteCollection.php(1026): trigger_error('Passing lowercase HTTP method "get" is deprecated. Use uppercase HTTP method like "GET".', 16384)
 2 APPPATH/Config/Routes.php(150): CodeIgniter\Router\RouteCollection->match([...], 'mesociclos/(:num)/asignar/(:num)', 'GimnasioMesociclos::asignar/$1/$2')
 3 SYSTEMPATH/Router/RouteCollection.php(799): CodeIgniter\Router\RouteCollection::{closure}(Object(CodeIgniter\Router\RouteCollection))
 4 APPPATH/Config/Routes.php(144): CodeIgniter\Router\RouteCollection->group('gimnasio', [...], Object(Closure))
 5 SYSTEMPATH/Router/RouteCollection.php(339): require('/Applications/ServBay/www/trackbitos/app/Config/Routes.php')
 6 SYSTEMPATH/CodeIgniter.php(821): CodeIgniter\Router\RouteCollection->loadRoutes()
 7 SYSTEMPATH/CodeIgniter.php(455): CodeIgniter\CodeIgniter->tryToRouteIt(null)
 8 SYSTEMPATH/CodeIgniter.php(354): CodeIgniter\CodeIgniter->handleRequest(null, Object(Config\Cache), false)
 9 SYSTEMPATH/Boot.php(363): CodeIgniter\CodeIgniter->run()
10 SYSTEMPATH/Boot.php(68): CodeIgniter\Boot::runCodeIgniter(Object(CodeIgniter\CodeIgniter))
11 FCPATH/index.php(59): CodeIgniter\Boot::bootWeb(Object(Config\Paths))
WARNING - 2025-09-05 06:16:50 --> [DEPRECATED] Passing lowercase HTTP method "post" is deprecated. Use uppercase HTTP method like "POST". in SYSTEMPATH/Router/RouteCollection.php on line 1026.
 1 SYSTEMPATH/Router/RouteCollection.php(1026): trigger_error('Passing lowercase HTTP method "post" is deprecated. Use uppercase HTTP method like "POST".', 16384)
 2 APPPATH/Config/Routes.php(150): CodeIgniter\Router\RouteCollection->match([...], 'mesociclos/(:num)/asignar/(:num)', 'GimnasioMesociclos::asignar/$1/$2')
 3 SYSTEMPATH/Router/RouteCollection.php(799): CodeIgniter\Router\RouteCollection::{closure}(Object(CodeIgniter\Router\RouteCollection))
 4 APPPATH/Config/Routes.php(144): CodeIgniter\Router\RouteCollection->group('gimnasio', [...], Object(Closure))
 5 SYSTEMPATH/Router/RouteCollection.php(339): require('/Applications/ServBay/www/trackbitos/app/Config/Routes.php')
 6 SYSTEMPATH/CodeIgniter.php(821): CodeIgniter\Router\RouteCollection->loadRoutes()
 7 SYSTEMPATH/CodeIgniter.php(455): CodeIgniter\CodeIgniter->tryToRouteIt(null)
 8 SYSTEMPATH/CodeIgniter.php(354): CodeIgniter\CodeIgniter->handleRequest(null, Object(Config\Cache), false)
 9 SYSTEMPATH/Boot.php(363): CodeIgniter\CodeIgniter->run()
10 SYSTEMPATH/Boot.php(68): CodeIgniter\Boot::runCodeIgniter(Object(CodeIgniter\CodeIgniter))
11 FCPATH/index.php(59): CodeIgniter\Boot::bootWeb(Object(Config\Paths))
WARNING - 2025-09-05 06:16:50 --> [DEPRECATED] Passing lowercase HTTP method "get" is deprecated. Use uppercase HTTP method like "GET". in SYSTEMPATH/Router/RouteCollection.php on line 1026.
 1 SYSTEMPATH/Router/RouteCollection.php(1026): trigger_error('Passing lowercase HTTP method "get" is deprecated. Use uppercase HTTP method like "GET".', 16384)
 2 APPPATH/Config/Routes.php(153): CodeIgniter\Router\RouteCollection->match([...], 'mesociclos/(:num)/generar', 'GimnasioMesociclos::generar/$1')
 3 SYSTEMPATH/Router/RouteCollection.php(799): CodeIgniter\Router\RouteCollection::{closure}(Object(CodeIgniter\Router\RouteCollection))
 4 APPPATH/Config/Routes.php(144): CodeIgniter\Router\RouteCollection->group('gimnasio', [...], Object(Closure))
 5 SYSTEMPATH/Router/RouteCollection.php(339): require('/Applications/ServBay/www/trackbitos/app/Config/Routes.php')
 6 SYSTEMPATH/CodeIgniter.php(821): CodeIgniter\Router\RouteCollection->loadRoutes()
 7 SYSTEMPATH/CodeIgniter.php(455): CodeIgniter\CodeIgniter->tryToRouteIt(null)
 8 SYSTEMPATH/CodeIgniter.php(354): CodeIgniter\CodeIgniter->handleRequest(null, Object(Config\Cache), false)
 9 SYSTEMPATH/Boot.php(363): CodeIgniter\CodeIgniter->run()
10 SYSTEMPATH/Boot.php(68): CodeIgniter\Boot::runCodeIgniter(Object(CodeIgniter\CodeIgniter))
11 FCPATH/index.php(59): CodeIgniter\Boot::bootWeb(Object(Config\Paths))
WARNING - 2025-09-05 06:16:50 --> [DEPRECATED] Passing lowercase HTTP method "post" is deprecated. Use uppercase HTTP method like "POST". in SYSTEMPATH/Router/RouteCollection.php on line 1026.
 1 SYSTEMPATH/Router/RouteCollection.php(1026): trigger_error('Passing lowercase HTTP method "post" is deprecated. Use uppercase HTTP method like "POST".', 16384)
 2 APPPATH/Config/Routes.php(153): CodeIgniter\Router\RouteCollection->match([...], 'mesociclos/(:num)/generar', 'GimnasioMesociclos::generar/$1')
 3 SYSTEMPATH/Router/RouteCollection.php(799): CodeIgniter\Router\RouteCollection::{closure}(Object(CodeIgniter\Router\RouteCollection))
 4 APPPATH/Config/Routes.php(144): CodeIgniter\Router\RouteCollection->group('gimnasio', [...], Object(Closure))
 5 SYSTEMPATH/Router/RouteCollection.php(339): require('/Applications/ServBay/www/trackbitos/app/Config/Routes.php')
 6 SYSTEMPATH/CodeIgniter.php(821): CodeIgniter\Router\RouteCollection->loadRoutes()
 7 SYSTEMPATH/CodeIgniter.php(455): CodeIgniter\CodeIgniter->tryToRouteIt(null)
 8 SYSTEMPATH/CodeIgniter.php(354): CodeIgniter\CodeIgniter->handleRequest(null, Object(Config\Cache), false)
 9 SYSTEMPATH/Boot.php(363): CodeIgniter\CodeIgniter->run()
10 SYSTEMPATH/Boot.php(68): CodeIgniter\Boot::runCodeIgniter(Object(CodeIgniter\CodeIgniter))
11 FCPATH/index.php(59): CodeIgniter\Boot::bootWeb(Object(Config\Paths))
WARNING - 2025-09-05 06:16:50 --> [DEPRECATED] Passing lowercase HTTP method "get" is deprecated. Use uppercase HTTP method like "GET". in SYSTEMPATH/Router/RouteCollection.php on line 1026.
 1 SYSTEMPATH/Router/RouteCollection.php(1026): trigger_error('Passing lowercase HTTP method "get" is deprecated. Use uppercase HTTP method like "GET".', 16384)
 2 APPPATH/Config/Routes.php(161): CodeIgniter\Router\RouteCollection->match([...], 'mesociclos/(:num)/generar/bilbo', 'GimnasioMesociclos::generarBilbo/$1')
 3 SYSTEMPATH/Router/RouteCollection.php(799): CodeIgniter\Router\RouteCollection::{closure}(Object(CodeIgniter\Router\RouteCollection))
 4 APPPATH/Config/Routes.php(144): CodeIgniter\Router\RouteCollection->group('gimnasio', [...], Object(Closure))
 5 SYSTEMPATH/Router/RouteCollection.php(339): require('/Applications/ServBay/www/trackbitos/app/Config/Routes.php')
 6 SYSTEMPATH/CodeIgniter.php(821): CodeIgniter\Router\RouteCollection->loadRoutes()
 7 SYSTEMPATH/CodeIgniter.php(455): CodeIgniter\CodeIgniter->tryToRouteIt(null)
 8 SYSTEMPATH/CodeIgniter.php(354): CodeIgniter\CodeIgniter->handleRequest(null, Object(Config\Cache), false)
 9 SYSTEMPATH/Boot.php(363): CodeIgniter\CodeIgniter->run()
10 SYSTEMPATH/Boot.php(68): CodeIgniter\Boot::runCodeIgniter(Object(CodeIgniter\CodeIgniter))
11 FCPATH/index.php(59): CodeIgniter\Boot::bootWeb(Object(Config\Paths))
WARNING - 2025-09-05 06:16:50 --> [DEPRECATED] Passing lowercase HTTP method "post" is deprecated. Use uppercase HTTP method like "POST". in SYSTEMPATH/Router/RouteCollection.php on line 1026.
 1 SYSTEMPATH/Router/RouteCollection.php(1026): trigger_error('Passing lowercase HTTP method "post" is deprecated. Use uppercase HTTP method like "POST".', 16384)
 2 APPPATH/Config/Routes.php(161): CodeIgniter\Router\RouteCollection->match([...], 'mesociclos/(:num)/generar/bilbo', 'GimnasioMesociclos::generarBilbo/$1')
 3 SYSTEMPATH/Router/RouteCollection.php(799): CodeIgniter\Router\RouteCollection::{closure}(Object(CodeIgniter\Router\RouteCollection))
 4 APPPATH/Config/Routes.php(144): CodeIgniter\Router\RouteCollection->group('gimnasio', [...], Object(Closure))
 5 SYSTEMPATH/Router/RouteCollection.php(339): require('/Applications/ServBay/www/trackbitos/app/Config/Routes.php')
 6 SYSTEMPATH/CodeIgniter.php(821): CodeIgniter\Router\RouteCollection->loadRoutes()
 7 SYSTEMPATH/CodeIgniter.php(455): CodeIgniter\CodeIgniter->tryToRouteIt(null)
 8 SYSTEMPATH/CodeIgniter.php(354): CodeIgniter\CodeIgniter->handleRequest(null, Object(Config\Cache), false)
 9 SYSTEMPATH/Boot.php(363): CodeIgniter\CodeIgniter->run()
10 SYSTEMPATH/Boot.php(68): CodeIgniter\Boot::runCodeIgniter(Object(CodeIgniter\CodeIgniter))
11 FCPATH/index.php(59): CodeIgniter\Boot::bootWeb(Object(Config\Paths))
WARNING - 2025-09-05 06:16:50 --> [DEPRECATED] Passing lowercase HTTP method "get" is deprecated. Use uppercase HTTP method like "GET". in SYSTEMPATH/Router/RouteCollection.php on line 1026.
 1 SYSTEMPATH/Router/RouteCollection.php(1026): trigger_error('Passing lowercase HTTP method "get" is deprecated. Use uppercase HTTP method like "GET".', 16384)
 2 APPPATH/Config/Routes.php(261): CodeIgniter\Router\RouteCollection->match([...], 'crear', 'Youtube::crearLista')
 3 SYSTEMPATH/Router/RouteCollection.php(799): CodeIgniter\Router\RouteCollection::{closure}(Object(CodeIgniter\Router\RouteCollection))
 4 APPPATH/Config/Routes.php(259): CodeIgniter\Router\RouteCollection->group('youtube', [...], Object(Closure))
 5 SYSTEMPATH/Router/RouteCollection.php(339): require('/Applications/ServBay/www/trackbitos/app/Config/Routes.php')
 6 SYSTEMPATH/CodeIgniter.php(821): CodeIgniter\Router\RouteCollection->loadRoutes()
 7 SYSTEMPATH/CodeIgniter.php(455): CodeIgniter\CodeIgniter->tryToRouteIt(null)
 8 SYSTEMPATH/CodeIgniter.php(354): CodeIgniter\CodeIgniter->handleRequest(null, Object(Config\Cache), false)
 9 SYSTEMPATH/Boot.php(363): CodeIgniter\CodeIgniter->run()
10 SYSTEMPATH/Boot.php(68): CodeIgniter\Boot::runCodeIgniter(Object(CodeIgniter\CodeIgniter))
11 FCPATH/index.php(59): CodeIgniter\Boot::bootWeb(Object(Config\Paths))
WARNING - 2025-09-05 06:16:50 --> [DEPRECATED] Passing lowercase HTTP method "post" is deprecated. Use uppercase HTTP method like "POST". in SYSTEMPATH/Router/RouteCollection.php on line 1026.
 1 SYSTEMPATH/Router/RouteCollection.php(1026): trigger_error('Passing lowercase HTTP method "post" is deprecated. Use uppercase HTTP method like "POST".', 16384)
 2 APPPATH/Config/Routes.php(261): CodeIgniter\Router\RouteCollection->match([...], 'crear', 'Youtube::crearLista')
 3 SYSTEMPATH/Router/RouteCollection.php(799): CodeIgniter\Router\RouteCollection::{closure}(Object(CodeIgniter\Router\RouteCollection))
 4 APPPATH/Config/Routes.php(259): CodeIgniter\Router\RouteCollection->group('youtube', [...], Object(Closure))
 5 SYSTEMPATH/Router/RouteCollection.php(339): require('/Applications/ServBay/www/trackbitos/app/Config/Routes.php')
 6 SYSTEMPATH/CodeIgniter.php(821): CodeIgniter\Router\RouteCollection->loadRoutes()
 7 SYSTEMPATH/CodeIgniter.php(455): CodeIgniter\CodeIgniter->tryToRouteIt(null)
 8 SYSTEMPATH/CodeIgniter.php(354): CodeIgniter\CodeIgniter->handleRequest(null, Object(Config\Cache), false)
 9 SYSTEMPATH/Boot.php(363): CodeIgniter\CodeIgniter->run()
10 SYSTEMPATH/Boot.php(68): CodeIgniter\Boot::runCodeIgniter(Object(CodeIgniter\CodeIgniter))
11 FCPATH/index.php(59): CodeIgniter\Boot::bootWeb(Object(Config\Paths))
DEBUG - 2025-09-05 06:16:50 --> Session: Class initialized using 'CodeIgniter\Session\Handlers\FileHandler' driver.
WARNING - 2025-09-05 06:18:56 --> [DEPRECATED] Passing lowercase HTTP method "get" is deprecated. Use uppercase HTTP method like "GET". in SYSTEMPATH/Router/RouteCollection.php on line 1026.
 1 SYSTEMPATH/Router/RouteCollection.php(1026): trigger_error('Passing lowercase HTTP method "get" is deprecated. Use uppercase HTTP method like "GET".', 16384)
 2 APPPATH/Config/Routes.php(146): CodeIgniter\Router\RouteCollection->match([...], 'mesociclos/nuevo', 'GimnasioMesociclos::nuevo')
 3 SYSTEMPATH/Router/RouteCollection.php(799): CodeIgniter\Router\RouteCollection::{closure}(Object(CodeIgniter\Router\RouteCollection))
 4 APPPATH/Config/Routes.php(144): CodeIgniter\Router\RouteCollection->group('gimnasio', [...], Object(Closure))
 5 SYSTEMPATH/Router/RouteCollection.php(339): require('/Applications/ServBay/www/trackbitos/app/Config/Routes.php')
 6 SYSTEMPATH/CodeIgniter.php(821): CodeIgniter\Router\RouteCollection->loadRoutes()
 7 SYSTEMPATH/CodeIgniter.php(455): CodeIgniter\CodeIgniter->tryToRouteIt(null)
 8 SYSTEMPATH/CodeIgniter.php(354): CodeIgniter\CodeIgniter->handleRequest(null, Object(Config\Cache), false)
 9 SYSTEMPATH/Boot.php(363): CodeIgniter\CodeIgniter->run()
10 SYSTEMPATH/Boot.php(68): CodeIgniter\Boot::runCodeIgniter(Object(CodeIgniter\CodeIgniter))
11 FCPATH/index.php(59): CodeIgniter\Boot::bootWeb(Object(Config\Paths))
WARNING - 2025-09-05 06:18:56 --> [DEPRECATED] Passing lowercase HTTP method "post" is deprecated. Use uppercase HTTP method like "POST". in SYSTEMPATH/Router/RouteCollection.php on line 1026.
 1 SYSTEMPATH/Router/RouteCollection.php(1026): trigger_error('Passing lowercase HTTP method "post" is deprecated. Use uppercase HTTP method like "POST".', 16384)
 2 APPPATH/Config/Routes.php(146): CodeIgniter\Router\RouteCollection->match([...], 'mesociclos/nuevo', 'GimnasioMesociclos::nuevo')
 3 SYSTEMPATH/Router/RouteCollection.php(799): CodeIgniter\Router\RouteCollection::{closure}(Object(CodeIgniter\Router\RouteCollection))
 4 APPPATH/Config/Routes.php(144): CodeIgniter\Router\RouteCollection->group('gimnasio', [...], Object(Closure))
 5 SYSTEMPATH/Router/RouteCollection.php(339): require('/Applications/ServBay/www/trackbitos/app/Config/Routes.php')
 6 SYSTEMPATH/CodeIgniter.php(821): CodeIgniter\Router\RouteCollection->loadRoutes()
 7 SYSTEMPATH/CodeIgniter.php(455): CodeIgniter\CodeIgniter->tryToRouteIt(null)
 8 SYSTEMPATH/CodeIgniter.php(354): CodeIgniter\CodeIgniter->handleRequest(null, Object(Config\Cache), false)
 9 SYSTEMPATH/Boot.php(363): CodeIgniter\CodeIgniter->run()
10 SYSTEMPATH/Boot.php(68): CodeIgniter\Boot::runCodeIgniter(Object(CodeIgniter\CodeIgniter))
11 FCPATH/index.php(59): CodeIgniter\Boot::bootWeb(Object(Config\Paths))
WARNING - 2025-09-05 06:18:56 --> [DEPRECATED] Passing lowercase HTTP method "get" is deprecated. Use uppercase HTTP method like "GET". in SYSTEMPATH/Router/RouteCollection.php on line 1026.
 1 SYSTEMPATH/Router/RouteCollection.php(1026): trigger_error('Passing lowercase HTTP method "get" is deprecated. Use uppercase HTTP method like "GET".', 16384)
 2 APPPATH/Config/Routes.php(148): CodeIgniter\Router\RouteCollection->match([...], 'mesociclos/(:num)/bloque/nuevo', 'GimnasioMesociclos::bloqueNuevo/$1')
 3 SYSTEMPATH/Router/RouteCollection.php(799): CodeIgniter\Router\RouteCollection::{closure}(Object(CodeIgniter\Router\RouteCollection))
 4 APPPATH/Config/Routes.php(144): CodeIgniter\Router\RouteCollection->group('gimnasio', [...], Object(Closure))
 5 SYSTEMPATH/Router/RouteCollection.php(339): require('/Applications/ServBay/www/trackbitos/app/Config/Routes.php')
 6 SYSTEMPATH/CodeIgniter.php(821): CodeIgniter\Router\RouteCollection->loadRoutes()
 7 SYSTEMPATH/CodeIgniter.php(455): CodeIgniter\CodeIgniter->tryToRouteIt(null)
 8 SYSTEMPATH/CodeIgniter.php(354): CodeIgniter\CodeIgniter->handleRequest(null, Object(Config\Cache), false)
 9 SYSTEMPATH/Boot.php(363): CodeIgniter\CodeIgniter->run()
10 SYSTEMPATH/Boot.php(68): CodeIgniter\Boot::runCodeIgniter(Object(CodeIgniter\CodeIgniter))
11 FCPATH/index.php(59): CodeIgniter\Boot::bootWeb(Object(Config\Paths))
WARNING - 2025-09-05 06:18:56 --> [DEPRECATED] Passing lowercase HTTP method "post" is deprecated. Use uppercase HTTP method like "POST". in SYSTEMPATH/Router/RouteCollection.php on line 1026.
 1 SYSTEMPATH/Router/RouteCollection.php(1026): trigger_error('Passing lowercase HTTP method "post" is deprecated. Use uppercase HTTP method like "POST".', 16384)
 2 APPPATH/Config/Routes.php(148): CodeIgniter\Router\RouteCollection->match([...], 'mesociclos/(:num)/bloque/nuevo', 'GimnasioMesociclos::bloqueNuevo/$1')
 3 SYSTEMPATH/Router/RouteCollection.php(799): CodeIgniter\Router\RouteCollection::{closure}(Object(CodeIgniter\Router\RouteCollection))
 4 APPPATH/Config/Routes.php(144): CodeIgniter\Router\RouteCollection->group('gimnasio', [...], Object(Closure))
 5 SYSTEMPATH/Router/RouteCollection.php(339): require('/Applications/ServBay/www/trackbitos/app/Config/Routes.php')
 6 SYSTEMPATH/CodeIgniter.php(821): CodeIgniter\Router\RouteCollection->loadRoutes()
 7 SYSTEMPATH/CodeIgniter.php(455): CodeIgniter\CodeIgniter->tryToRouteIt(null)
 8 SYSTEMPATH/CodeIgniter.php(354): CodeIgniter\CodeIgniter->handleRequest(null, Object(Config\Cache), false)
 9 SYSTEMPATH/Boot.php(363): CodeIgniter\CodeIgniter->run()
10 SYSTEMPATH/Boot.php(68): CodeIgniter\Boot::runCodeIgniter(Object(CodeIgniter\CodeIgniter))
11 FCPATH/index.php(59): CodeIgniter\Boot::bootWeb(Object(Config\Paths))
WARNING - 2025-09-05 06:18:56 --> [DEPRECATED] Passing lowercase HTTP method "get" is deprecated. Use uppercase HTTP method like "GET". in SYSTEMPATH/Router/RouteCollection.php on line 1026.
 1 SYSTEMPATH/Router/RouteCollection.php(1026): trigger_error('Passing lowercase HTTP method "get" is deprecated. Use uppercase HTTP method like "GET".', 16384)
 2 APPPATH/Config/Routes.php(150): CodeIgniter\Router\RouteCollection->match([...], 'mesociclos/(:num)/asignar/(:num)', 'GimnasioMesociclos::asignar/$1/$2')
 3 SYSTEMPATH/Router/RouteCollection.php(799): CodeIgniter\Router\RouteCollection::{closure}(Object(CodeIgniter\Router\RouteCollection))
 4 APPPATH/Config/Routes.php(144): CodeIgniter\Router\RouteCollection->group('gimnasio', [...], Object(Closure))
 5 SYSTEMPATH/Router/RouteCollection.php(339): require('/Applications/ServBay/www/trackbitos/app/Config/Routes.php')
 6 SYSTEMPATH/CodeIgniter.php(821): CodeIgniter\Router\RouteCollection->loadRoutes()
 7 SYSTEMPATH/CodeIgniter.php(455): CodeIgniter\CodeIgniter->tryToRouteIt(null)
 8 SYSTEMPATH/CodeIgniter.php(354): CodeIgniter\CodeIgniter->handleRequest(null, Object(Config\Cache), false)
 9 SYSTEMPATH/Boot.php(363): CodeIgniter\CodeIgniter->run()
10 SYSTEMPATH/Boot.php(68): CodeIgniter\Boot::runCodeIgniter(Object(CodeIgniter\CodeIgniter))
11 FCPATH/index.php(59): CodeIgniter\Boot::bootWeb(Object(Config\Paths))
WARNING - 2025-09-05 06:18:56 --> [DEPRECATED] Passing lowercase HTTP method "post" is deprecated. Use uppercase HTTP method like "POST". in SYSTEMPATH/Router/RouteCollection.php on line 1026.
 1 SYSTEMPATH/Router/RouteCollection.php(1026): trigger_error('Passing lowercase HTTP method "post" is deprecated. Use uppercase HTTP method like "POST".', 16384)
 2 APPPATH/Config/Routes.php(150): CodeIgniter\Router\RouteCollection->match([...], 'mesociclos/(:num)/asignar/(:num)', 'GimnasioMesociclos::asignar/$1/$2')
 3 SYSTEMPATH/Router/RouteCollection.php(799): CodeIgniter\Router\RouteCollection::{closure}(Object(CodeIgniter\Router\RouteCollection))
 4 APPPATH/Config/Routes.php(144): CodeIgniter\Router\RouteCollection->group('gimnasio', [...], Object(Closure))
 5 SYSTEMPATH/Router/RouteCollection.php(339): require('/Applications/ServBay/www/trackbitos/app/Config/Routes.php')
 6 SYSTEMPATH/CodeIgniter.php(821): CodeIgniter\Router\RouteCollection->loadRoutes()
 7 SYSTEMPATH/CodeIgniter.php(455): CodeIgniter\CodeIgniter->tryToRouteIt(null)
 8 SYSTEMPATH/CodeIgniter.php(354): CodeIgniter\CodeIgniter->handleRequest(null, Object(Config\Cache), false)
 9 SYSTEMPATH/Boot.php(363): CodeIgniter\CodeIgniter->run()
10 SYSTEMPATH/Boot.php(68): CodeIgniter\Boot::runCodeIgniter(Object(CodeIgniter\CodeIgniter))
11 FCPATH/index.php(59): CodeIgniter\Boot::bootWeb(Object(Config\Paths))
WARNING - 2025-09-05 06:18:56 --> [DEPRECATED] Passing lowercase HTTP method "get" is deprecated. Use uppercase HTTP method like "GET". in SYSTEMPATH/Router/RouteCollection.php on line 1026.
 1 SYSTEMPATH/Router/RouteCollection.php(1026): trigger_error('Passing lowercase HTTP method "get" is deprecated. Use uppercase HTTP method like "GET".', 16384)
 2 APPPATH/Config/Routes.php(153): CodeIgniter\Router\RouteCollection->match([...], 'mesociclos/(:num)/generar', 'GimnasioMesociclos::generar/$1')
 3 SYSTEMPATH/Router/RouteCollection.php(799): CodeIgniter\Router\RouteCollection::{closure}(Object(CodeIgniter\Router\RouteCollection))
 4 APPPATH/Config/Routes.php(144): CodeIgniter\Router\RouteCollection->group('gimnasio', [...], Object(Closure))
 5 SYSTEMPATH/Router/RouteCollection.php(339): require('/Applications/ServBay/www/trackbitos/app/Config/Routes.php')
 6 SYSTEMPATH/CodeIgniter.php(821): CodeIgniter\Router\RouteCollection->loadRoutes()
 7 SYSTEMPATH/CodeIgniter.php(455): CodeIgniter\CodeIgniter->tryToRouteIt(null)
 8 SYSTEMPATH/CodeIgniter.php(354): CodeIgniter\CodeIgniter->handleRequest(null, Object(Config\Cache), false)
 9 SYSTEMPATH/Boot.php(363): CodeIgniter\CodeIgniter->run()
10 SYSTEMPATH/Boot.php(68): CodeIgniter\Boot::runCodeIgniter(Object(CodeIgniter\CodeIgniter))
11 FCPATH/index.php(59): CodeIgniter\Boot::bootWeb(Object(Config\Paths))
WARNING - 2025-09-05 06:18:56 --> [DEPRECATED] Passing lowercase HTTP method "post" is deprecated. Use uppercase HTTP method like "POST". in SYSTEMPATH/Router/RouteCollection.php on line 1026.
 1 SYSTEMPATH/Router/RouteCollection.php(1026): trigger_error('Passing lowercase HTTP method "post" is deprecated. Use uppercase HTTP method like "POST".', 16384)
 2 APPPATH/Config/Routes.php(153): CodeIgniter\Router\RouteCollection->match([...], 'mesociclos/(:num)/generar', 'GimnasioMesociclos::generar/$1')
 3 SYSTEMPATH/Router/RouteCollection.php(799): CodeIgniter\Router\RouteCollection::{closure}(Object(CodeIgniter\Router\RouteCollection))
 4 APPPATH/Config/Routes.php(144): CodeIgniter\Router\RouteCollection->group('gimnasio', [...], Object(Closure))
 5 SYSTEMPATH/Router/RouteCollection.php(339): require('/Applications/ServBay/www/trackbitos/app/Config/Routes.php')
 6 SYSTEMPATH/CodeIgniter.php(821): CodeIgniter\Router\RouteCollection->loadRoutes()
 7 SYSTEMPATH/CodeIgniter.php(455): CodeIgniter\CodeIgniter->tryToRouteIt(null)
 8 SYSTEMPATH/CodeIgniter.php(354): CodeIgniter\CodeIgniter->handleRequest(null, Object(Config\Cache), false)
 9 SYSTEMPATH/Boot.php(363): CodeIgniter\CodeIgniter->run()
10 SYSTEMPATH/Boot.php(68): CodeIgniter\Boot::runCodeIgniter(Object(CodeIgniter\CodeIgniter))
11 FCPATH/index.php(59): CodeIgniter\Boot::bootWeb(Object(Config\Paths))
WARNING - 2025-09-05 06:18:56 --> [DEPRECATED] Passing lowercase HTTP method "get" is deprecated. Use uppercase HTTP method like "GET". in SYSTEMPATH/Router/RouteCollection.php on line 1026.
 1 SYSTEMPATH/Router/RouteCollection.php(1026): trigger_error('Passing lowercase HTTP method "get" is deprecated. Use uppercase HTTP method like "GET".', 16384)
 2 APPPATH/Config/Routes.php(161): CodeIgniter\Router\RouteCollection->match([...], 'mesociclos/(:num)/generar/bilbo', 'GimnasioMesociclos::generarBilbo/$1')
 3 SYSTEMPATH/Router/RouteCollection.php(799): CodeIgniter\Router\RouteCollection::{closure}(Object(CodeIgniter\Router\RouteCollection))
 4 APPPATH/Config/Routes.php(144): CodeIgniter\Router\RouteCollection->group('gimnasio', [...], Object(Closure))
 5 SYSTEMPATH/Router/RouteCollection.php(339): require('/Applications/ServBay/www/trackbitos/app/Config/Routes.php')
 6 SYSTEMPATH/CodeIgniter.php(821): CodeIgniter\Router\RouteCollection->loadRoutes()
 7 SYSTEMPATH/CodeIgniter.php(455): CodeIgniter\CodeIgniter->tryToRouteIt(null)
 8 SYSTEMPATH/CodeIgniter.php(354): CodeIgniter\CodeIgniter->handleRequest(null, Object(Config\Cache), false)
 9 SYSTEMPATH/Boot.php(363): CodeIgniter\CodeIgniter->run()
10 SYSTEMPATH/Boot.php(68): CodeIgniter\Boot::runCodeIgniter(Object(CodeIgniter\CodeIgniter))
11 FCPATH/index.php(59): CodeIgniter\Boot::bootWeb(Object(Config\Paths))
WARNING - 2025-09-05 06:18:56 --> [DEPRECATED] Passing lowercase HTTP method "post" is deprecated. Use uppercase HTTP method like "POST". in SYSTEMPATH/Router/RouteCollection.php on line 1026.
 1 SYSTEMPATH/Router/RouteCollection.php(1026): trigger_error('Passing lowercase HTTP method "post" is deprecated. Use uppercase HTTP method like "POST".', 16384)
 2 APPPATH/Config/Routes.php(161): CodeIgniter\Router\RouteCollection->match([...], 'mesociclos/(:num)/generar/bilbo', 'GimnasioMesociclos::generarBilbo/$1')
 3 SYSTEMPATH/Router/RouteCollection.php(799): CodeIgniter\Router\RouteCollection::{closure}(Object(CodeIgniter\Router\RouteCollection))
 4 APPPATH/Config/Routes.php(144): CodeIgniter\Router\RouteCollection->group('gimnasio', [...], Object(Closure))
 5 SYSTEMPATH/Router/RouteCollection.php(339): require('/Applications/ServBay/www/trackbitos/app/Config/Routes.php')
 6 SYSTEMPATH/CodeIgniter.php(821): CodeIgniter\Router\RouteCollection->loadRoutes()
 7 SYSTEMPATH/CodeIgniter.php(455): CodeIgniter\CodeIgniter->tryToRouteIt(null)
 8 SYSTEMPATH/CodeIgniter.php(354): CodeIgniter\CodeIgniter->handleRequest(null, Object(Config\Cache), false)
 9 SYSTEMPATH/Boot.php(363): CodeIgniter\CodeIgniter->run()
10 SYSTEMPATH/Boot.php(68): CodeIgniter\Boot::runCodeIgniter(Object(CodeIgniter\CodeIgniter))
11 FCPATH/index.php(59): CodeIgniter\Boot::bootWeb(Object(Config\Paths))
WARNING - 2025-09-05 06:18:56 --> [DEPRECATED] Passing lowercase HTTP method "get" is deprecated. Use uppercase HTTP method like "GET". in SYSTEMPATH/Router/RouteCollection.php on line 1026.
 1 SYSTEMPATH/Router/RouteCollection.php(1026): trigger_error('Passing lowercase HTTP method "get" is deprecated. Use uppercase HTTP method like "GET".', 16384)
 2 APPPATH/Config/Routes.php(261): CodeIgniter\Router\RouteCollection->match([...], 'crear', 'Youtube::crearLista')
 3 SYSTEMPATH/Router/RouteCollection.php(799): CodeIgniter\Router\RouteCollection::{closure}(Object(CodeIgniter\Router\RouteCollection))
 4 APPPATH/Config/Routes.php(259): CodeIgniter\Router\RouteCollection->group('youtube', [...], Object(Closure))
 5 SYSTEMPATH/Router/RouteCollection.php(339): require('/Applications/ServBay/www/trackbitos/app/Config/Routes.php')
 6 SYSTEMPATH/CodeIgniter.php(821): CodeIgniter\Router\RouteCollection->loadRoutes()
 7 SYSTEMPATH/CodeIgniter.php(455): CodeIgniter\CodeIgniter->tryToRouteIt(null)
 8 SYSTEMPATH/CodeIgniter.php(354): CodeIgniter\CodeIgniter->handleRequest(null, Object(Config\Cache), false)
 9 SYSTEMPATH/Boot.php(363): CodeIgniter\CodeIgniter->run()
10 SYSTEMPATH/Boot.php(68): CodeIgniter\Boot::runCodeIgniter(Object(CodeIgniter\CodeIgniter))
11 FCPATH/index.php(59): CodeIgniter\Boot::bootWeb(Object(Config\Paths))
WARNING - 2025-09-05 06:18:56 --> [DEPRECATED] Passing lowercase HTTP method "post" is deprecated. Use uppercase HTTP method like "POST". in SYSTEMPATH/Router/RouteCollection.php on line 1026.
 1 SYSTEMPATH/Router/RouteCollection.php(1026): trigger_error('Passing lowercase HTTP method "post" is deprecated. Use uppercase HTTP method like "POST".', 16384)
 2 APPPATH/Config/Routes.php(261): CodeIgniter\Router\RouteCollection->match([...], 'crear', 'Youtube::crearLista')
 3 SYSTEMPATH/Router/RouteCollection.php(799): CodeIgniter\Router\RouteCollection::{closure}(Object(CodeIgniter\Router\RouteCollection))
 4 APPPATH/Config/Routes.php(259): CodeIgniter\Router\RouteCollection->group('youtube', [...], Object(Closure))
 5 SYSTEMPATH/Router/RouteCollection.php(339): require('/Applications/ServBay/www/trackbitos/app/Config/Routes.php')
 6 SYSTEMPATH/CodeIgniter.php(821): CodeIgniter\Router\RouteCollection->loadRoutes()
 7 SYSTEMPATH/CodeIgniter.php(455): CodeIgniter\CodeIgniter->tryToRouteIt(null)
 8 SYSTEMPATH/CodeIgniter.php(354): CodeIgniter\CodeIgniter->handleRequest(null, Object(Config\Cache), false)
 9 SYSTEMPATH/Boot.php(363): CodeIgniter\CodeIgniter->run()
10 SYSTEMPATH/Boot.php(68): CodeIgniter\Boot::runCodeIgniter(Object(CodeIgniter\CodeIgniter))
11 FCPATH/index.php(59): CodeIgniter\Boot::bootWeb(Object(Config\Paths))
DEBUG - 2025-09-05 06:18:56 --> Session: Class initialized using 'CodeIgniter\Session\Handlers\FileHandler' driver.
CRITICAL - 2025-09-05 06:18:56 --> ErrorException: Undefined array key "cantidad"
[Method: GET, Route: comidas/diario/2025-09-02]
in APPPATH/Views/comidas/diario/resumen.php on line 251.
 1 APPPATH/Views/comidas/diario/resumen.php(251): CodeIgniter\Debug\Exceptions->errorHandler()
 2 SYSTEMPATH/View/View.php(226): include('/Applications/ServBay/www/trackbitos/app/Views/comidas/diario/resumen.php')
 3 SYSTEMPATH/View/View.php(229): CodeIgniter\View\View->CodeIgniter\View\{closure}()
 4 SYSTEMPATH/Common.php(1167): CodeIgniter\View\View->render()
 5 APPPATH/Controllers/Comidas/Diario.php(244): view()
 6 SYSTEMPATH/CodeIgniter.php(933): App\Controllers\Comidas\Diario->ver()
 7 SYSTEMPATH/CodeIgniter.php(507): CodeIgniter\CodeIgniter->runController()
 8 SYSTEMPATH/CodeIgniter.php(354): CodeIgniter\CodeIgniter->handleRequest()
 9 SYSTEMPATH/Boot.php(363): CodeIgniter\CodeIgniter->run()
10 SYSTEMPATH/Boot.php(68): CodeIgniter\Boot::runCodeIgniter()
11 FCPATH/index.php(59): CodeIgniter\Boot::bootWeb()
WARNING - 2025-09-05 06:19:04 --> [DEPRECATED] Passing lowercase HTTP method "get" is deprecated. Use uppercase HTTP method like "GET". in SYSTEMPATH/Router/RouteCollection.php on line 1026.
 1 SYSTEMPATH/Router/RouteCollection.php(1026): trigger_error('Passing lowercase HTTP method "get" is deprecated. Use uppercase HTTP method like "GET".', 16384)
 2 APPPATH/Config/Routes.php(146): CodeIgniter\Router\RouteCollection->match([...], 'mesociclos/nuevo', 'GimnasioMesociclos::nuevo')
 3 SYSTEMPATH/Router/RouteCollection.php(799): CodeIgniter\Router\RouteCollection::{closure}(Object(CodeIgniter\Router\RouteCollection))
 4 APPPATH/Config/Routes.php(144): CodeIgniter\Router\RouteCollection->group('gimnasio', [...], Object(Closure))
 5 SYSTEMPATH/Router/RouteCollection.php(339): require('/Applications/ServBay/www/trackbitos/app/Config/Routes.php')
 6 SYSTEMPATH/CodeIgniter.php(821): CodeIgniter\Router\RouteCollection->loadRoutes()
 7 SYSTEMPATH/CodeIgniter.php(455): CodeIgniter\CodeIgniter->tryToRouteIt(null)
 8 SYSTEMPATH/CodeIgniter.php(354): CodeIgniter\CodeIgniter->handleRequest(null, Object(Config\Cache), false)
 9 SYSTEMPATH/Boot.php(363): CodeIgniter\CodeIgniter->run()
10 SYSTEMPATH/Boot.php(68): CodeIgniter\Boot::runCodeIgniter(Object(CodeIgniter\CodeIgniter))
11 FCPATH/index.php(59): CodeIgniter\Boot::bootWeb(Object(Config\Paths))
WARNING - 2025-09-05 06:19:04 --> [DEPRECATED] Passing lowercase HTTP method "post" is deprecated. Use uppercase HTTP method like "POST". in SYSTEMPATH/Router/RouteCollection.php on line 1026.
 1 SYSTEMPATH/Router/RouteCollection.php(1026): trigger_error('Passing lowercase HTTP method "post" is deprecated. Use uppercase HTTP method like "POST".', 16384)
 2 APPPATH/Config/Routes.php(146): CodeIgniter\Router\RouteCollection->match([...], 'mesociclos/nuevo', 'GimnasioMesociclos::nuevo')
 3 SYSTEMPATH/Router/RouteCollection.php(799): CodeIgniter\Router\RouteCollection::{closure}(Object(CodeIgniter\Router\RouteCollection))
 4 APPPATH/Config/Routes.php(144): CodeIgniter\Router\RouteCollection->group('gimnasio', [...], Object(Closure))
 5 SYSTEMPATH/Router/RouteCollection.php(339): require('/Applications/ServBay/www/trackbitos/app/Config/Routes.php')
 6 SYSTEMPATH/CodeIgniter.php(821): CodeIgniter\Router\RouteCollection->loadRoutes()
 7 SYSTEMPATH/CodeIgniter.php(455): CodeIgniter\CodeIgniter->tryToRouteIt(null)
 8 SYSTEMPATH/CodeIgniter.php(354): CodeIgniter\CodeIgniter->handleRequest(null, Object(Config\Cache), false)
 9 SYSTEMPATH/Boot.php(363): CodeIgniter\CodeIgniter->run()
10 SYSTEMPATH/Boot.php(68): CodeIgniter\Boot::runCodeIgniter(Object(CodeIgniter\CodeIgniter))
11 FCPATH/index.php(59): CodeIgniter\Boot::bootWeb(Object(Config\Paths))
WARNING - 2025-09-05 06:19:04 --> [DEPRECATED] Passing lowercase HTTP method "get" is deprecated. Use uppercase HTTP method like "GET". in SYSTEMPATH/Router/RouteCollection.php on line 1026.
 1 SYSTEMPATH/Router/RouteCollection.php(1026): trigger_error('Passing lowercase HTTP method "get" is deprecated. Use uppercase HTTP method like "GET".', 16384)
 2 APPPATH/Config/Routes.php(148): CodeIgniter\Router\RouteCollection->match([...], 'mesociclos/(:num)/bloque/nuevo', 'GimnasioMesociclos::bloqueNuevo/$1')
 3 SYSTEMPATH/Router/RouteCollection.php(799): CodeIgniter\Router\RouteCollection::{closure}(Object(CodeIgniter\Router\RouteCollection))
 4 APPPATH/Config/Routes.php(144): CodeIgniter\Router\RouteCollection->group('gimnasio', [...], Object(Closure))
 5 SYSTEMPATH/Router/RouteCollection.php(339): require('/Applications/ServBay/www/trackbitos/app/Config/Routes.php')
 6 SYSTEMPATH/CodeIgniter.php(821): CodeIgniter\Router\RouteCollection->loadRoutes()
 7 SYSTEMPATH/CodeIgniter.php(455): CodeIgniter\CodeIgniter->tryToRouteIt(null)
 8 SYSTEMPATH/CodeIgniter.php(354): CodeIgniter\CodeIgniter->handleRequest(null, Object(Config\Cache), false)
 9 SYSTEMPATH/Boot.php(363): CodeIgniter\CodeIgniter->run()
10 SYSTEMPATH/Boot.php(68): CodeIgniter\Boot::runCodeIgniter(Object(CodeIgniter\CodeIgniter))
11 FCPATH/index.php(59): CodeIgniter\Boot::bootWeb(Object(Config\Paths))
WARNING - 2025-09-05 06:19:04 --> [DEPRECATED] Passing lowercase HTTP method "post" is deprecated. Use uppercase HTTP method like "POST". in SYSTEMPATH/Router/RouteCollection.php on line 1026.
 1 SYSTEMPATH/Router/RouteCollection.php(1026): trigger_error('Passing lowercase HTTP method "post" is deprecated. Use uppercase HTTP method like "POST".', 16384)
 2 APPPATH/Config/Routes.php(148): CodeIgniter\Router\RouteCollection->match([...], 'mesociclos/(:num)/bloque/nuevo', 'GimnasioMesociclos::bloqueNuevo/$1')
 3 SYSTEMPATH/Router/RouteCollection.php(799): CodeIgniter\Router\RouteCollection::{closure}(Object(CodeIgniter\Router\RouteCollection))
 4 APPPATH/Config/Routes.php(144): CodeIgniter\Router\RouteCollection->group('gimnasio', [...], Object(Closure))
 5 SYSTEMPATH/Router/RouteCollection.php(339): require('/Applications/ServBay/www/trackbitos/app/Config/Routes.php')
 6 SYSTEMPATH/CodeIgniter.php(821): CodeIgniter\Router\RouteCollection->loadRoutes()
 7 SYSTEMPATH/CodeIgniter.php(455): CodeIgniter\CodeIgniter->tryToRouteIt(null)
 8 SYSTEMPATH/CodeIgniter.php(354): CodeIgniter\CodeIgniter->handleRequest(null, Object(Config\Cache), false)
 9 SYSTEMPATH/Boot.php(363): CodeIgniter\CodeIgniter->run()
10 SYSTEMPATH/Boot.php(68): CodeIgniter\Boot::runCodeIgniter(Object(CodeIgniter\CodeIgniter))
11 FCPATH/index.php(59): CodeIgniter\Boot::bootWeb(Object(Config\Paths))
WARNING - 2025-09-05 06:19:04 --> [DEPRECATED] Passing lowercase HTTP method "get" is deprecated. Use uppercase HTTP method like "GET". in SYSTEMPATH/Router/RouteCollection.php on line 1026.
 1 SYSTEMPATH/Router/RouteCollection.php(1026): trigger_error('Passing lowercase HTTP method "get" is deprecated. Use uppercase HTTP method like "GET".', 16384)
 2 APPPATH/Config/Routes.php(150): CodeIgniter\Router\RouteCollection->match([...], 'mesociclos/(:num)/asignar/(:num)', 'GimnasioMesociclos::asignar/$1/$2')
 3 SYSTEMPATH/Router/RouteCollection.php(799): CodeIgniter\Router\RouteCollection::{closure}(Object(CodeIgniter\Router\RouteCollection))
 4 APPPATH/Config/Routes.php(144): CodeIgniter\Router\RouteCollection->group('gimnasio', [...], Object(Closure))
 5 SYSTEMPATH/Router/RouteCollection.php(339): require('/Applications/ServBay/www/trackbitos/app/Config/Routes.php')
 6 SYSTEMPATH/CodeIgniter.php(821): CodeIgniter\Router\RouteCollection->loadRoutes()
 7 SYSTEMPATH/CodeIgniter.php(455): CodeIgniter\CodeIgniter->tryToRouteIt(null)
 8 SYSTEMPATH/CodeIgniter.php(354): CodeIgniter\CodeIgniter->handleRequest(null, Object(Config\Cache), false)
 9 SYSTEMPATH/Boot.php(363): CodeIgniter\CodeIgniter->run()
10 SYSTEMPATH/Boot.php(68): CodeIgniter\Boot::runCodeIgniter(Object(CodeIgniter\CodeIgniter))
11 FCPATH/index.php(59): CodeIgniter\Boot::bootWeb(Object(Config\Paths))
WARNING - 2025-09-05 06:19:04 --> [DEPRECATED] Passing lowercase HTTP method "post" is deprecated. Use uppercase HTTP method like "POST". in SYSTEMPATH/Router/RouteCollection.php on line 1026.
 1 SYSTEMPATH/Router/RouteCollection.php(1026): trigger_error('Passing lowercase HTTP method "post" is deprecated. Use uppercase HTTP method like "POST".', 16384)
 2 APPPATH/Config/Routes.php(150): CodeIgniter\Router\RouteCollection->match([...], 'mesociclos/(:num)/asignar/(:num)', 'GimnasioMesociclos::asignar/$1/$2')
 3 SYSTEMPATH/Router/RouteCollection.php(799): CodeIgniter\Router\RouteCollection::{closure}(Object(CodeIgniter\Router\RouteCollection))
 4 APPPATH/Config/Routes.php(144): CodeIgniter\Router\RouteCollection->group('gimnasio', [...], Object(Closure))
 5 SYSTEMPATH/Router/RouteCollection.php(339): require('/Applications/ServBay/www/trackbitos/app/Config/Routes.php')
 6 SYSTEMPATH/CodeIgniter.php(821): CodeIgniter\Router\RouteCollection->loadRoutes()
 7 SYSTEMPATH/CodeIgniter.php(455): CodeIgniter\CodeIgniter->tryToRouteIt(null)
 8 SYSTEMPATH/CodeIgniter.php(354): CodeIgniter\CodeIgniter->handleRequest(null, Object(Config\Cache), false)
 9 SYSTEMPATH/Boot.php(363): CodeIgniter\CodeIgniter->run()
10 SYSTEMPATH/Boot.php(68): CodeIgniter\Boot::runCodeIgniter(Object(CodeIgniter\CodeIgniter))
11 FCPATH/index.php(59): CodeIgniter\Boot::bootWeb(Object(Config\Paths))
WARNING - 2025-09-05 06:19:04 --> [DEPRECATED] Passing lowercase HTTP method "get" is deprecated. Use uppercase HTTP method like "GET". in SYSTEMPATH/Router/RouteCollection.php on line 1026.
 1 SYSTEMPATH/Router/RouteCollection.php(1026): trigger_error('Passing lowercase HTTP method "get" is deprecated. Use uppercase HTTP method like "GET".', 16384)
 2 APPPATH/Config/Routes.php(153): CodeIgniter\Router\RouteCollection->match([...], 'mesociclos/(:num)/generar', 'GimnasioMesociclos::generar/$1')
 3 SYSTEMPATH/Router/RouteCollection.php(799): CodeIgniter\Router\RouteCollection::{closure}(Object(CodeIgniter\Router\RouteCollection))
 4 APPPATH/Config/Routes.php(144): CodeIgniter\Router\RouteCollection->group('gimnasio', [...], Object(Closure))
 5 SYSTEMPATH/Router/RouteCollection.php(339): require('/Applications/ServBay/www/trackbitos/app/Config/Routes.php')
 6 SYSTEMPATH/CodeIgniter.php(821): CodeIgniter\Router\RouteCollection->loadRoutes()
 7 SYSTEMPATH/CodeIgniter.php(455): CodeIgniter\CodeIgniter->tryToRouteIt(null)
 8 SYSTEMPATH/CodeIgniter.php(354): CodeIgniter\CodeIgniter->handleRequest(null, Object(Config\Cache), false)
 9 SYSTEMPATH/Boot.php(363): CodeIgniter\CodeIgniter->run()
10 SYSTEMPATH/Boot.php(68): CodeIgniter\Boot::runCodeIgniter(Object(CodeIgniter\CodeIgniter))
11 FCPATH/index.php(59): CodeIgniter\Boot::bootWeb(Object(Config\Paths))
WARNING - 2025-09-05 06:19:04 --> [DEPRECATED] Passing lowercase HTTP method "post" is deprecated. Use uppercase HTTP method like "POST". in SYSTEMPATH/Router/RouteCollection.php on line 1026.
 1 SYSTEMPATH/Router/RouteCollection.php(1026): trigger_error('Passing lowercase HTTP method "post" is deprecated. Use uppercase HTTP method like "POST".', 16384)
 2 APPPATH/Config/Routes.php(153): CodeIgniter\Router\RouteCollection->match([...], 'mesociclos/(:num)/generar', 'GimnasioMesociclos::generar/$1')
 3 SYSTEMPATH/Router/RouteCollection.php(799): CodeIgniter\Router\RouteCollection::{closure}(Object(CodeIgniter\Router\RouteCollection))
 4 APPPATH/Config/Routes.php(144): CodeIgniter\Router\RouteCollection->group('gimnasio', [...], Object(Closure))
 5 SYSTEMPATH/Router/RouteCollection.php(339): require('/Applications/ServBay/www/trackbitos/app/Config/Routes.php')
 6 SYSTEMPATH/CodeIgniter.php(821): CodeIgniter\Router\RouteCollection->loadRoutes()
 7 SYSTEMPATH/CodeIgniter.php(455): CodeIgniter\CodeIgniter->tryToRouteIt(null)
 8 SYSTEMPATH/CodeIgniter.php(354): CodeIgniter\CodeIgniter->handleRequest(null, Object(Config\Cache), false)
 9 SYSTEMPATH/Boot.php(363): CodeIgniter\CodeIgniter->run()
10 SYSTEMPATH/Boot.php(68): CodeIgniter\Boot::runCodeIgniter(Object(CodeIgniter\CodeIgniter))
11 FCPATH/index.php(59): CodeIgniter\Boot::bootWeb(Object(Config\Paths))
WARNING - 2025-09-05 06:19:04 --> [DEPRECATED] Passing lowercase HTTP method "get" is deprecated. Use uppercase HTTP method like "GET". in SYSTEMPATH/Router/RouteCollection.php on line 1026.
 1 SYSTEMPATH/Router/RouteCollection.php(1026): trigger_error('Passing lowercase HTTP method "get" is deprecated. Use uppercase HTTP method like "GET".', 16384)
 2 APPPATH/Config/Routes.php(161): CodeIgniter\Router\RouteCollection->match([...], 'mesociclos/(:num)/generar/bilbo', 'GimnasioMesociclos::generarBilbo/$1')
 3 SYSTEMPATH/Router/RouteCollection.php(799): CodeIgniter\Router\RouteCollection::{closure}(Object(CodeIgniter\Router\RouteCollection))
 4 APPPATH/Config/Routes.php(144): CodeIgniter\Router\RouteCollection->group('gimnasio', [...], Object(Closure))
 5 SYSTEMPATH/Router/RouteCollection.php(339): require('/Applications/ServBay/www/trackbitos/app/Config/Routes.php')
 6 SYSTEMPATH/CodeIgniter.php(821): CodeIgniter\Router\RouteCollection->loadRoutes()
 7 SYSTEMPATH/CodeIgniter.php(455): CodeIgniter\CodeIgniter->tryToRouteIt(null)
 8 SYSTEMPATH/CodeIgniter.php(354): CodeIgniter\CodeIgniter->handleRequest(null, Object(Config\Cache), false)
 9 SYSTEMPATH/Boot.php(363): CodeIgniter\CodeIgniter->run()
10 SYSTEMPATH/Boot.php(68): CodeIgniter\Boot::runCodeIgniter(Object(CodeIgniter\CodeIgniter))
11 FCPATH/index.php(59): CodeIgniter\Boot::bootWeb(Object(Config\Paths))
WARNING - 2025-09-05 06:19:04 --> [DEPRECATED] Passing lowercase HTTP method "post" is deprecated. Use uppercase HTTP method like "POST". in SYSTEMPATH/Router/RouteCollection.php on line 1026.
 1 SYSTEMPATH/Router/RouteCollection.php(1026): trigger_error('Passing lowercase HTTP method "post" is deprecated. Use uppercase HTTP method like "POST".', 16384)
 2 APPPATH/Config/Routes.php(161): CodeIgniter\Router\RouteCollection->match([...], 'mesociclos/(:num)/generar/bilbo', 'GimnasioMesociclos::generarBilbo/$1')
 3 SYSTEMPATH/Router/RouteCollection.php(799): CodeIgniter\Router\RouteCollection::{closure}(Object(CodeIgniter\Router\RouteCollection))
 4 APPPATH/Config/Routes.php(144): CodeIgniter\Router\RouteCollection->group('gimnasio', [...], Object(Closure))
 5 SYSTEMPATH/Router/RouteCollection.php(339): require('/Applications/ServBay/www/trackbitos/app/Config/Routes.php')
 6 SYSTEMPATH/CodeIgniter.php(821): CodeIgniter\Router\RouteCollection->loadRoutes()
 7 SYSTEMPATH/CodeIgniter.php(455): CodeIgniter\CodeIgniter->tryToRouteIt(null)
 8 SYSTEMPATH/CodeIgniter.php(354): CodeIgniter\CodeIgniter->handleRequest(null, Object(Config\Cache), false)
 9 SYSTEMPATH/Boot.php(363): CodeIgniter\CodeIgniter->run()
10 SYSTEMPATH/Boot.php(68): CodeIgniter\Boot::runCodeIgniter(Object(CodeIgniter\CodeIgniter))
11 FCPATH/index.php(59): CodeIgniter\Boot::bootWeb(Object(Config\Paths))
WARNING - 2025-09-05 06:19:04 --> [DEPRECATED] Passing lowercase HTTP method "get" is deprecated. Use uppercase HTTP method like "GET". in SYSTEMPATH/Router/RouteCollection.php on line 1026.
 1 SYSTEMPATH/Router/RouteCollection.php(1026): trigger_error('Passing lowercase HTTP method "get" is deprecated. Use uppercase HTTP method like "GET".', 16384)
 2 APPPATH/Config/Routes.php(261): CodeIgniter\Router\RouteCollection->match([...], 'crear', 'Youtube::crearLista')
 3 SYSTEMPATH/Router/RouteCollection.php(799): CodeIgniter\Router\RouteCollection::{closure}(Object(CodeIgniter\Router\RouteCollection))
 4 APPPATH/Config/Routes.php(259): CodeIgniter\Router\RouteCollection->group('youtube', [...], Object(Closure))
 5 SYSTEMPATH/Router/RouteCollection.php(339): require('/Applications/ServBay/www/trackbitos/app/Config/Routes.php')
 6 SYSTEMPATH/CodeIgniter.php(821): CodeIgniter\Router\RouteCollection->loadRoutes()
 7 SYSTEMPATH/CodeIgniter.php(455): CodeIgniter\CodeIgniter->tryToRouteIt(null)
 8 SYSTEMPATH/CodeIgniter.php(354): CodeIgniter\CodeIgniter->handleRequest(null, Object(Config\Cache), false)
 9 SYSTEMPATH/Boot.php(363): CodeIgniter\CodeIgniter->run()
10 SYSTEMPATH/Boot.php(68): CodeIgniter\Boot::runCodeIgniter(Object(CodeIgniter\CodeIgniter))
11 FCPATH/index.php(59): CodeIgniter\Boot::bootWeb(Object(Config\Paths))
WARNING - 2025-09-05 06:19:04 --> [DEPRECATED] Passing lowercase HTTP method "post" is deprecated. Use uppercase HTTP method like "POST". in SYSTEMPATH/Router/RouteCollection.php on line 1026.
 1 SYSTEMPATH/Router/RouteCollection.php(1026): trigger_error('Passing lowercase HTTP method "post" is deprecated. Use uppercase HTTP method like "POST".', 16384)
 2 APPPATH/Config/Routes.php(261): CodeIgniter\Router\RouteCollection->match([...], 'crear', 'Youtube::crearLista')
 3 SYSTEMPATH/Router/RouteCollection.php(799): CodeIgniter\Router\RouteCollection::{closure}(Object(CodeIgniter\Router\RouteCollection))
 4 APPPATH/Config/Routes.php(259): CodeIgniter\Router\RouteCollection->group('youtube', [...], Object(Closure))
 5 SYSTEMPATH/Router/RouteCollection.php(339): require('/Applications/ServBay/www/trackbitos/app/Config/Routes.php')
 6 SYSTEMPATH/CodeIgniter.php(821): CodeIgniter\Router\RouteCollection->loadRoutes()
 7 SYSTEMPATH/CodeIgniter.php(455): CodeIgniter\CodeIgniter->tryToRouteIt(null)
 8 SYSTEMPATH/CodeIgniter.php(354): CodeIgniter\CodeIgniter->handleRequest(null, Object(Config\Cache), false)
 9 SYSTEMPATH/Boot.php(363): CodeIgniter\CodeIgniter->run()
10 SYSTEMPATH/Boot.php(68): CodeIgniter\Boot::runCodeIgniter(Object(CodeIgniter\CodeIgniter))
11 FCPATH/index.php(59): CodeIgniter\Boot::bootWeb(Object(Config\Paths))
DEBUG - 2025-09-05 06:19:04 --> Session: Class initialized using 'CodeIgniter\Session\Handlers\FileHandler' driver.
CRITICAL - 2025-09-05 06:19:04 --> ErrorException: Undefined array key "gramos"
[Method: GET, Route: comidas/diario/2025-09-02]
in APPPATH/Views/comidas/diario/resumen.php on line 251.
 1 APPPATH/Views/comidas/diario/resumen.php(251): CodeIgniter\Debug\Exceptions->errorHandler()
 2 SYSTEMPATH/View/View.php(226): include('/Applications/ServBay/www/trackbitos/app/Views/comidas/diario/resumen.php')
 3 SYSTEMPATH/View/View.php(229): CodeIgniter\View\View->CodeIgniter\View\{closure}()
 4 SYSTEMPATH/Common.php(1167): CodeIgniter\View\View->render()
 5 APPPATH/Controllers/Comidas/Diario.php(244): view()
 6 SYSTEMPATH/CodeIgniter.php(933): App\Controllers\Comidas\Diario->ver()
 7 SYSTEMPATH/CodeIgniter.php(507): CodeIgniter\CodeIgniter->runController()
 8 SYSTEMPATH/CodeIgniter.php(354): CodeIgniter\CodeIgniter->handleRequest()
 9 SYSTEMPATH/Boot.php(363): CodeIgniter\CodeIgniter->run()
10 SYSTEMPATH/Boot.php(68): CodeIgniter\Boot::runCodeIgniter()
11 FCPATH/index.php(59): CodeIgniter\Boot::bootWeb()
WARNING - 2025-09-05 06:19:08 --> [DEPRECATED] Passing lowercase HTTP method "get" is deprecated. Use uppercase HTTP method like "GET". in SYSTEMPATH/Router/RouteCollection.php on line 1026.
 1 SYSTEMPATH/Router/RouteCollection.php(1026): trigger_error('Passing lowercase HTTP method "get" is deprecated. Use uppercase HTTP method like "GET".', 16384)
 2 APPPATH/Config/Routes.php(146): CodeIgniter\Router\RouteCollection->match([...], 'mesociclos/nuevo', 'GimnasioMesociclos::nuevo')
 3 SYSTEMPATH/Router/RouteCollection.php(799): CodeIgniter\Router\RouteCollection::{closure}(Object(CodeIgniter\Router\RouteCollection))
 4 APPPATH/Config/Routes.php(144): CodeIgniter\Router\RouteCollection->group('gimnasio', [...], Object(Closure))
 5 SYSTEMPATH/Router/RouteCollection.php(339): require('/Applications/ServBay/www/trackbitos/app/Config/Routes.php')
 6 SYSTEMPATH/CodeIgniter.php(821): CodeIgniter\Router\RouteCollection->loadRoutes()
 7 SYSTEMPATH/CodeIgniter.php(455): CodeIgniter\CodeIgniter->tryToRouteIt(null)
 8 SYSTEMPATH/CodeIgniter.php(354): CodeIgniter\CodeIgniter->handleRequest(null, Object(Config\Cache), false)
 9 SYSTEMPATH/Boot.php(363): CodeIgniter\CodeIgniter->run()
10 SYSTEMPATH/Boot.php(68): CodeIgniter\Boot::runCodeIgniter(Object(CodeIgniter\CodeIgniter))
11 FCPATH/index.php(59): CodeIgniter\Boot::bootWeb(Object(Config\Paths))
WARNING - 2025-09-05 06:19:08 --> [DEPRECATED] Passing lowercase HTTP method "post" is deprecated. Use uppercase HTTP method like "POST". in SYSTEMPATH/Router/RouteCollection.php on line 1026.
 1 SYSTEMPATH/Router/RouteCollection.php(1026): trigger_error('Passing lowercase HTTP method "post" is deprecated. Use uppercase HTTP method like "POST".', 16384)
 2 APPPATH/Config/Routes.php(146): CodeIgniter\Router\RouteCollection->match([...], 'mesociclos/nuevo', 'GimnasioMesociclos::nuevo')
 3 SYSTEMPATH/Router/RouteCollection.php(799): CodeIgniter\Router\RouteCollection::{closure}(Object(CodeIgniter\Router\RouteCollection))
 4 APPPATH/Config/Routes.php(144): CodeIgniter\Router\RouteCollection->group('gimnasio', [...], Object(Closure))
 5 SYSTEMPATH/Router/RouteCollection.php(339): require('/Applications/ServBay/www/trackbitos/app/Config/Routes.php')
 6 SYSTEMPATH/CodeIgniter.php(821): CodeIgniter\Router\RouteCollection->loadRoutes()
 7 SYSTEMPATH/CodeIgniter.php(455): CodeIgniter\CodeIgniter->tryToRouteIt(null)
 8 SYSTEMPATH/CodeIgniter.php(354): CodeIgniter\CodeIgniter->handleRequest(null, Object(Config\Cache), false)
 9 SYSTEMPATH/Boot.php(363): CodeIgniter\CodeIgniter->run()
10 SYSTEMPATH/Boot.php(68): CodeIgniter\Boot::runCodeIgniter(Object(CodeIgniter\CodeIgniter))
11 FCPATH/index.php(59): CodeIgniter\Boot::bootWeb(Object(Config\Paths))
WARNING - 2025-09-05 06:19:08 --> [DEPRECATED] Passing lowercase HTTP method "get" is deprecated. Use uppercase HTTP method like "GET". in SYSTEMPATH/Router/RouteCollection.php on line 1026.
 1 SYSTEMPATH/Router/RouteCollection.php(1026): trigger_error('Passing lowercase HTTP method "get" is deprecated. Use uppercase HTTP method like "GET".', 16384)
 2 APPPATH/Config/Routes.php(148): CodeIgniter\Router\RouteCollection->match([...], 'mesociclos/(:num)/bloque/nuevo', 'GimnasioMesociclos::bloqueNuevo/$1')
 3 SYSTEMPATH/Router/RouteCollection.php(799): CodeIgniter\Router\RouteCollection::{closure}(Object(CodeIgniter\Router\RouteCollection))
 4 APPPATH/Config/Routes.php(144): CodeIgniter\Router\RouteCollection->group('gimnasio', [...], Object(Closure))
 5 SYSTEMPATH/Router/RouteCollection.php(339): require('/Applications/ServBay/www/trackbitos/app/Config/Routes.php')
 6 SYSTEMPATH/CodeIgniter.php(821): CodeIgniter\Router\RouteCollection->loadRoutes()
 7 SYSTEMPATH/CodeIgniter.php(455): CodeIgniter\CodeIgniter->tryToRouteIt(null)
 8 SYSTEMPATH/CodeIgniter.php(354): CodeIgniter\CodeIgniter->handleRequest(null, Object(Config\Cache), false)
 9 SYSTEMPATH/Boot.php(363): CodeIgniter\CodeIgniter->run()
10 SYSTEMPATH/Boot.php(68): CodeIgniter\Boot::runCodeIgniter(Object(CodeIgniter\CodeIgniter))
11 FCPATH/index.php(59): CodeIgniter\Boot::bootWeb(Object(Config\Paths))
WARNING - 2025-09-05 06:19:08 --> [DEPRECATED] Passing lowercase HTTP method "post" is deprecated. Use uppercase HTTP method like "POST". in SYSTEMPATH/Router/RouteCollection.php on line 1026.
 1 SYSTEMPATH/Router/RouteCollection.php(1026): trigger_error('Passing lowercase HTTP method "post" is deprecated. Use uppercase HTTP method like "POST".', 16384)
 2 APPPATH/Config/Routes.php(148): CodeIgniter\Router\RouteCollection->match([...], 'mesociclos/(:num)/bloque/nuevo', 'GimnasioMesociclos::bloqueNuevo/$1')
 3 SYSTEMPATH/Router/RouteCollection.php(799): CodeIgniter\Router\RouteCollection::{closure}(Object(CodeIgniter\Router\RouteCollection))
 4 APPPATH/Config/Routes.php(144): CodeIgniter\Router\RouteCollection->group('gimnasio', [...], Object(Closure))
 5 SYSTEMPATH/Router/RouteCollection.php(339): require('/Applications/ServBay/www/trackbitos/app/Config/Routes.php')
 6 SYSTEMPATH/CodeIgniter.php(821): CodeIgniter\Router\RouteCollection->loadRoutes()
 7 SYSTEMPATH/CodeIgniter.php(455): CodeIgniter\CodeIgniter->tryToRouteIt(null)
 8 SYSTEMPATH/CodeIgniter.php(354): CodeIgniter\CodeIgniter->handleRequest(null, Object(Config\Cache), false)
 9 SYSTEMPATH/Boot.php(363): CodeIgniter\CodeIgniter->run()
10 SYSTEMPATH/Boot.php(68): CodeIgniter\Boot::runCodeIgniter(Object(CodeIgniter\CodeIgniter))
11 FCPATH/index.php(59): CodeIgniter\Boot::bootWeb(Object(Config\Paths))
WARNING - 2025-09-05 06:19:08 --> [DEPRECATED] Passing lowercase HTTP method "get" is deprecated. Use uppercase HTTP method like "GET". in SYSTEMPATH/Router/RouteCollection.php on line 1026.
 1 SYSTEMPATH/Router/RouteCollection.php(1026): trigger_error('Passing lowercase HTTP method "get" is deprecated. Use uppercase HTTP method like "GET".', 16384)
 2 APPPATH/Config/Routes.php(150): CodeIgniter\Router\RouteCollection->match([...], 'mesociclos/(:num)/asignar/(:num)', 'GimnasioMesociclos::asignar/$1/$2')
 3 SYSTEMPATH/Router/RouteCollection.php(799): CodeIgniter\Router\RouteCollection::{closure}(Object(CodeIgniter\Router\RouteCollection))
 4 APPPATH/Config/Routes.php(144): CodeIgniter\Router\RouteCollection->group('gimnasio', [...], Object(Closure))
 5 SYSTEMPATH/Router/RouteCollection.php(339): require('/Applications/ServBay/www/trackbitos/app/Config/Routes.php')
 6 SYSTEMPATH/CodeIgniter.php(821): CodeIgniter\Router\RouteCollection->loadRoutes()
 7 SYSTEMPATH/CodeIgniter.php(455): CodeIgniter\CodeIgniter->tryToRouteIt(null)
 8 SYSTEMPATH/CodeIgniter.php(354): CodeIgniter\CodeIgniter->handleRequest(null, Object(Config\Cache), false)
 9 SYSTEMPATH/Boot.php(363): CodeIgniter\CodeIgniter->run()
10 SYSTEMPATH/Boot.php(68): CodeIgniter\Boot::runCodeIgniter(Object(CodeIgniter\CodeIgniter))
11 FCPATH/index.php(59): CodeIgniter\Boot::bootWeb(Object(Config\Paths))
WARNING - 2025-09-05 06:19:08 --> [DEPRECATED] Passing lowercase HTTP method "post" is deprecated. Use uppercase HTTP method like "POST". in SYSTEMPATH/Router/RouteCollection.php on line 1026.
 1 SYSTEMPATH/Router/RouteCollection.php(1026): trigger_error('Passing lowercase HTTP method "post" is deprecated. Use uppercase HTTP method like "POST".', 16384)
 2 APPPATH/Config/Routes.php(150): CodeIgniter\Router\RouteCollection->match([...], 'mesociclos/(:num)/asignar/(:num)', 'GimnasioMesociclos::asignar/$1/$2')
 3 SYSTEMPATH/Router/RouteCollection.php(799): CodeIgniter\Router\RouteCollection::{closure}(Object(CodeIgniter\Router\RouteCollection))
 4 APPPATH/Config/Routes.php(144): CodeIgniter\Router\RouteCollection->group('gimnasio', [...], Object(Closure))
 5 SYSTEMPATH/Router/RouteCollection.php(339): require('/Applications/ServBay/www/trackbitos/app/Config/Routes.php')
 6 SYSTEMPATH/CodeIgniter.php(821): CodeIgniter\Router\RouteCollection->loadRoutes()
 7 SYSTEMPATH/CodeIgniter.php(455): CodeIgniter\CodeIgniter->tryToRouteIt(null)
 8 SYSTEMPATH/CodeIgniter.php(354): CodeIgniter\CodeIgniter->handleRequest(null, Object(Config\Cache), false)
 9 SYSTEMPATH/Boot.php(363): CodeIgniter\CodeIgniter->run()
10 SYSTEMPATH/Boot.php(68): CodeIgniter\Boot::runCodeIgniter(Object(CodeIgniter\CodeIgniter))
11 FCPATH/index.php(59): CodeIgniter\Boot::bootWeb(Object(Config\Paths))
WARNING - 2025-09-05 06:19:08 --> [DEPRECATED] Passing lowercase HTTP method "get" is deprecated. Use uppercase HTTP method like "GET". in SYSTEMPATH/Router/RouteCollection.php on line 1026.
 1 SYSTEMPATH/Router/RouteCollection.php(1026): trigger_error('Passing lowercase HTTP method "get" is deprecated. Use uppercase HTTP method like "GET".', 16384)
 2 APPPATH/Config/Routes.php(153): CodeIgniter\Router\RouteCollection->match([...], 'mesociclos/(:num)/generar', 'GimnasioMesociclos::generar/$1')
 3 SYSTEMPATH/Router/RouteCollection.php(799): CodeIgniter\Router\RouteCollection::{closure}(Object(CodeIgniter\Router\RouteCollection))
 4 APPPATH/Config/Routes.php(144): CodeIgniter\Router\RouteCollection->group('gimnasio', [...], Object(Closure))
 5 SYSTEMPATH/Router/RouteCollection.php(339): require('/Applications/ServBay/www/trackbitos/app/Config/Routes.php')
 6 SYSTEMPATH/CodeIgniter.php(821): CodeIgniter\Router\RouteCollection->loadRoutes()
 7 SYSTEMPATH/CodeIgniter.php(455): CodeIgniter\CodeIgniter->tryToRouteIt(null)
 8 SYSTEMPATH/CodeIgniter.php(354): CodeIgniter\CodeIgniter->handleRequest(null, Object(Config\Cache), false)
 9 SYSTEMPATH/Boot.php(363): CodeIgniter\CodeIgniter->run()
10 SYSTEMPATH/Boot.php(68): CodeIgniter\Boot::runCodeIgniter(Object(CodeIgniter\CodeIgniter))
11 FCPATH/index.php(59): CodeIgniter\Boot::bootWeb(Object(Config\Paths))
WARNING - 2025-09-05 06:19:08 --> [DEPRECATED] Passing lowercase HTTP method "post" is deprecated. Use uppercase HTTP method like "POST". in SYSTEMPATH/Router/RouteCollection.php on line 1026.
 1 SYSTEMPATH/Router/RouteCollection.php(1026): trigger_error('Passing lowercase HTTP method "post" is deprecated. Use uppercase HTTP method like "POST".', 16384)
 2 APPPATH/Config/Routes.php(153): CodeIgniter\Router\RouteCollection->match([...], 'mesociclos/(:num)/generar', 'GimnasioMesociclos::generar/$1')
 3 SYSTEMPATH/Router/RouteCollection.php(799): CodeIgniter\Router\RouteCollection::{closure}(Object(CodeIgniter\Router\RouteCollection))
 4 APPPATH/Config/Routes.php(144): CodeIgniter\Router\RouteCollection->group('gimnasio', [...], Object(Closure))
 5 SYSTEMPATH/Router/RouteCollection.php(339): require('/Applications/ServBay/www/trackbitos/app/Config/Routes.php')
 6 SYSTEMPATH/CodeIgniter.php(821): CodeIgniter\Router\RouteCollection->loadRoutes()
 7 SYSTEMPATH/CodeIgniter.php(455): CodeIgniter\CodeIgniter->tryToRouteIt(null)
 8 SYSTEMPATH/CodeIgniter.php(354): CodeIgniter\CodeIgniter->handleRequest(null, Object(Config\Cache), false)
 9 SYSTEMPATH/Boot.php(363): CodeIgniter\CodeIgniter->run()
10 SYSTEMPATH/Boot.php(68): CodeIgniter\Boot::runCodeIgniter(Object(CodeIgniter\CodeIgniter))
11 FCPATH/index.php(59): CodeIgniter\Boot::bootWeb(Object(Config\Paths))
WARNING - 2025-09-05 06:19:08 --> [DEPRECATED] Passing lowercase HTTP method "get" is deprecated. Use uppercase HTTP method like "GET". in SYSTEMPATH/Router/RouteCollection.php on line 1026.
 1 SYSTEMPATH/Router/RouteCollection.php(1026): trigger_error('Passing lowercase HTTP method "get" is deprecated. Use uppercase HTTP method like "GET".', 16384)
 2 APPPATH/Config/Routes.php(161): CodeIgniter\Router\RouteCollection->match([...], 'mesociclos/(:num)/generar/bilbo', 'GimnasioMesociclos::generarBilbo/$1')
 3 SYSTEMPATH/Router/RouteCollection.php(799): CodeIgniter\Router\RouteCollection::{closure}(Object(CodeIgniter\Router\RouteCollection))
 4 APPPATH/Config/Routes.php(144): CodeIgniter\Router\RouteCollection->group('gimnasio', [...], Object(Closure))
 5 SYSTEMPATH/Router/RouteCollection.php(339): require('/Applications/ServBay/www/trackbitos/app/Config/Routes.php')
 6 SYSTEMPATH/CodeIgniter.php(821): CodeIgniter\Router\RouteCollection->loadRoutes()
 7 SYSTEMPATH/CodeIgniter.php(455): CodeIgniter\CodeIgniter->tryToRouteIt(null)
 8 SYSTEMPATH/CodeIgniter.php(354): CodeIgniter\CodeIgniter->handleRequest(null, Object(Config\Cache), false)
 9 SYSTEMPATH/Boot.php(363): CodeIgniter\CodeIgniter->run()
10 SYSTEMPATH/Boot.php(68): CodeIgniter\Boot::runCodeIgniter(Object(CodeIgniter\CodeIgniter))
11 FCPATH/index.php(59): CodeIgniter\Boot::bootWeb(Object(Config\Paths))
WARNING - 2025-09-05 06:19:08 --> [DEPRECATED] Passing lowercase HTTP method "post" is deprecated. Use uppercase HTTP method like "POST". in SYSTEMPATH/Router/RouteCollection.php on line 1026.
 1 SYSTEMPATH/Router/RouteCollection.php(1026): trigger_error('Passing lowercase HTTP method "post" is deprecated. Use uppercase HTTP method like "POST".', 16384)
 2 APPPATH/Config/Routes.php(161): CodeIgniter\Router\RouteCollection->match([...], 'mesociclos/(:num)/generar/bilbo', 'GimnasioMesociclos::generarBilbo/$1')
 3 SYSTEMPATH/Router/RouteCollection.php(799): CodeIgniter\Router\RouteCollection::{closure}(Object(CodeIgniter\Router\RouteCollection))
 4 APPPATH/Config/Routes.php(144): CodeIgniter\Router\RouteCollection->group('gimnasio', [...], Object(Closure))
 5 SYSTEMPATH/Router/RouteCollection.php(339): require('/Applications/ServBay/www/trackbitos/app/Config/Routes.php')
 6 SYSTEMPATH/CodeIgniter.php(821): CodeIgniter\Router\RouteCollection->loadRoutes()
 7 SYSTEMPATH/CodeIgniter.php(455): CodeIgniter\CodeIgniter->tryToRouteIt(null)
 8 SYSTEMPATH/CodeIgniter.php(354): CodeIgniter\CodeIgniter->handleRequest(null, Object(Config\Cache), false)
 9 SYSTEMPATH/Boot.php(363): CodeIgniter\CodeIgniter->run()
10 SYSTEMPATH/Boot.php(68): CodeIgniter\Boot::runCodeIgniter(Object(CodeIgniter\CodeIgniter))
11 FCPATH/index.php(59): CodeIgniter\Boot::bootWeb(Object(Config\Paths))
WARNING - 2025-09-05 06:19:08 --> [DEPRECATED] Passing lowercase HTTP method "get" is deprecated. Use uppercase HTTP method like "GET". in SYSTEMPATH/Router/RouteCollection.php on line 1026.
 1 SYSTEMPATH/Router/RouteCollection.php(1026): trigger_error('Passing lowercase HTTP method "get" is deprecated. Use uppercase HTTP method like "GET".', 16384)
 2 APPPATH/Config/Routes.php(261): CodeIgniter\Router\RouteCollection->match([...], 'crear', 'Youtube::crearLista')
 3 SYSTEMPATH/Router/RouteCollection.php(799): CodeIgniter\Router\RouteCollection::{closure}(Object(CodeIgniter\Router\RouteCollection))
 4 APPPATH/Config/Routes.php(259): CodeIgniter\Router\RouteCollection->group('youtube', [...], Object(Closure))
 5 SYSTEMPATH/Router/RouteCollection.php(339): require('/Applications/ServBay/www/trackbitos/app/Config/Routes.php')
 6 SYSTEMPATH/CodeIgniter.php(821): CodeIgniter\Router\RouteCollection->loadRoutes()
 7 SYSTEMPATH/CodeIgniter.php(455): CodeIgniter\CodeIgniter->tryToRouteIt(null)
 8 SYSTEMPATH/CodeIgniter.php(354): CodeIgniter\CodeIgniter->handleRequest(null, Object(Config\Cache), false)
 9 SYSTEMPATH/Boot.php(363): CodeIgniter\CodeIgniter->run()
10 SYSTEMPATH/Boot.php(68): CodeIgniter\Boot::runCodeIgniter(Object(CodeIgniter\CodeIgniter))
11 FCPATH/index.php(59): CodeIgniter\Boot::bootWeb(Object(Config\Paths))
WARNING - 2025-09-05 06:19:08 --> [DEPRECATED] Passing lowercase HTTP method "post" is deprecated. Use uppercase HTTP method like "POST". in SYSTEMPATH/Router/RouteCollection.php on line 1026.
 1 SYSTEMPATH/Router/RouteCollection.php(1026): trigger_error('Passing lowercase HTTP method "post" is deprecated. Use uppercase HTTP method like "POST".', 16384)
 2 APPPATH/Config/Routes.php(261): CodeIgniter\Router\RouteCollection->match([...], 'crear', 'Youtube::crearLista')
 3 SYSTEMPATH/Router/RouteCollection.php(799): CodeIgniter\Router\RouteCollection::{closure}(Object(CodeIgniter\Router\RouteCollection))
 4 APPPATH/Config/Routes.php(259): CodeIgniter\Router\RouteCollection->group('youtube', [...], Object(Closure))
 5 SYSTEMPATH/Router/RouteCollection.php(339): require('/Applications/ServBay/www/trackbitos/app/Config/Routes.php')
 6 SYSTEMPATH/CodeIgniter.php(821): CodeIgniter\Router\RouteCollection->loadRoutes()
 7 SYSTEMPATH/CodeIgniter.php(455): CodeIgniter\CodeIgniter->tryToRouteIt(null)
 8 SYSTEMPATH/CodeIgniter.php(354): CodeIgniter\CodeIgniter->handleRequest(null, Object(Config\Cache), false)
 9 SYSTEMPATH/Boot.php(363): CodeIgniter\CodeIgniter->run()
10 SYSTEMPATH/Boot.php(68): CodeIgniter\Boot::runCodeIgniter(Object(CodeIgniter\CodeIgniter))
11 FCPATH/index.php(59): CodeIgniter\Boot::bootWeb(Object(Config\Paths))
DEBUG - 2025-09-05 06:19:08 --> Session: Class initialized using 'CodeIgniter\Session\Handlers\FileHandler' driver.
CRITICAL - 2025-09-05 06:19:08 --> ErrorException: Undefined array key "g"
[Method: GET, Route: comidas/diario/2025-09-02]
in APPPATH/Views/comidas/diario/resumen.php on line 251.
 1 APPPATH/Views/comidas/diario/resumen.php(251): CodeIgniter\Debug\Exceptions->errorHandler()
 2 SYSTEMPATH/View/View.php(226): include('/Applications/ServBay/www/trackbitos/app/Views/comidas/diario/resumen.php')
 3 SYSTEMPATH/View/View.php(229): CodeIgniter\View\View->CodeIgniter\View\{closure}()
 4 SYSTEMPATH/Common.php(1167): CodeIgniter\View\View->render()
 5 APPPATH/Controllers/Comidas/Diario.php(244): view()
 6 SYSTEMPATH/CodeIgniter.php(933): App\Controllers\Comidas\Diario->ver()
 7 SYSTEMPATH/CodeIgniter.php(507): CodeIgniter\CodeIgniter->runController()
 8 SYSTEMPATH/CodeIgniter.php(354): CodeIgniter\CodeIgniter->handleRequest()
 9 SYSTEMPATH/Boot.php(363): CodeIgniter\CodeIgniter->run()
10 SYSTEMPATH/Boot.php(68): CodeIgniter\Boot::runCodeIgniter()
11 FCPATH/index.php(59): CodeIgniter\Boot::bootWeb()
WARNING - 2025-09-05 06:19:19 --> [DEPRECATED] Passing lowercase HTTP method "get" is deprecated. Use uppercase HTTP method like "GET". in SYSTEMPATH/Router/RouteCollection.php on line 1026.
 1 SYSTEMPATH/Router/RouteCollection.php(1026): trigger_error('Passing lowercase HTTP method "get" is deprecated. Use uppercase HTTP method like "GET".', 16384)
 2 APPPATH/Config/Routes.php(146): CodeIgniter\Router\RouteCollection->match([...], 'mesociclos/nuevo', 'GimnasioMesociclos::nuevo')
 3 SYSTEMPATH/Router/RouteCollection.php(799): CodeIgniter\Router\RouteCollection::{closure}(Object(CodeIgniter\Router\RouteCollection))
 4 APPPATH/Config/Routes.php(144): CodeIgniter\Router\RouteCollection->group('gimnasio', [...], Object(Closure))
 5 SYSTEMPATH/Router/RouteCollection.php(339): require('/Applications/ServBay/www/trackbitos/app/Config/Routes.php')
 6 SYSTEMPATH/CodeIgniter.php(821): CodeIgniter\Router\RouteCollection->loadRoutes()
 7 SYSTEMPATH/CodeIgniter.php(455): CodeIgniter\CodeIgniter->tryToRouteIt(null)
 8 SYSTEMPATH/CodeIgniter.php(354): CodeIgniter\CodeIgniter->handleRequest(null, Object(Config\Cache), false)
 9 SYSTEMPATH/Boot.php(363): CodeIgniter\CodeIgniter->run()
10 SYSTEMPATH/Boot.php(68): CodeIgniter\Boot::runCodeIgniter(Object(CodeIgniter\CodeIgniter))
11 FCPATH/index.php(59): CodeIgniter\Boot::bootWeb(Object(Config\Paths))
WARNING - 2025-09-05 06:19:19 --> [DEPRECATED] Passing lowercase HTTP method "post" is deprecated. Use uppercase HTTP method like "POST". in SYSTEMPATH/Router/RouteCollection.php on line 1026.
 1 SYSTEMPATH/Router/RouteCollection.php(1026): trigger_error('Passing lowercase HTTP method "post" is deprecated. Use uppercase HTTP method like "POST".', 16384)
 2 APPPATH/Config/Routes.php(146): CodeIgniter\Router\RouteCollection->match([...], 'mesociclos/nuevo', 'GimnasioMesociclos::nuevo')
 3 SYSTEMPATH/Router/RouteCollection.php(799): CodeIgniter\Router\RouteCollection::{closure}(Object(CodeIgniter\Router\RouteCollection))
 4 APPPATH/Config/Routes.php(144): CodeIgniter\Router\RouteCollection->group('gimnasio', [...], Object(Closure))
 5 SYSTEMPATH/Router/RouteCollection.php(339): require('/Applications/ServBay/www/trackbitos/app/Config/Routes.php')
 6 SYSTEMPATH/CodeIgniter.php(821): CodeIgniter\Router\RouteCollection->loadRoutes()
 7 SYSTEMPATH/CodeIgniter.php(455): CodeIgniter\CodeIgniter->tryToRouteIt(null)
 8 SYSTEMPATH/CodeIgniter.php(354): CodeIgniter\CodeIgniter->handleRequest(null, Object(Config\Cache), false)
 9 SYSTEMPATH/Boot.php(363): CodeIgniter\CodeIgniter->run()
10 SYSTEMPATH/Boot.php(68): CodeIgniter\Boot::runCodeIgniter(Object(CodeIgniter\CodeIgniter))
11 FCPATH/index.php(59): CodeIgniter\Boot::bootWeb(Object(Config\Paths))
WARNING - 2025-09-05 06:19:19 --> [DEPRECATED] Passing lowercase HTTP method "get" is deprecated. Use uppercase HTTP method like "GET". in SYSTEMPATH/Router/RouteCollection.php on line 1026.
 1 SYSTEMPATH/Router/RouteCollection.php(1026): trigger_error('Passing lowercase HTTP method "get" is deprecated. Use uppercase HTTP method like "GET".', 16384)
 2 APPPATH/Config/Routes.php(148): CodeIgniter\Router\RouteCollection->match([...], 'mesociclos/(:num)/bloque/nuevo', 'GimnasioMesociclos::bloqueNuevo/$1')
 3 SYSTEMPATH/Router/RouteCollection.php(799): CodeIgniter\Router\RouteCollection::{closure}(Object(CodeIgniter\Router\RouteCollection))
 4 APPPATH/Config/Routes.php(144): CodeIgniter\Router\RouteCollection->group('gimnasio', [...], Object(Closure))
 5 SYSTEMPATH/Router/RouteCollection.php(339): require('/Applications/ServBay/www/trackbitos/app/Config/Routes.php')
 6 SYSTEMPATH/CodeIgniter.php(821): CodeIgniter\Router\RouteCollection->loadRoutes()
 7 SYSTEMPATH/CodeIgniter.php(455): CodeIgniter\CodeIgniter->tryToRouteIt(null)
 8 SYSTEMPATH/CodeIgniter.php(354): CodeIgniter\CodeIgniter->handleRequest(null, Object(Config\Cache), false)
 9 SYSTEMPATH/Boot.php(363): CodeIgniter\CodeIgniter->run()
10 SYSTEMPATH/Boot.php(68): CodeIgniter\Boot::runCodeIgniter(Object(CodeIgniter\CodeIgniter))
11 FCPATH/index.php(59): CodeIgniter\Boot::bootWeb(Object(Config\Paths))
WARNING - 2025-09-05 06:19:19 --> [DEPRECATED] Passing lowercase HTTP method "post" is deprecated. Use uppercase HTTP method like "POST". in SYSTEMPATH/Router/RouteCollection.php on line 1026.
 1 SYSTEMPATH/Router/RouteCollection.php(1026): trigger_error('Passing lowercase HTTP method "post" is deprecated. Use uppercase HTTP method like "POST".', 16384)
 2 APPPATH/Config/Routes.php(148): CodeIgniter\Router\RouteCollection->match([...], 'mesociclos/(:num)/bloque/nuevo', 'GimnasioMesociclos::bloqueNuevo/$1')
 3 SYSTEMPATH/Router/RouteCollection.php(799): CodeIgniter\Router\RouteCollection::{closure}(Object(CodeIgniter\Router\RouteCollection))
 4 APPPATH/Config/Routes.php(144): CodeIgniter\Router\RouteCollection->group('gimnasio', [...], Object(Closure))
 5 SYSTEMPATH/Router/RouteCollection.php(339): require('/Applications/ServBay/www/trackbitos/app/Config/Routes.php')
 6 SYSTEMPATH/CodeIgniter.php(821): CodeIgniter\Router\RouteCollection->loadRoutes()
 7 SYSTEMPATH/CodeIgniter.php(455): CodeIgniter\CodeIgniter->tryToRouteIt(null)
 8 SYSTEMPATH/CodeIgniter.php(354): CodeIgniter\CodeIgniter->handleRequest(null, Object(Config\Cache), false)
 9 SYSTEMPATH/Boot.php(363): CodeIgniter\CodeIgniter->run()
10 SYSTEMPATH/Boot.php(68): CodeIgniter\Boot::runCodeIgniter(Object(CodeIgniter\CodeIgniter))
11 FCPATH/index.php(59): CodeIgniter\Boot::bootWeb(Object(Config\Paths))
WARNING - 2025-09-05 06:19:19 --> [DEPRECATED] Passing lowercase HTTP method "get" is deprecated. Use uppercase HTTP method like "GET". in SYSTEMPATH/Router/RouteCollection.php on line 1026.
 1 SYSTEMPATH/Router/RouteCollection.php(1026): trigger_error('Passing lowercase HTTP method "get" is deprecated. Use uppercase HTTP method like "GET".', 16384)
 2 APPPATH/Config/Routes.php(150): CodeIgniter\Router\RouteCollection->match([...], 'mesociclos/(:num)/asignar/(:num)', 'GimnasioMesociclos::asignar/$1/$2')
 3 SYSTEMPATH/Router/RouteCollection.php(799): CodeIgniter\Router\RouteCollection::{closure}(Object(CodeIgniter\Router\RouteCollection))
 4 APPPATH/Config/Routes.php(144): CodeIgniter\Router\RouteCollection->group('gimnasio', [...], Object(Closure))
 5 SYSTEMPATH/Router/RouteCollection.php(339): require('/Applications/ServBay/www/trackbitos/app/Config/Routes.php')
 6 SYSTEMPATH/CodeIgniter.php(821): CodeIgniter\Router\RouteCollection->loadRoutes()
 7 SYSTEMPATH/CodeIgniter.php(455): CodeIgniter\CodeIgniter->tryToRouteIt(null)
 8 SYSTEMPATH/CodeIgniter.php(354): CodeIgniter\CodeIgniter->handleRequest(null, Object(Config\Cache), false)
 9 SYSTEMPATH/Boot.php(363): CodeIgniter\CodeIgniter->run()
10 SYSTEMPATH/Boot.php(68): CodeIgniter\Boot::runCodeIgniter(Object(CodeIgniter\CodeIgniter))
11 FCPATH/index.php(59): CodeIgniter\Boot::bootWeb(Object(Config\Paths))
WARNING - 2025-09-05 06:19:19 --> [DEPRECATED] Passing lowercase HTTP method "post" is deprecated. Use uppercase HTTP method like "POST". in SYSTEMPATH/Router/RouteCollection.php on line 1026.
 1 SYSTEMPATH/Router/RouteCollection.php(1026): trigger_error('Passing lowercase HTTP method "post" is deprecated. Use uppercase HTTP method like "POST".', 16384)
 2 APPPATH/Config/Routes.php(150): CodeIgniter\Router\RouteCollection->match([...], 'mesociclos/(:num)/asignar/(:num)', 'GimnasioMesociclos::asignar/$1/$2')
 3 SYSTEMPATH/Router/RouteCollection.php(799): CodeIgniter\Router\RouteCollection::{closure}(Object(CodeIgniter\Router\RouteCollection))
 4 APPPATH/Config/Routes.php(144): CodeIgniter\Router\RouteCollection->group('gimnasio', [...], Object(Closure))
 5 SYSTEMPATH/Router/RouteCollection.php(339): require('/Applications/ServBay/www/trackbitos/app/Config/Routes.php')
 6 SYSTEMPATH/CodeIgniter.php(821): CodeIgniter\Router\RouteCollection->loadRoutes()
 7 SYSTEMPATH/CodeIgniter.php(455): CodeIgniter\CodeIgniter->tryToRouteIt(null)
 8 SYSTEMPATH/CodeIgniter.php(354): CodeIgniter\CodeIgniter->handleRequest(null, Object(Config\Cache), false)
 9 SYSTEMPATH/Boot.php(363): CodeIgniter\CodeIgniter->run()
10 SYSTEMPATH/Boot.php(68): CodeIgniter\Boot::runCodeIgniter(Object(CodeIgniter\CodeIgniter))
11 FCPATH/index.php(59): CodeIgniter\Boot::bootWeb(Object(Config\Paths))
WARNING - 2025-09-05 06:19:19 --> [DEPRECATED] Passing lowercase HTTP method "get" is deprecated. Use uppercase HTTP method like "GET". in SYSTEMPATH/Router/RouteCollection.php on line 1026.
 1 SYSTEMPATH/Router/RouteCollection.php(1026): trigger_error('Passing lowercase HTTP method "get" is deprecated. Use uppercase HTTP method like "GET".', 16384)
 2 APPPATH/Config/Routes.php(153): CodeIgniter\Router\RouteCollection->match([...], 'mesociclos/(:num)/generar', 'GimnasioMesociclos::generar/$1')
 3 SYSTEMPATH/Router/RouteCollection.php(799): CodeIgniter\Router\RouteCollection::{closure}(Object(CodeIgniter\Router\RouteCollection))
 4 APPPATH/Config/Routes.php(144): CodeIgniter\Router\RouteCollection->group('gimnasio', [...], Object(Closure))
 5 SYSTEMPATH/Router/RouteCollection.php(339): require('/Applications/ServBay/www/trackbitos/app/Config/Routes.php')
 6 SYSTEMPATH/CodeIgniter.php(821): CodeIgniter\Router\RouteCollection->loadRoutes()
 7 SYSTEMPATH/CodeIgniter.php(455): CodeIgniter\CodeIgniter->tryToRouteIt(null)
 8 SYSTEMPATH/CodeIgniter.php(354): CodeIgniter\CodeIgniter->handleRequest(null, Object(Config\Cache), false)
 9 SYSTEMPATH/Boot.php(363): CodeIgniter\CodeIgniter->run()
10 SYSTEMPATH/Boot.php(68): CodeIgniter\Boot::runCodeIgniter(Object(CodeIgniter\CodeIgniter))
11 FCPATH/index.php(59): CodeIgniter\Boot::bootWeb(Object(Config\Paths))
WARNING - 2025-09-05 06:19:19 --> [DEPRECATED] Passing lowercase HTTP method "post" is deprecated. Use uppercase HTTP method like "POST". in SYSTEMPATH/Router/RouteCollection.php on line 1026.
 1 SYSTEMPATH/Router/RouteCollection.php(1026): trigger_error('Passing lowercase HTTP method "post" is deprecated. Use uppercase HTTP method like "POST".', 16384)
 2 APPPATH/Config/Routes.php(153): CodeIgniter\Router\RouteCollection->match([...], 'mesociclos/(:num)/generar', 'GimnasioMesociclos::generar/$1')
 3 SYSTEMPATH/Router/RouteCollection.php(799): CodeIgniter\Router\RouteCollection::{closure}(Object(CodeIgniter\Router\RouteCollection))
 4 APPPATH/Config/Routes.php(144): CodeIgniter\Router\RouteCollection->group('gimnasio', [...], Object(Closure))
 5 SYSTEMPATH/Router/RouteCollection.php(339): require('/Applications/ServBay/www/trackbitos/app/Config/Routes.php')
 6 SYSTEMPATH/CodeIgniter.php(821): CodeIgniter\Router\RouteCollection->loadRoutes()
 7 SYSTEMPATH/CodeIgniter.php(455): CodeIgniter\CodeIgniter->tryToRouteIt(null)
 8 SYSTEMPATH/CodeIgniter.php(354): CodeIgniter\CodeIgniter->handleRequest(null, Object(Config\Cache), false)
 9 SYSTEMPATH/Boot.php(363): CodeIgniter\CodeIgniter->run()
10 SYSTEMPATH/Boot.php(68): CodeIgniter\Boot::runCodeIgniter(Object(CodeIgniter\CodeIgniter))
11 FCPATH/index.php(59): CodeIgniter\Boot::bootWeb(Object(Config\Paths))
WARNING - 2025-09-05 06:19:19 --> [DEPRECATED] Passing lowercase HTTP method "get" is deprecated. Use uppercase HTTP method like "GET". in SYSTEMPATH/Router/RouteCollection.php on line 1026.
 1 SYSTEMPATH/Router/RouteCollection.php(1026): trigger_error('Passing lowercase HTTP method "get" is deprecated. Use uppercase HTTP method like "GET".', 16384)
 2 APPPATH/Config/Routes.php(161): CodeIgniter\Router\RouteCollection->match([...], 'mesociclos/(:num)/generar/bilbo', 'GimnasioMesociclos::generarBilbo/$1')
 3 SYSTEMPATH/Router/RouteCollection.php(799): CodeIgniter\Router\RouteCollection::{closure}(Object(CodeIgniter\Router\RouteCollection))
 4 APPPATH/Config/Routes.php(144): CodeIgniter\Router\RouteCollection->group('gimnasio', [...], Object(Closure))
 5 SYSTEMPATH/Router/RouteCollection.php(339): require('/Applications/ServBay/www/trackbitos/app/Config/Routes.php')
 6 SYSTEMPATH/CodeIgniter.php(821): CodeIgniter\Router\RouteCollection->loadRoutes()
 7 SYSTEMPATH/CodeIgniter.php(455): CodeIgniter\CodeIgniter->tryToRouteIt(null)
 8 SYSTEMPATH/CodeIgniter.php(354): CodeIgniter\CodeIgniter->handleRequest(null, Object(Config\Cache), false)
 9 SYSTEMPATH/Boot.php(363): CodeIgniter\CodeIgniter->run()
10 SYSTEMPATH/Boot.php(68): CodeIgniter\Boot::runCodeIgniter(Object(CodeIgniter\CodeIgniter))
11 FCPATH/index.php(59): CodeIgniter\Boot::bootWeb(Object(Config\Paths))
WARNING - 2025-09-05 06:19:19 --> [DEPRECATED] Passing lowercase HTTP method "post" is deprecated. Use uppercase HTTP method like "POST". in SYSTEMPATH/Router/RouteCollection.php on line 1026.
 1 SYSTEMPATH/Router/RouteCollection.php(1026): trigger_error('Passing lowercase HTTP method "post" is deprecated. Use uppercase HTTP method like "POST".', 16384)
 2 APPPATH/Config/Routes.php(161): CodeIgniter\Router\RouteCollection->match([...], 'mesociclos/(:num)/generar/bilbo', 'GimnasioMesociclos::generarBilbo/$1')
 3 SYSTEMPATH/Router/RouteCollection.php(799): CodeIgniter\Router\RouteCollection::{closure}(Object(CodeIgniter\Router\RouteCollection))
 4 APPPATH/Config/Routes.php(144): CodeIgniter\Router\RouteCollection->group('gimnasio', [...], Object(Closure))
 5 SYSTEMPATH/Router/RouteCollection.php(339): require('/Applications/ServBay/www/trackbitos/app/Config/Routes.php')
 6 SYSTEMPATH/CodeIgniter.php(821): CodeIgniter\Router\RouteCollection->loadRoutes()
 7 SYSTEMPATH/CodeIgniter.php(455): CodeIgniter\CodeIgniter->tryToRouteIt(null)
 8 SYSTEMPATH/CodeIgniter.php(354): CodeIgniter\CodeIgniter->handleRequest(null, Object(Config\Cache), false)
 9 SYSTEMPATH/Boot.php(363): CodeIgniter\CodeIgniter->run()
10 SYSTEMPATH/Boot.php(68): CodeIgniter\Boot::runCodeIgniter(Object(CodeIgniter\CodeIgniter))
11 FCPATH/index.php(59): CodeIgniter\Boot::bootWeb(Object(Config\Paths))
WARNING - 2025-09-05 06:19:19 --> [DEPRECATED] Passing lowercase HTTP method "get" is deprecated. Use uppercase HTTP method like "GET". in SYSTEMPATH/Router/RouteCollection.php on line 1026.
 1 SYSTEMPATH/Router/RouteCollection.php(1026): trigger_error('Passing lowercase HTTP method "get" is deprecated. Use uppercase HTTP method like "GET".', 16384)
 2 APPPATH/Config/Routes.php(261): CodeIgniter\Router\RouteCollection->match([...], 'crear', 'Youtube::crearLista')
 3 SYSTEMPATH/Router/RouteCollection.php(799): CodeIgniter\Router\RouteCollection::{closure}(Object(CodeIgniter\Router\RouteCollection))
 4 APPPATH/Config/Routes.php(259): CodeIgniter\Router\RouteCollection->group('youtube', [...], Object(Closure))
 5 SYSTEMPATH/Router/RouteCollection.php(339): require('/Applications/ServBay/www/trackbitos/app/Config/Routes.php')
 6 SYSTEMPATH/CodeIgniter.php(821): CodeIgniter\Router\RouteCollection->loadRoutes()
 7 SYSTEMPATH/CodeIgniter.php(455): CodeIgniter\CodeIgniter->tryToRouteIt(null)
 8 SYSTEMPATH/CodeIgniter.php(354): CodeIgniter\CodeIgniter->handleRequest(null, Object(Config\Cache), false)
 9 SYSTEMPATH/Boot.php(363): CodeIgniter\CodeIgniter->run()
10 SYSTEMPATH/Boot.php(68): CodeIgniter\Boot::runCodeIgniter(Object(CodeIgniter\CodeIgniter))
11 FCPATH/index.php(59): CodeIgniter\Boot::bootWeb(Object(Config\Paths))
WARNING - 2025-09-05 06:19:19 --> [DEPRECATED] Passing lowercase HTTP method "post" is deprecated. Use uppercase HTTP method like "POST". in SYSTEMPATH/Router/RouteCollection.php on line 1026.
 1 SYSTEMPATH/Router/RouteCollection.php(1026): trigger_error('Passing lowercase HTTP method "post" is deprecated. Use uppercase HTTP method like "POST".', 16384)
 2 APPPATH/Config/Routes.php(261): CodeIgniter\Router\RouteCollection->match([...], 'crear', 'Youtube::crearLista')
 3 SYSTEMPATH/Router/RouteCollection.php(799): CodeIgniter\Router\RouteCollection::{closure}(Object(CodeIgniter\Router\RouteCollection))
 4 APPPATH/Config/Routes.php(259): CodeIgniter\Router\RouteCollection->group('youtube', [...], Object(Closure))
 5 SYSTEMPATH/Router/RouteCollection.php(339): require('/Applications/ServBay/www/trackbitos/app/Config/Routes.php')
 6 SYSTEMPATH/CodeIgniter.php(821): CodeIgniter\Router\RouteCollection->loadRoutes()
 7 SYSTEMPATH/CodeIgniter.php(455): CodeIgniter\CodeIgniter->tryToRouteIt(null)
 8 SYSTEMPATH/CodeIgniter.php(354): CodeIgniter\CodeIgniter->handleRequest(null, Object(Config\Cache), false)
 9 SYSTEMPATH/Boot.php(363): CodeIgniter\CodeIgniter->run()
10 SYSTEMPATH/Boot.php(68): CodeIgniter\Boot::runCodeIgniter(Object(CodeIgniter\CodeIgniter))
11 FCPATH/index.php(59): CodeIgniter\Boot::bootWeb(Object(Config\Paths))
DEBUG - 2025-09-05 06:19:19 --> Session: Class initialized using 'CodeIgniter\Session\Handlers\FileHandler' driver.
WARNING - 2025-09-05 06:19:45 --> [DEPRECATED] Passing lowercase HTTP method "get" is deprecated. Use uppercase HTTP method like "GET". in SYSTEMPATH/Router/RouteCollection.php on line 1026.
 1 SYSTEMPATH/Router/RouteCollection.php(1026): trigger_error('Passing lowercase HTTP method "get" is deprecated. Use uppercase HTTP method like "GET".', 16384)
 2 APPPATH/Config/Routes.php(146): CodeIgniter\Router\RouteCollection->match([...], 'mesociclos/nuevo', 'GimnasioMesociclos::nuevo')
 3 SYSTEMPATH/Router/RouteCollection.php(799): CodeIgniter\Router\RouteCollection::{closure}(Object(CodeIgniter\Router\RouteCollection))
 4 APPPATH/Config/Routes.php(144): CodeIgniter\Router\RouteCollection->group('gimnasio', [...], Object(Closure))
 5 SYSTEMPATH/Router/RouteCollection.php(339): require('/Applications/ServBay/www/trackbitos/app/Config/Routes.php')
 6 SYSTEMPATH/CodeIgniter.php(821): CodeIgniter\Router\RouteCollection->loadRoutes()
 7 SYSTEMPATH/CodeIgniter.php(455): CodeIgniter\CodeIgniter->tryToRouteIt(null)
 8 SYSTEMPATH/CodeIgniter.php(354): CodeIgniter\CodeIgniter->handleRequest(null, Object(Config\Cache), false)
 9 SYSTEMPATH/Boot.php(363): CodeIgniter\CodeIgniter->run()
10 SYSTEMPATH/Boot.php(68): CodeIgniter\Boot::runCodeIgniter(Object(CodeIgniter\CodeIgniter))
11 FCPATH/index.php(59): CodeIgniter\Boot::bootWeb(Object(Config\Paths))
WARNING - 2025-09-05 06:19:45 --> [DEPRECATED] Passing lowercase HTTP method "post" is deprecated. Use uppercase HTTP method like "POST". in SYSTEMPATH/Router/RouteCollection.php on line 1026.
 1 SYSTEMPATH/Router/RouteCollection.php(1026): trigger_error('Passing lowercase HTTP method "post" is deprecated. Use uppercase HTTP method like "POST".', 16384)
 2 APPPATH/Config/Routes.php(146): CodeIgniter\Router\RouteCollection->match([...], 'mesociclos/nuevo', 'GimnasioMesociclos::nuevo')
 3 SYSTEMPATH/Router/RouteCollection.php(799): CodeIgniter\Router\RouteCollection::{closure}(Object(CodeIgniter\Router\RouteCollection))
 4 APPPATH/Config/Routes.php(144): CodeIgniter\Router\RouteCollection->group('gimnasio', [...], Object(Closure))
 5 SYSTEMPATH/Router/RouteCollection.php(339): require('/Applications/ServBay/www/trackbitos/app/Config/Routes.php')
 6 SYSTEMPATH/CodeIgniter.php(821): CodeIgniter\Router\RouteCollection->loadRoutes()
 7 SYSTEMPATH/CodeIgniter.php(455): CodeIgniter\CodeIgniter->tryToRouteIt(null)
 8 SYSTEMPATH/CodeIgniter.php(354): CodeIgniter\CodeIgniter->handleRequest(null, Object(Config\Cache), false)
 9 SYSTEMPATH/Boot.php(363): CodeIgniter\CodeIgniter->run()
10 SYSTEMPATH/Boot.php(68): CodeIgniter\Boot::runCodeIgniter(Object(CodeIgniter\CodeIgniter))
11 FCPATH/index.php(59): CodeIgniter\Boot::bootWeb(Object(Config\Paths))
WARNING - 2025-09-05 06:19:45 --> [DEPRECATED] Passing lowercase HTTP method "get" is deprecated. Use uppercase HTTP method like "GET". in SYSTEMPATH/Router/RouteCollection.php on line 1026.
 1 SYSTEMPATH/Router/RouteCollection.php(1026): trigger_error('Passing lowercase HTTP method "get" is deprecated. Use uppercase HTTP method like "GET".', 16384)
 2 APPPATH/Config/Routes.php(148): CodeIgniter\Router\RouteCollection->match([...], 'mesociclos/(:num)/bloque/nuevo', 'GimnasioMesociclos::bloqueNuevo/$1')
 3 SYSTEMPATH/Router/RouteCollection.php(799): CodeIgniter\Router\RouteCollection::{closure}(Object(CodeIgniter\Router\RouteCollection))
 4 APPPATH/Config/Routes.php(144): CodeIgniter\Router\RouteCollection->group('gimnasio', [...], Object(Closure))
 5 SYSTEMPATH/Router/RouteCollection.php(339): require('/Applications/ServBay/www/trackbitos/app/Config/Routes.php')
 6 SYSTEMPATH/CodeIgniter.php(821): CodeIgniter\Router\RouteCollection->loadRoutes()
 7 SYSTEMPATH/CodeIgniter.php(455): CodeIgniter\CodeIgniter->tryToRouteIt(null)
 8 SYSTEMPATH/CodeIgniter.php(354): CodeIgniter\CodeIgniter->handleRequest(null, Object(Config\Cache), false)
 9 SYSTEMPATH/Boot.php(363): CodeIgniter\CodeIgniter->run()
10 SYSTEMPATH/Boot.php(68): CodeIgniter\Boot::runCodeIgniter(Object(CodeIgniter\CodeIgniter))
11 FCPATH/index.php(59): CodeIgniter\Boot::bootWeb(Object(Config\Paths))
WARNING - 2025-09-05 06:19:45 --> [DEPRECATED] Passing lowercase HTTP method "post" is deprecated. Use uppercase HTTP method like "POST". in SYSTEMPATH/Router/RouteCollection.php on line 1026.
 1 SYSTEMPATH/Router/RouteCollection.php(1026): trigger_error('Passing lowercase HTTP method "post" is deprecated. Use uppercase HTTP method like "POST".', 16384)
 2 APPPATH/Config/Routes.php(148): CodeIgniter\Router\RouteCollection->match([...], 'mesociclos/(:num)/bloque/nuevo', 'GimnasioMesociclos::bloqueNuevo/$1')
 3 SYSTEMPATH/Router/RouteCollection.php(799): CodeIgniter\Router\RouteCollection::{closure}(Object(CodeIgniter\Router\RouteCollection))
 4 APPPATH/Config/Routes.php(144): CodeIgniter\Router\RouteCollection->group('gimnasio', [...], Object(Closure))
 5 SYSTEMPATH/Router/RouteCollection.php(339): require('/Applications/ServBay/www/trackbitos/app/Config/Routes.php')
 6 SYSTEMPATH/CodeIgniter.php(821): CodeIgniter\Router\RouteCollection->loadRoutes()
 7 SYSTEMPATH/CodeIgniter.php(455): CodeIgniter\CodeIgniter->tryToRouteIt(null)
 8 SYSTEMPATH/CodeIgniter.php(354): CodeIgniter\CodeIgniter->handleRequest(null, Object(Config\Cache), false)
 9 SYSTEMPATH/Boot.php(363): CodeIgniter\CodeIgniter->run()
10 SYSTEMPATH/Boot.php(68): CodeIgniter\Boot::runCodeIgniter(Object(CodeIgniter\CodeIgniter))
11 FCPATH/index.php(59): CodeIgniter\Boot::bootWeb(Object(Config\Paths))
WARNING - 2025-09-05 06:19:45 --> [DEPRECATED] Passing lowercase HTTP method "get" is deprecated. Use uppercase HTTP method like "GET". in SYSTEMPATH/Router/RouteCollection.php on line 1026.
 1 SYSTEMPATH/Router/RouteCollection.php(1026): trigger_error('Passing lowercase HTTP method "get" is deprecated. Use uppercase HTTP method like "GET".', 16384)
 2 APPPATH/Config/Routes.php(150): CodeIgniter\Router\RouteCollection->match([...], 'mesociclos/(:num)/asignar/(:num)', 'GimnasioMesociclos::asignar/$1/$2')
 3 SYSTEMPATH/Router/RouteCollection.php(799): CodeIgniter\Router\RouteCollection::{closure}(Object(CodeIgniter\Router\RouteCollection))
 4 APPPATH/Config/Routes.php(144): CodeIgniter\Router\RouteCollection->group('gimnasio', [...], Object(Closure))
 5 SYSTEMPATH/Router/RouteCollection.php(339): require('/Applications/ServBay/www/trackbitos/app/Config/Routes.php')
 6 SYSTEMPATH/CodeIgniter.php(821): CodeIgniter\Router\RouteCollection->loadRoutes()
 7 SYSTEMPATH/CodeIgniter.php(455): CodeIgniter\CodeIgniter->tryToRouteIt(null)
 8 SYSTEMPATH/CodeIgniter.php(354): CodeIgniter\CodeIgniter->handleRequest(null, Object(Config\Cache), false)
 9 SYSTEMPATH/Boot.php(363): CodeIgniter\CodeIgniter->run()
10 SYSTEMPATH/Boot.php(68): CodeIgniter\Boot::runCodeIgniter(Object(CodeIgniter\CodeIgniter))
11 FCPATH/index.php(59): CodeIgniter\Boot::bootWeb(Object(Config\Paths))
WARNING - 2025-09-05 06:19:45 --> [DEPRECATED] Passing lowercase HTTP method "post" is deprecated. Use uppercase HTTP method like "POST". in SYSTEMPATH/Router/RouteCollection.php on line 1026.
 1 SYSTEMPATH/Router/RouteCollection.php(1026): trigger_error('Passing lowercase HTTP method "post" is deprecated. Use uppercase HTTP method like "POST".', 16384)
 2 APPPATH/Config/Routes.php(150): CodeIgniter\Router\RouteCollection->match([...], 'mesociclos/(:num)/asignar/(:num)', 'GimnasioMesociclos::asignar/$1/$2')
 3 SYSTEMPATH/Router/RouteCollection.php(799): CodeIgniter\Router\RouteCollection::{closure}(Object(CodeIgniter\Router\RouteCollection))
 4 APPPATH/Config/Routes.php(144): CodeIgniter\Router\RouteCollection->group('gimnasio', [...], Object(Closure))
 5 SYSTEMPATH/Router/RouteCollection.php(339): require('/Applications/ServBay/www/trackbitos/app/Config/Routes.php')
 6 SYSTEMPATH/CodeIgniter.php(821): CodeIgniter\Router\RouteCollection->loadRoutes()
 7 SYSTEMPATH/CodeIgniter.php(455): CodeIgniter\CodeIgniter->tryToRouteIt(null)
 8 SYSTEMPATH/CodeIgniter.php(354): CodeIgniter\CodeIgniter->handleRequest(null, Object(Config\Cache), false)
 9 SYSTEMPATH/Boot.php(363): CodeIgniter\CodeIgniter->run()
10 SYSTEMPATH/Boot.php(68): CodeIgniter\Boot::runCodeIgniter(Object(CodeIgniter\CodeIgniter))
11 FCPATH/index.php(59): CodeIgniter\Boot::bootWeb(Object(Config\Paths))
WARNING - 2025-09-05 06:19:45 --> [DEPRECATED] Passing lowercase HTTP method "get" is deprecated. Use uppercase HTTP method like "GET". in SYSTEMPATH/Router/RouteCollection.php on line 1026.
 1 SYSTEMPATH/Router/RouteCollection.php(1026): trigger_error('Passing lowercase HTTP method "get" is deprecated. Use uppercase HTTP method like "GET".', 16384)
 2 APPPATH/Config/Routes.php(153): CodeIgniter\Router\RouteCollection->match([...], 'mesociclos/(:num)/generar', 'GimnasioMesociclos::generar/$1')
 3 SYSTEMPATH/Router/RouteCollection.php(799): CodeIgniter\Router\RouteCollection::{closure}(Object(CodeIgniter\Router\RouteCollection))
 4 APPPATH/Config/Routes.php(144): CodeIgniter\Router\RouteCollection->group('gimnasio', [...], Object(Closure))
 5 SYSTEMPATH/Router/RouteCollection.php(339): require('/Applications/ServBay/www/trackbitos/app/Config/Routes.php')
 6 SYSTEMPATH/CodeIgniter.php(821): CodeIgniter\Router\RouteCollection->loadRoutes()
 7 SYSTEMPATH/CodeIgniter.php(455): CodeIgniter\CodeIgniter->tryToRouteIt(null)
 8 SYSTEMPATH/CodeIgniter.php(354): CodeIgniter\CodeIgniter->handleRequest(null, Object(Config\Cache), false)
 9 SYSTEMPATH/Boot.php(363): CodeIgniter\CodeIgniter->run()
10 SYSTEMPATH/Boot.php(68): CodeIgniter\Boot::runCodeIgniter(Object(CodeIgniter\CodeIgniter))
11 FCPATH/index.php(59): CodeIgniter\Boot::bootWeb(Object(Config\Paths))
WARNING - 2025-09-05 06:19:45 --> [DEPRECATED] Passing lowercase HTTP method "post" is deprecated. Use uppercase HTTP method like "POST". in SYSTEMPATH/Router/RouteCollection.php on line 1026.
 1 SYSTEMPATH/Router/RouteCollection.php(1026): trigger_error('Passing lowercase HTTP method "post" is deprecated. Use uppercase HTTP method like "POST".', 16384)
 2 APPPATH/Config/Routes.php(153): CodeIgniter\Router\RouteCollection->match([...], 'mesociclos/(:num)/generar', 'GimnasioMesociclos::generar/$1')
 3 SYSTEMPATH/Router/RouteCollection.php(799): CodeIgniter\Router\RouteCollection::{closure}(Object(CodeIgniter\Router\RouteCollection))
 4 APPPATH/Config/Routes.php(144): CodeIgniter\Router\RouteCollection->group('gimnasio', [...], Object(Closure))
 5 SYSTEMPATH/Router/RouteCollection.php(339): require('/Applications/ServBay/www/trackbitos/app/Config/Routes.php')
 6 SYSTEMPATH/CodeIgniter.php(821): CodeIgniter\Router\RouteCollection->loadRoutes()
 7 SYSTEMPATH/CodeIgniter.php(455): CodeIgniter\CodeIgniter->tryToRouteIt(null)
 8 SYSTEMPATH/CodeIgniter.php(354): CodeIgniter\CodeIgniter->handleRequest(null, Object(Config\Cache), false)
 9 SYSTEMPATH/Boot.php(363): CodeIgniter\CodeIgniter->run()
10 SYSTEMPATH/Boot.php(68): CodeIgniter\Boot::runCodeIgniter(Object(CodeIgniter\CodeIgniter))
11 FCPATH/index.php(59): CodeIgniter\Boot::bootWeb(Object(Config\Paths))
WARNING - 2025-09-05 06:19:45 --> [DEPRECATED] Passing lowercase HTTP method "get" is deprecated. Use uppercase HTTP method like "GET". in SYSTEMPATH/Router/RouteCollection.php on line 1026.
 1 SYSTEMPATH/Router/RouteCollection.php(1026): trigger_error('Passing lowercase HTTP method "get" is deprecated. Use uppercase HTTP method like "GET".', 16384)
 2 APPPATH/Config/Routes.php(161): CodeIgniter\Router\RouteCollection->match([...], 'mesociclos/(:num)/generar/bilbo', 'GimnasioMesociclos::generarBilbo/$1')
 3 SYSTEMPATH/Router/RouteCollection.php(799): CodeIgniter\Router\RouteCollection::{closure}(Object(CodeIgniter\Router\RouteCollection))
 4 APPPATH/Config/Routes.php(144): CodeIgniter\Router\RouteCollection->group('gimnasio', [...], Object(Closure))
 5 SYSTEMPATH/Router/RouteCollection.php(339): require('/Applications/ServBay/www/trackbitos/app/Config/Routes.php')
 6 SYSTEMPATH/CodeIgniter.php(821): CodeIgniter\Router\RouteCollection->loadRoutes()
 7 SYSTEMPATH/CodeIgniter.php(455): CodeIgniter\CodeIgniter->tryToRouteIt(null)
 8 SYSTEMPATH/CodeIgniter.php(354): CodeIgniter\CodeIgniter->handleRequest(null, Object(Config\Cache), false)
 9 SYSTEMPATH/Boot.php(363): CodeIgniter\CodeIgniter->run()
10 SYSTEMPATH/Boot.php(68): CodeIgniter\Boot::runCodeIgniter(Object(CodeIgniter\CodeIgniter))
11 FCPATH/index.php(59): CodeIgniter\Boot::bootWeb(Object(Config\Paths))
WARNING - 2025-09-05 06:19:45 --> [DEPRECATED] Passing lowercase HTTP method "post" is deprecated. Use uppercase HTTP method like "POST". in SYSTEMPATH/Router/RouteCollection.php on line 1026.
 1 SYSTEMPATH/Router/RouteCollection.php(1026): trigger_error('Passing lowercase HTTP method "post" is deprecated. Use uppercase HTTP method like "POST".', 16384)
 2 APPPATH/Config/Routes.php(161): CodeIgniter\Router\RouteCollection->match([...], 'mesociclos/(:num)/generar/bilbo', 'GimnasioMesociclos::generarBilbo/$1')
 3 SYSTEMPATH/Router/RouteCollection.php(799): CodeIgniter\Router\RouteCollection::{closure}(Object(CodeIgniter\Router\RouteCollection))
 4 APPPATH/Config/Routes.php(144): CodeIgniter\Router\RouteCollection->group('gimnasio', [...], Object(Closure))
 5 SYSTEMPATH/Router/RouteCollection.php(339): require('/Applications/ServBay/www/trackbitos/app/Config/Routes.php')
 6 SYSTEMPATH/CodeIgniter.php(821): CodeIgniter\Router\RouteCollection->loadRoutes()
 7 SYSTEMPATH/CodeIgniter.php(455): CodeIgniter\CodeIgniter->tryToRouteIt(null)
 8 SYSTEMPATH/CodeIgniter.php(354): CodeIgniter\CodeIgniter->handleRequest(null, Object(Config\Cache), false)
 9 SYSTEMPATH/Boot.php(363): CodeIgniter\CodeIgniter->run()
10 SYSTEMPATH/Boot.php(68): CodeIgniter\Boot::runCodeIgniter(Object(CodeIgniter\CodeIgniter))
11 FCPATH/index.php(59): CodeIgniter\Boot::bootWeb(Object(Config\Paths))
WARNING - 2025-09-05 06:19:45 --> [DEPRECATED] Passing lowercase HTTP method "get" is deprecated. Use uppercase HTTP method like "GET". in SYSTEMPATH/Router/RouteCollection.php on line 1026.
 1 SYSTEMPATH/Router/RouteCollection.php(1026): trigger_error('Passing lowercase HTTP method "get" is deprecated. Use uppercase HTTP method like "GET".', 16384)
 2 APPPATH/Config/Routes.php(261): CodeIgniter\Router\RouteCollection->match([...], 'crear', 'Youtube::crearLista')
 3 SYSTEMPATH/Router/RouteCollection.php(799): CodeIgniter\Router\RouteCollection::{closure}(Object(CodeIgniter\Router\RouteCollection))
 4 APPPATH/Config/Routes.php(259): CodeIgniter\Router\RouteCollection->group('youtube', [...], Object(Closure))
 5 SYSTEMPATH/Router/RouteCollection.php(339): require('/Applications/ServBay/www/trackbitos/app/Config/Routes.php')
 6 SYSTEMPATH/CodeIgniter.php(821): CodeIgniter\Router\RouteCollection->loadRoutes()
 7 SYSTEMPATH/CodeIgniter.php(455): CodeIgniter\CodeIgniter->tryToRouteIt(null)
 8 SYSTEMPATH/CodeIgniter.php(354): CodeIgniter\CodeIgniter->handleRequest(null, Object(Config\Cache), false)
 9 SYSTEMPATH/Boot.php(363): CodeIgniter\CodeIgniter->run()
10 SYSTEMPATH/Boot.php(68): CodeIgniter\Boot::runCodeIgniter(Object(CodeIgniter\CodeIgniter))
11 FCPATH/index.php(59): CodeIgniter\Boot::bootWeb(Object(Config\Paths))
WARNING - 2025-09-05 06:19:45 --> [DEPRECATED] Passing lowercase HTTP method "post" is deprecated. Use uppercase HTTP method like "POST". in SYSTEMPATH/Router/RouteCollection.php on line 1026.
 1 SYSTEMPATH/Router/RouteCollection.php(1026): trigger_error('Passing lowercase HTTP method "post" is deprecated. Use uppercase HTTP method like "POST".', 16384)
 2 APPPATH/Config/Routes.php(261): CodeIgniter\Router\RouteCollection->match([...], 'crear', 'Youtube::crearLista')
 3 SYSTEMPATH/Router/RouteCollection.php(799): CodeIgniter\Router\RouteCollection::{closure}(Object(CodeIgniter\Router\RouteCollection))
 4 APPPATH/Config/Routes.php(259): CodeIgniter\Router\RouteCollection->group('youtube', [...], Object(Closure))
 5 SYSTEMPATH/Router/RouteCollection.php(339): require('/Applications/ServBay/www/trackbitos/app/Config/Routes.php')
 6 SYSTEMPATH/CodeIgniter.php(821): CodeIgniter\Router\RouteCollection->loadRoutes()
 7 SYSTEMPATH/CodeIgniter.php(455): CodeIgniter\CodeIgniter->tryToRouteIt(null)
 8 SYSTEMPATH/CodeIgniter.php(354): CodeIgniter\CodeIgniter->handleRequest(null, Object(Config\Cache), false)
 9 SYSTEMPATH/Boot.php(363): CodeIgniter\CodeIgniter->run()
10 SYSTEMPATH/Boot.php(68): CodeIgniter\Boot::runCodeIgniter(Object(CodeIgniter\CodeIgniter))
11 FCPATH/index.php(59): CodeIgniter\Boot::bootWeb(Object(Config\Paths))
DEBUG - 2025-09-05 06:19:45 --> Session: Class initialized using 'CodeIgniter\Session\Handlers\FileHandler' driver.
WARNING - 2025-09-05 06:20:41 --> [DEPRECATED] Passing lowercase HTTP method "get" is deprecated. Use uppercase HTTP method like "GET". in SYSTEMPATH/Router/RouteCollection.php on line 1026.
 1 SYSTEMPATH/Router/RouteCollection.php(1026): trigger_error('Passing lowercase HTTP method "get" is deprecated. Use uppercase HTTP method like "GET".', 16384)
 2 APPPATH/Config/Routes.php(146): CodeIgniter\Router\RouteCollection->match([...], 'mesociclos/nuevo', 'GimnasioMesociclos::nuevo')
 3 SYSTEMPATH/Router/RouteCollection.php(799): CodeIgniter\Router\RouteCollection::{closure}(Object(CodeIgniter\Router\RouteCollection))
 4 APPPATH/Config/Routes.php(144): CodeIgniter\Router\RouteCollection->group('gimnasio', [...], Object(Closure))
 5 SYSTEMPATH/Router/RouteCollection.php(339): require('/Applications/ServBay/www/trackbitos/app/Config/Routes.php')
 6 SYSTEMPATH/CodeIgniter.php(821): CodeIgniter\Router\RouteCollection->loadRoutes()
 7 SYSTEMPATH/CodeIgniter.php(455): CodeIgniter\CodeIgniter->tryToRouteIt(null)
 8 SYSTEMPATH/CodeIgniter.php(354): CodeIgniter\CodeIgniter->handleRequest(null, Object(Config\Cache), false)
 9 SYSTEMPATH/Boot.php(363): CodeIgniter\CodeIgniter->run()
10 SYSTEMPATH/Boot.php(68): CodeIgniter\Boot::runCodeIgniter(Object(CodeIgniter\CodeIgniter))
11 FCPATH/index.php(59): CodeIgniter\Boot::bootWeb(Object(Config\Paths))
WARNING - 2025-09-05 06:20:41 --> [DEPRECATED] Passing lowercase HTTP method "post" is deprecated. Use uppercase HTTP method like "POST". in SYSTEMPATH/Router/RouteCollection.php on line 1026.
 1 SYSTEMPATH/Router/RouteCollection.php(1026): trigger_error('Passing lowercase HTTP method "post" is deprecated. Use uppercase HTTP method like "POST".', 16384)
 2 APPPATH/Config/Routes.php(146): CodeIgniter\Router\RouteCollection->match([...], 'mesociclos/nuevo', 'GimnasioMesociclos::nuevo')
 3 SYSTEMPATH/Router/RouteCollection.php(799): CodeIgniter\Router\RouteCollection::{closure}(Object(CodeIgniter\Router\RouteCollection))
 4 APPPATH/Config/Routes.php(144): CodeIgniter\Router\RouteCollection->group('gimnasio', [...], Object(Closure))
 5 SYSTEMPATH/Router/RouteCollection.php(339): require('/Applications/ServBay/www/trackbitos/app/Config/Routes.php')
 6 SYSTEMPATH/CodeIgniter.php(821): CodeIgniter\Router\RouteCollection->loadRoutes()
 7 SYSTEMPATH/CodeIgniter.php(455): CodeIgniter\CodeIgniter->tryToRouteIt(null)
 8 SYSTEMPATH/CodeIgniter.php(354): CodeIgniter\CodeIgniter->handleRequest(null, Object(Config\Cache), false)
 9 SYSTEMPATH/Boot.php(363): CodeIgniter\CodeIgniter->run()
10 SYSTEMPATH/Boot.php(68): CodeIgniter\Boot::runCodeIgniter(Object(CodeIgniter\CodeIgniter))
11 FCPATH/index.php(59): CodeIgniter\Boot::bootWeb(Object(Config\Paths))
WARNING - 2025-09-05 06:20:41 --> [DEPRECATED] Passing lowercase HTTP method "get" is deprecated. Use uppercase HTTP method like "GET". in SYSTEMPATH/Router/RouteCollection.php on line 1026.
 1 SYSTEMPATH/Router/RouteCollection.php(1026): trigger_error('Passing lowercase HTTP method "get" is deprecated. Use uppercase HTTP method like "GET".', 16384)
 2 APPPATH/Config/Routes.php(148): CodeIgniter\Router\RouteCollection->match([...], 'mesociclos/(:num)/bloque/nuevo', 'GimnasioMesociclos::bloqueNuevo/$1')
 3 SYSTEMPATH/Router/RouteCollection.php(799): CodeIgniter\Router\RouteCollection::{closure}(Object(CodeIgniter\Router\RouteCollection))
 4 APPPATH/Config/Routes.php(144): CodeIgniter\Router\RouteCollection->group('gimnasio', [...], Object(Closure))
 5 SYSTEMPATH/Router/RouteCollection.php(339): require('/Applications/ServBay/www/trackbitos/app/Config/Routes.php')
 6 SYSTEMPATH/CodeIgniter.php(821): CodeIgniter\Router\RouteCollection->loadRoutes()
 7 SYSTEMPATH/CodeIgniter.php(455): CodeIgniter\CodeIgniter->tryToRouteIt(null)
 8 SYSTEMPATH/CodeIgniter.php(354): CodeIgniter\CodeIgniter->handleRequest(null, Object(Config\Cache), false)
 9 SYSTEMPATH/Boot.php(363): CodeIgniter\CodeIgniter->run()
10 SYSTEMPATH/Boot.php(68): CodeIgniter\Boot::runCodeIgniter(Object(CodeIgniter\CodeIgniter))
11 FCPATH/index.php(59): CodeIgniter\Boot::bootWeb(Object(Config\Paths))
WARNING - 2025-09-05 06:20:41 --> [DEPRECATED] Passing lowercase HTTP method "post" is deprecated. Use uppercase HTTP method like "POST". in SYSTEMPATH/Router/RouteCollection.php on line 1026.
 1 SYSTEMPATH/Router/RouteCollection.php(1026): trigger_error('Passing lowercase HTTP method "post" is deprecated. Use uppercase HTTP method like "POST".', 16384)
 2 APPPATH/Config/Routes.php(148): CodeIgniter\Router\RouteCollection->match([...], 'mesociclos/(:num)/bloque/nuevo', 'GimnasioMesociclos::bloqueNuevo/$1')
 3 SYSTEMPATH/Router/RouteCollection.php(799): CodeIgniter\Router\RouteCollection::{closure}(Object(CodeIgniter\Router\RouteCollection))
 4 APPPATH/Config/Routes.php(144): CodeIgniter\Router\RouteCollection->group('gimnasio', [...], Object(Closure))
 5 SYSTEMPATH/Router/RouteCollection.php(339): require('/Applications/ServBay/www/trackbitos/app/Config/Routes.php')
 6 SYSTEMPATH/CodeIgniter.php(821): CodeIgniter\Router\RouteCollection->loadRoutes()
 7 SYSTEMPATH/CodeIgniter.php(455): CodeIgniter\CodeIgniter->tryToRouteIt(null)
 8 SYSTEMPATH/CodeIgniter.php(354): CodeIgniter\CodeIgniter->handleRequest(null, Object(Config\Cache), false)
 9 SYSTEMPATH/Boot.php(363): CodeIgniter\CodeIgniter->run()
10 SYSTEMPATH/Boot.php(68): CodeIgniter\Boot::runCodeIgniter(Object(CodeIgniter\CodeIgniter))
11 FCPATH/index.php(59): CodeIgniter\Boot::bootWeb(Object(Config\Paths))
WARNING - 2025-09-05 06:20:41 --> [DEPRECATED] Passing lowercase HTTP method "get" is deprecated. Use uppercase HTTP method like "GET". in SYSTEMPATH/Router/RouteCollection.php on line 1026.
 1 SYSTEMPATH/Router/RouteCollection.php(1026): trigger_error('Passing lowercase HTTP method "get" is deprecated. Use uppercase HTTP method like "GET".', 16384)
 2 APPPATH/Config/Routes.php(150): CodeIgniter\Router\RouteCollection->match([...], 'mesociclos/(:num)/asignar/(:num)', 'GimnasioMesociclos::asignar/$1/$2')
 3 SYSTEMPATH/Router/RouteCollection.php(799): CodeIgniter\Router\RouteCollection::{closure}(Object(CodeIgniter\Router\RouteCollection))
 4 APPPATH/Config/Routes.php(144): CodeIgniter\Router\RouteCollection->group('gimnasio', [...], Object(Closure))
 5 SYSTEMPATH/Router/RouteCollection.php(339): require('/Applications/ServBay/www/trackbitos/app/Config/Routes.php')
 6 SYSTEMPATH/CodeIgniter.php(821): CodeIgniter\Router\RouteCollection->loadRoutes()
 7 SYSTEMPATH/CodeIgniter.php(455): CodeIgniter\CodeIgniter->tryToRouteIt(null)
 8 SYSTEMPATH/CodeIgniter.php(354): CodeIgniter\CodeIgniter->handleRequest(null, Object(Config\Cache), false)
 9 SYSTEMPATH/Boot.php(363): CodeIgniter\CodeIgniter->run()
10 SYSTEMPATH/Boot.php(68): CodeIgniter\Boot::runCodeIgniter(Object(CodeIgniter\CodeIgniter))
11 FCPATH/index.php(59): CodeIgniter\Boot::bootWeb(Object(Config\Paths))
WARNING - 2025-09-05 06:20:41 --> [DEPRECATED] Passing lowercase HTTP method "post" is deprecated. Use uppercase HTTP method like "POST". in SYSTEMPATH/Router/RouteCollection.php on line 1026.
 1 SYSTEMPATH/Router/RouteCollection.php(1026): trigger_error('Passing lowercase HTTP method "post" is deprecated. Use uppercase HTTP method like "POST".', 16384)
 2 APPPATH/Config/Routes.php(150): CodeIgniter\Router\RouteCollection->match([...], 'mesociclos/(:num)/asignar/(:num)', 'GimnasioMesociclos::asignar/$1/$2')
 3 SYSTEMPATH/Router/RouteCollection.php(799): CodeIgniter\Router\RouteCollection::{closure}(Object(CodeIgniter\Router\RouteCollection))
 4 APPPATH/Config/Routes.php(144): CodeIgniter\Router\RouteCollection->group('gimnasio', [...], Object(Closure))
 5 SYSTEMPATH/Router/RouteCollection.php(339): require('/Applications/ServBay/www/trackbitos/app/Config/Routes.php')
 6 SYSTEMPATH/CodeIgniter.php(821): CodeIgniter\Router\RouteCollection->loadRoutes()
 7 SYSTEMPATH/CodeIgniter.php(455): CodeIgniter\CodeIgniter->tryToRouteIt(null)
 8 SYSTEMPATH/CodeIgniter.php(354): CodeIgniter\CodeIgniter->handleRequest(null, Object(Config\Cache), false)
 9 SYSTEMPATH/Boot.php(363): CodeIgniter\CodeIgniter->run()
10 SYSTEMPATH/Boot.php(68): CodeIgniter\Boot::runCodeIgniter(Object(CodeIgniter\CodeIgniter))
11 FCPATH/index.php(59): CodeIgniter\Boot::bootWeb(Object(Config\Paths))
WARNING - 2025-09-05 06:20:41 --> [DEPRECATED] Passing lowercase HTTP method "get" is deprecated. Use uppercase HTTP method like "GET". in SYSTEMPATH/Router/RouteCollection.php on line 1026.
 1 SYSTEMPATH/Router/RouteCollection.php(1026): trigger_error('Passing lowercase HTTP method "get" is deprecated. Use uppercase HTTP method like "GET".', 16384)
 2 APPPATH/Config/Routes.php(153): CodeIgniter\Router\RouteCollection->match([...], 'mesociclos/(:num)/generar', 'GimnasioMesociclos::generar/$1')
 3 SYSTEMPATH/Router/RouteCollection.php(799): CodeIgniter\Router\RouteCollection::{closure}(Object(CodeIgniter\Router\RouteCollection))
 4 APPPATH/Config/Routes.php(144): CodeIgniter\Router\RouteCollection->group('gimnasio', [...], Object(Closure))
 5 SYSTEMPATH/Router/RouteCollection.php(339): require('/Applications/ServBay/www/trackbitos/app/Config/Routes.php')
 6 SYSTEMPATH/CodeIgniter.php(821): CodeIgniter\Router\RouteCollection->loadRoutes()
 7 SYSTEMPATH/CodeIgniter.php(455): CodeIgniter\CodeIgniter->tryToRouteIt(null)
 8 SYSTEMPATH/CodeIgniter.php(354): CodeIgniter\CodeIgniter->handleRequest(null, Object(Config\Cache), false)
 9 SYSTEMPATH/Boot.php(363): CodeIgniter\CodeIgniter->run()
10 SYSTEMPATH/Boot.php(68): CodeIgniter\Boot::runCodeIgniter(Object(CodeIgniter\CodeIgniter))
11 FCPATH/index.php(59): CodeIgniter\Boot::bootWeb(Object(Config\Paths))
WARNING - 2025-09-05 06:20:41 --> [DEPRECATED] Passing lowercase HTTP method "post" is deprecated. Use uppercase HTTP method like "POST". in SYSTEMPATH/Router/RouteCollection.php on line 1026.
 1 SYSTEMPATH/Router/RouteCollection.php(1026): trigger_error('Passing lowercase HTTP method "post" is deprecated. Use uppercase HTTP method like "POST".', 16384)
 2 APPPATH/Config/Routes.php(153): CodeIgniter\Router\RouteCollection->match([...], 'mesociclos/(:num)/generar', 'GimnasioMesociclos::generar/$1')
 3 SYSTEMPATH/Router/RouteCollection.php(799): CodeIgniter\Router\RouteCollection::{closure}(Object(CodeIgniter\Router\RouteCollection))
 4 APPPATH/Config/Routes.php(144): CodeIgniter\Router\RouteCollection->group('gimnasio', [...], Object(Closure))
 5 SYSTEMPATH/Router/RouteCollection.php(339): require('/Applications/ServBay/www/trackbitos/app/Config/Routes.php')
 6 SYSTEMPATH/CodeIgniter.php(821): CodeIgniter\Router\RouteCollection->loadRoutes()
 7 SYSTEMPATH/CodeIgniter.php(455): CodeIgniter\CodeIgniter->tryToRouteIt(null)
 8 SYSTEMPATH/CodeIgniter.php(354): CodeIgniter\CodeIgniter->handleRequest(null, Object(Config\Cache), false)
 9 SYSTEMPATH/Boot.php(363): CodeIgniter\CodeIgniter->run()
10 SYSTEMPATH/Boot.php(68): CodeIgniter\Boot::runCodeIgniter(Object(CodeIgniter\CodeIgniter))
11 FCPATH/index.php(59): CodeIgniter\Boot::bootWeb(Object(Config\Paths))
WARNING - 2025-09-05 06:20:41 --> [DEPRECATED] Passing lowercase HTTP method "get" is deprecated. Use uppercase HTTP method like "GET". in SYSTEMPATH/Router/RouteCollection.php on line 1026.
 1 SYSTEMPATH/Router/RouteCollection.php(1026): trigger_error('Passing lowercase HTTP method "get" is deprecated. Use uppercase HTTP method like "GET".', 16384)
 2 APPPATH/Config/Routes.php(161): CodeIgniter\Router\RouteCollection->match([...], 'mesociclos/(:num)/generar/bilbo', 'GimnasioMesociclos::generarBilbo/$1')
 3 SYSTEMPATH/Router/RouteCollection.php(799): CodeIgniter\Router\RouteCollection::{closure}(Object(CodeIgniter\Router\RouteCollection))
 4 APPPATH/Config/Routes.php(144): CodeIgniter\Router\RouteCollection->group('gimnasio', [...], Object(Closure))
 5 SYSTEMPATH/Router/RouteCollection.php(339): require('/Applications/ServBay/www/trackbitos/app/Config/Routes.php')
 6 SYSTEMPATH/CodeIgniter.php(821): CodeIgniter\Router\RouteCollection->loadRoutes()
 7 SYSTEMPATH/CodeIgniter.php(455): CodeIgniter\CodeIgniter->tryToRouteIt(null)
 8 SYSTEMPATH/CodeIgniter.php(354): CodeIgniter\CodeIgniter->handleRequest(null, Object(Config\Cache), false)
 9 SYSTEMPATH/Boot.php(363): CodeIgniter\CodeIgniter->run()
10 SYSTEMPATH/Boot.php(68): CodeIgniter\Boot::runCodeIgniter(Object(CodeIgniter\CodeIgniter))
11 FCPATH/index.php(59): CodeIgniter\Boot::bootWeb(Object(Config\Paths))
WARNING - 2025-09-05 06:20:41 --> [DEPRECATED] Passing lowercase HTTP method "post" is deprecated. Use uppercase HTTP method like "POST". in SYSTEMPATH/Router/RouteCollection.php on line 1026.
 1 SYSTEMPATH/Router/RouteCollection.php(1026): trigger_error('Passing lowercase HTTP method "post" is deprecated. Use uppercase HTTP method like "POST".', 16384)
 2 APPPATH/Config/Routes.php(161): CodeIgniter\Router\RouteCollection->match([...], 'mesociclos/(:num)/generar/bilbo', 'GimnasioMesociclos::generarBilbo/$1')
 3 SYSTEMPATH/Router/RouteCollection.php(799): CodeIgniter\Router\RouteCollection::{closure}(Object(CodeIgniter\Router\RouteCollection))
 4 APPPATH/Config/Routes.php(144): CodeIgniter\Router\RouteCollection->group('gimnasio', [...], Object(Closure))
 5 SYSTEMPATH/Router/RouteCollection.php(339): require('/Applications/ServBay/www/trackbitos/app/Config/Routes.php')
 6 SYSTEMPATH/CodeIgniter.php(821): CodeIgniter\Router\RouteCollection->loadRoutes()
 7 SYSTEMPATH/CodeIgniter.php(455): CodeIgniter\CodeIgniter->tryToRouteIt(null)
 8 SYSTEMPATH/CodeIgniter.php(354): CodeIgniter\CodeIgniter->handleRequest(null, Object(Config\Cache), false)
 9 SYSTEMPATH/Boot.php(363): CodeIgniter\CodeIgniter->run()
10 SYSTEMPATH/Boot.php(68): CodeIgniter\Boot::runCodeIgniter(Object(CodeIgniter\CodeIgniter))
11 FCPATH/index.php(59): CodeIgniter\Boot::bootWeb(Object(Config\Paths))
WARNING - 2025-09-05 06:20:41 --> [DEPRECATED] Passing lowercase HTTP method "get" is deprecated. Use uppercase HTTP method like "GET". in SYSTEMPATH/Router/RouteCollection.php on line 1026.
 1 SYSTEMPATH/Router/RouteCollection.php(1026): trigger_error('Passing lowercase HTTP method "get" is deprecated. Use uppercase HTTP method like "GET".', 16384)
 2 APPPATH/Config/Routes.php(261): CodeIgniter\Router\RouteCollection->match([...], 'crear', 'Youtube::crearLista')
 3 SYSTEMPATH/Router/RouteCollection.php(799): CodeIgniter\Router\RouteCollection::{closure}(Object(CodeIgniter\Router\RouteCollection))
 4 APPPATH/Config/Routes.php(259): CodeIgniter\Router\RouteCollection->group('youtube', [...], Object(Closure))
 5 SYSTEMPATH/Router/RouteCollection.php(339): require('/Applications/ServBay/www/trackbitos/app/Config/Routes.php')
 6 SYSTEMPATH/CodeIgniter.php(821): CodeIgniter\Router\RouteCollection->loadRoutes()
 7 SYSTEMPATH/CodeIgniter.php(455): CodeIgniter\CodeIgniter->tryToRouteIt(null)
 8 SYSTEMPATH/CodeIgniter.php(354): CodeIgniter\CodeIgniter->handleRequest(null, Object(Config\Cache), false)
 9 SYSTEMPATH/Boot.php(363): CodeIgniter\CodeIgniter->run()
10 SYSTEMPATH/Boot.php(68): CodeIgniter\Boot::runCodeIgniter(Object(CodeIgniter\CodeIgniter))
11 FCPATH/index.php(59): CodeIgniter\Boot::bootWeb(Object(Config\Paths))
WARNING - 2025-09-05 06:20:41 --> [DEPRECATED] Passing lowercase HTTP method "post" is deprecated. Use uppercase HTTP method like "POST". in SYSTEMPATH/Router/RouteCollection.php on line 1026.
 1 SYSTEMPATH/Router/RouteCollection.php(1026): trigger_error('Passing lowercase HTTP method "post" is deprecated. Use uppercase HTTP method like "POST".', 16384)
 2 APPPATH/Config/Routes.php(261): CodeIgniter\Router\RouteCollection->match([...], 'crear', 'Youtube::crearLista')
 3 SYSTEMPATH/Router/RouteCollection.php(799): CodeIgniter\Router\RouteCollection::{closure}(Object(CodeIgniter\Router\RouteCollection))
 4 APPPATH/Config/Routes.php(259): CodeIgniter\Router\RouteCollection->group('youtube', [...], Object(Closure))
 5 SYSTEMPATH/Router/RouteCollection.php(339): require('/Applications/ServBay/www/trackbitos/app/Config/Routes.php')
 6 SYSTEMPATH/CodeIgniter.php(821): CodeIgniter\Router\RouteCollection->loadRoutes()
 7 SYSTEMPATH/CodeIgniter.php(455): CodeIgniter\CodeIgniter->tryToRouteIt(null)
 8 SYSTEMPATH/CodeIgniter.php(354): CodeIgniter\CodeIgniter->handleRequest(null, Object(Config\Cache), false)
 9 SYSTEMPATH/Boot.php(363): CodeIgniter\CodeIgniter->run()
10 SYSTEMPATH/Boot.php(68): CodeIgniter\Boot::runCodeIgniter(Object(CodeIgniter\CodeIgniter))
11 FCPATH/index.php(59): CodeIgniter\Boot::bootWeb(Object(Config\Paths))
DEBUG - 2025-09-05 06:20:41 --> Session: Class initialized using 'CodeIgniter\Session\Handlers\FileHandler' driver.
WARNING - 2025-09-05 06:20:52 --> [DEPRECATED] Passing lowercase HTTP method "get" is deprecated. Use uppercase HTTP method like "GET". in SYSTEMPATH/Router/RouteCollection.php on line 1026.
 1 SYSTEMPATH/Router/RouteCollection.php(1026): trigger_error('Passing lowercase HTTP method "get" is deprecated. Use uppercase HTTP method like "GET".', 16384)
 2 APPPATH/Config/Routes.php(146): CodeIgniter\Router\RouteCollection->match([...], 'mesociclos/nuevo', 'GimnasioMesociclos::nuevo')
 3 SYSTEMPATH/Router/RouteCollection.php(799): CodeIgniter\Router\RouteCollection::{closure}(Object(CodeIgniter\Router\RouteCollection))
 4 APPPATH/Config/Routes.php(144): CodeIgniter\Router\RouteCollection->group('gimnasio', [...], Object(Closure))
 5 SYSTEMPATH/Router/RouteCollection.php(339): require('/Applications/ServBay/www/trackbitos/app/Config/Routes.php')
 6 SYSTEMPATH/CodeIgniter.php(821): CodeIgniter\Router\RouteCollection->loadRoutes()
 7 SYSTEMPATH/CodeIgniter.php(455): CodeIgniter\CodeIgniter->tryToRouteIt(null)
 8 SYSTEMPATH/CodeIgniter.php(354): CodeIgniter\CodeIgniter->handleRequest(null, Object(Config\Cache), false)
 9 SYSTEMPATH/Boot.php(363): CodeIgniter\CodeIgniter->run()
10 SYSTEMPATH/Boot.php(68): CodeIgniter\Boot::runCodeIgniter(Object(CodeIgniter\CodeIgniter))
11 FCPATH/index.php(59): CodeIgniter\Boot::bootWeb(Object(Config\Paths))
WARNING - 2025-09-05 06:20:52 --> [DEPRECATED] Passing lowercase HTTP method "post" is deprecated. Use uppercase HTTP method like "POST". in SYSTEMPATH/Router/RouteCollection.php on line 1026.
 1 SYSTEMPATH/Router/RouteCollection.php(1026): trigger_error('Passing lowercase HTTP method "post" is deprecated. Use uppercase HTTP method like "POST".', 16384)
 2 APPPATH/Config/Routes.php(146): CodeIgniter\Router\RouteCollection->match([...], 'mesociclos/nuevo', 'GimnasioMesociclos::nuevo')
 3 SYSTEMPATH/Router/RouteCollection.php(799): CodeIgniter\Router\RouteCollection::{closure}(Object(CodeIgniter\Router\RouteCollection))
 4 APPPATH/Config/Routes.php(144): CodeIgniter\Router\RouteCollection->group('gimnasio', [...], Object(Closure))
 5 SYSTEMPATH/Router/RouteCollection.php(339): require('/Applications/ServBay/www/trackbitos/app/Config/Routes.php')
 6 SYSTEMPATH/CodeIgniter.php(821): CodeIgniter\Router\RouteCollection->loadRoutes()
 7 SYSTEMPATH/CodeIgniter.php(455): CodeIgniter\CodeIgniter->tryToRouteIt(null)
 8 SYSTEMPATH/CodeIgniter.php(354): CodeIgniter\CodeIgniter->handleRequest(null, Object(Config\Cache), false)
 9 SYSTEMPATH/Boot.php(363): CodeIgniter\CodeIgniter->run()
10 SYSTEMPATH/Boot.php(68): CodeIgniter\Boot::runCodeIgniter(Object(CodeIgniter\CodeIgniter))
11 FCPATH/index.php(59): CodeIgniter\Boot::bootWeb(Object(Config\Paths))
WARNING - 2025-09-05 06:20:52 --> [DEPRECATED] Passing lowercase HTTP method "get" is deprecated. Use uppercase HTTP method like "GET". in SYSTEMPATH/Router/RouteCollection.php on line 1026.
 1 SYSTEMPATH/Router/RouteCollection.php(1026): trigger_error('Passing lowercase HTTP method "get" is deprecated. Use uppercase HTTP method like "GET".', 16384)
 2 APPPATH/Config/Routes.php(148): CodeIgniter\Router\RouteCollection->match([...], 'mesociclos/(:num)/bloque/nuevo', 'GimnasioMesociclos::bloqueNuevo/$1')
 3 SYSTEMPATH/Router/RouteCollection.php(799): CodeIgniter\Router\RouteCollection::{closure}(Object(CodeIgniter\Router\RouteCollection))
 4 APPPATH/Config/Routes.php(144): CodeIgniter\Router\RouteCollection->group('gimnasio', [...], Object(Closure))
 5 SYSTEMPATH/Router/RouteCollection.php(339): require('/Applications/ServBay/www/trackbitos/app/Config/Routes.php')
 6 SYSTEMPATH/CodeIgniter.php(821): CodeIgniter\Router\RouteCollection->loadRoutes()
 7 SYSTEMPATH/CodeIgniter.php(455): CodeIgniter\CodeIgniter->tryToRouteIt(null)
 8 SYSTEMPATH/CodeIgniter.php(354): CodeIgniter\CodeIgniter->handleRequest(null, Object(Config\Cache), false)
 9 SYSTEMPATH/Boot.php(363): CodeIgniter\CodeIgniter->run()
10 SYSTEMPATH/Boot.php(68): CodeIgniter\Boot::runCodeIgniter(Object(CodeIgniter\CodeIgniter))
11 FCPATH/index.php(59): CodeIgniter\Boot::bootWeb(Object(Config\Paths))
WARNING - 2025-09-05 06:20:52 --> [DEPRECATED] Passing lowercase HTTP method "post" is deprecated. Use uppercase HTTP method like "POST". in SYSTEMPATH/Router/RouteCollection.php on line 1026.
 1 SYSTEMPATH/Router/RouteCollection.php(1026): trigger_error('Passing lowercase HTTP method "post" is deprecated. Use uppercase HTTP method like "POST".', 16384)
 2 APPPATH/Config/Routes.php(148): CodeIgniter\Router\RouteCollection->match([...], 'mesociclos/(:num)/bloque/nuevo', 'GimnasioMesociclos::bloqueNuevo/$1')
 3 SYSTEMPATH/Router/RouteCollection.php(799): CodeIgniter\Router\RouteCollection::{closure}(Object(CodeIgniter\Router\RouteCollection))
 4 APPPATH/Config/Routes.php(144): CodeIgniter\Router\RouteCollection->group('gimnasio', [...], Object(Closure))
 5 SYSTEMPATH/Router/RouteCollection.php(339): require('/Applications/ServBay/www/trackbitos/app/Config/Routes.php')
 6 SYSTEMPATH/CodeIgniter.php(821): CodeIgniter\Router\RouteCollection->loadRoutes()
 7 SYSTEMPATH/CodeIgniter.php(455): CodeIgniter\CodeIgniter->tryToRouteIt(null)
 8 SYSTEMPATH/CodeIgniter.php(354): CodeIgniter\CodeIgniter->handleRequest(null, Object(Config\Cache), false)
 9 SYSTEMPATH/Boot.php(363): CodeIgniter\CodeIgniter->run()
10 SYSTEMPATH/Boot.php(68): CodeIgniter\Boot::runCodeIgniter(Object(CodeIgniter\CodeIgniter))
11 FCPATH/index.php(59): CodeIgniter\Boot::bootWeb(Object(Config\Paths))
WARNING - 2025-09-05 06:20:52 --> [DEPRECATED] Passing lowercase HTTP method "get" is deprecated. Use uppercase HTTP method like "GET". in SYSTEMPATH/Router/RouteCollection.php on line 1026.
 1 SYSTEMPATH/Router/RouteCollection.php(1026): trigger_error('Passing lowercase HTTP method "get" is deprecated. Use uppercase HTTP method like "GET".', 16384)
 2 APPPATH/Config/Routes.php(150): CodeIgniter\Router\RouteCollection->match([...], 'mesociclos/(:num)/asignar/(:num)', 'GimnasioMesociclos::asignar/$1/$2')
 3 SYSTEMPATH/Router/RouteCollection.php(799): CodeIgniter\Router\RouteCollection::{closure}(Object(CodeIgniter\Router\RouteCollection))
 4 APPPATH/Config/Routes.php(144): CodeIgniter\Router\RouteCollection->group('gimnasio', [...], Object(Closure))
 5 SYSTEMPATH/Router/RouteCollection.php(339): require('/Applications/ServBay/www/trackbitos/app/Config/Routes.php')
 6 SYSTEMPATH/CodeIgniter.php(821): CodeIgniter\Router\RouteCollection->loadRoutes()
 7 SYSTEMPATH/CodeIgniter.php(455): CodeIgniter\CodeIgniter->tryToRouteIt(null)
 8 SYSTEMPATH/CodeIgniter.php(354): CodeIgniter\CodeIgniter->handleRequest(null, Object(Config\Cache), false)
 9 SYSTEMPATH/Boot.php(363): CodeIgniter\CodeIgniter->run()
10 SYSTEMPATH/Boot.php(68): CodeIgniter\Boot::runCodeIgniter(Object(CodeIgniter\CodeIgniter))
11 FCPATH/index.php(59): CodeIgniter\Boot::bootWeb(Object(Config\Paths))
WARNING - 2025-09-05 06:20:52 --> [DEPRECATED] Passing lowercase HTTP method "post" is deprecated. Use uppercase HTTP method like "POST". in SYSTEMPATH/Router/RouteCollection.php on line 1026.
 1 SYSTEMPATH/Router/RouteCollection.php(1026): trigger_error('Passing lowercase HTTP method "post" is deprecated. Use uppercase HTTP method like "POST".', 16384)
 2 APPPATH/Config/Routes.php(150): CodeIgniter\Router\RouteCollection->match([...], 'mesociclos/(:num)/asignar/(:num)', 'GimnasioMesociclos::asignar/$1/$2')
 3 SYSTEMPATH/Router/RouteCollection.php(799): CodeIgniter\Router\RouteCollection::{closure}(Object(CodeIgniter\Router\RouteCollection))
 4 APPPATH/Config/Routes.php(144): CodeIgniter\Router\RouteCollection->group('gimnasio', [...], Object(Closure))
 5 SYSTEMPATH/Router/RouteCollection.php(339): require('/Applications/ServBay/www/trackbitos/app/Config/Routes.php')
 6 SYSTEMPATH/CodeIgniter.php(821): CodeIgniter\Router\RouteCollection->loadRoutes()
 7 SYSTEMPATH/CodeIgniter.php(455): CodeIgniter\CodeIgniter->tryToRouteIt(null)
 8 SYSTEMPATH/CodeIgniter.php(354): CodeIgniter\CodeIgniter->handleRequest(null, Object(Config\Cache), false)
 9 SYSTEMPATH/Boot.php(363): CodeIgniter\CodeIgniter->run()
10 SYSTEMPATH/Boot.php(68): CodeIgniter\Boot::runCodeIgniter(Object(CodeIgniter\CodeIgniter))
11 FCPATH/index.php(59): CodeIgniter\Boot::bootWeb(Object(Config\Paths))
WARNING - 2025-09-05 06:20:52 --> [DEPRECATED] Passing lowercase HTTP method "get" is deprecated. Use uppercase HTTP method like "GET". in SYSTEMPATH/Router/RouteCollection.php on line 1026.
 1 SYSTEMPATH/Router/RouteCollection.php(1026): trigger_error('Passing lowercase HTTP method "get" is deprecated. Use uppercase HTTP method like "GET".', 16384)
 2 APPPATH/Config/Routes.php(153): CodeIgniter\Router\RouteCollection->match([...], 'mesociclos/(:num)/generar', 'GimnasioMesociclos::generar/$1')
 3 SYSTEMPATH/Router/RouteCollection.php(799): CodeIgniter\Router\RouteCollection::{closure}(Object(CodeIgniter\Router\RouteCollection))
 4 APPPATH/Config/Routes.php(144): CodeIgniter\Router\RouteCollection->group('gimnasio', [...], Object(Closure))
 5 SYSTEMPATH/Router/RouteCollection.php(339): require('/Applications/ServBay/www/trackbitos/app/Config/Routes.php')
 6 SYSTEMPATH/CodeIgniter.php(821): CodeIgniter\Router\RouteCollection->loadRoutes()
 7 SYSTEMPATH/CodeIgniter.php(455): CodeIgniter\CodeIgniter->tryToRouteIt(null)
 8 SYSTEMPATH/CodeIgniter.php(354): CodeIgniter\CodeIgniter->handleRequest(null, Object(Config\Cache), false)
 9 SYSTEMPATH/Boot.php(363): CodeIgniter\CodeIgniter->run()
10 SYSTEMPATH/Boot.php(68): CodeIgniter\Boot::runCodeIgniter(Object(CodeIgniter\CodeIgniter))
11 FCPATH/index.php(59): CodeIgniter\Boot::bootWeb(Object(Config\Paths))
WARNING - 2025-09-05 06:20:52 --> [DEPRECATED] Passing lowercase HTTP method "post" is deprecated. Use uppercase HTTP method like "POST". in SYSTEMPATH/Router/RouteCollection.php on line 1026.
 1 SYSTEMPATH/Router/RouteCollection.php(1026): trigger_error('Passing lowercase HTTP method "post" is deprecated. Use uppercase HTTP method like "POST".', 16384)
 2 APPPATH/Config/Routes.php(153): CodeIgniter\Router\RouteCollection->match([...], 'mesociclos/(:num)/generar', 'GimnasioMesociclos::generar/$1')
 3 SYSTEMPATH/Router/RouteCollection.php(799): CodeIgniter\Router\RouteCollection::{closure}(Object(CodeIgniter\Router\RouteCollection))
 4 APPPATH/Config/Routes.php(144): CodeIgniter\Router\RouteCollection->group('gimnasio', [...], Object(Closure))
 5 SYSTEMPATH/Router/RouteCollection.php(339): require('/Applications/ServBay/www/trackbitos/app/Config/Routes.php')
 6 SYSTEMPATH/CodeIgniter.php(821): CodeIgniter\Router\RouteCollection->loadRoutes()
 7 SYSTEMPATH/CodeIgniter.php(455): CodeIgniter\CodeIgniter->tryToRouteIt(null)
 8 SYSTEMPATH/CodeIgniter.php(354): CodeIgniter\CodeIgniter->handleRequest(null, Object(Config\Cache), false)
 9 SYSTEMPATH/Boot.php(363): CodeIgniter\CodeIgniter->run()
10 SYSTEMPATH/Boot.php(68): CodeIgniter\Boot::runCodeIgniter(Object(CodeIgniter\CodeIgniter))
11 FCPATH/index.php(59): CodeIgniter\Boot::bootWeb(Object(Config\Paths))
WARNING - 2025-09-05 06:20:52 --> [DEPRECATED] Passing lowercase HTTP method "get" is deprecated. Use uppercase HTTP method like "GET". in SYSTEMPATH/Router/RouteCollection.php on line 1026.
 1 SYSTEMPATH/Router/RouteCollection.php(1026): trigger_error('Passing lowercase HTTP method "get" is deprecated. Use uppercase HTTP method like "GET".', 16384)
 2 APPPATH/Config/Routes.php(161): CodeIgniter\Router\RouteCollection->match([...], 'mesociclos/(:num)/generar/bilbo', 'GimnasioMesociclos::generarBilbo/$1')
 3 SYSTEMPATH/Router/RouteCollection.php(799): CodeIgniter\Router\RouteCollection::{closure}(Object(CodeIgniter\Router\RouteCollection))
 4 APPPATH/Config/Routes.php(144): CodeIgniter\Router\RouteCollection->group('gimnasio', [...], Object(Closure))
 5 SYSTEMPATH/Router/RouteCollection.php(339): require('/Applications/ServBay/www/trackbitos/app/Config/Routes.php')
 6 SYSTEMPATH/CodeIgniter.php(821): CodeIgniter\Router\RouteCollection->loadRoutes()
 7 SYSTEMPATH/CodeIgniter.php(455): CodeIgniter\CodeIgniter->tryToRouteIt(null)
 8 SYSTEMPATH/CodeIgniter.php(354): CodeIgniter\CodeIgniter->handleRequest(null, Object(Config\Cache), false)
 9 SYSTEMPATH/Boot.php(363): CodeIgniter\CodeIgniter->run()
10 SYSTEMPATH/Boot.php(68): CodeIgniter\Boot::runCodeIgniter(Object(CodeIgniter\CodeIgniter))
11 FCPATH/index.php(59): CodeIgniter\Boot::bootWeb(Object(Config\Paths))
WARNING - 2025-09-05 06:20:52 --> [DEPRECATED] Passing lowercase HTTP method "post" is deprecated. Use uppercase HTTP method like "POST". in SYSTEMPATH/Router/RouteCollection.php on line 1026.
 1 SYSTEMPATH/Router/RouteCollection.php(1026): trigger_error('Passing lowercase HTTP method "post" is deprecated. Use uppercase HTTP method like "POST".', 16384)
 2 APPPATH/Config/Routes.php(161): CodeIgniter\Router\RouteCollection->match([...], 'mesociclos/(:num)/generar/bilbo', 'GimnasioMesociclos::generarBilbo/$1')
 3 SYSTEMPATH/Router/RouteCollection.php(799): CodeIgniter\Router\RouteCollection::{closure}(Object(CodeIgniter\Router\RouteCollection))
 4 APPPATH/Config/Routes.php(144): CodeIgniter\Router\RouteCollection->group('gimnasio', [...], Object(Closure))
 5 SYSTEMPATH/Router/RouteCollection.php(339): require('/Applications/ServBay/www/trackbitos/app/Config/Routes.php')
 6 SYSTEMPATH/CodeIgniter.php(821): CodeIgniter\Router\RouteCollection->loadRoutes()
 7 SYSTEMPATH/CodeIgniter.php(455): CodeIgniter\CodeIgniter->tryToRouteIt(null)
 8 SYSTEMPATH/CodeIgniter.php(354): CodeIgniter\CodeIgniter->handleRequest(null, Object(Config\Cache), false)
 9 SYSTEMPATH/Boot.php(363): CodeIgniter\CodeIgniter->run()
10 SYSTEMPATH/Boot.php(68): CodeIgniter\Boot::runCodeIgniter(Object(CodeIgniter\CodeIgniter))
11 FCPATH/index.php(59): CodeIgniter\Boot::bootWeb(Object(Config\Paths))
WARNING - 2025-09-05 06:20:52 --> [DEPRECATED] Passing lowercase HTTP method "get" is deprecated. Use uppercase HTTP method like "GET". in SYSTEMPATH/Router/RouteCollection.php on line 1026.
 1 SYSTEMPATH/Router/RouteCollection.php(1026): trigger_error('Passing lowercase HTTP method "get" is deprecated. Use uppercase HTTP method like "GET".', 16384)
 2 APPPATH/Config/Routes.php(261): CodeIgniter\Router\RouteCollection->match([...], 'crear', 'Youtube::crearLista')
 3 SYSTEMPATH/Router/RouteCollection.php(799): CodeIgniter\Router\RouteCollection::{closure}(Object(CodeIgniter\Router\RouteCollection))
 4 APPPATH/Config/Routes.php(259): CodeIgniter\Router\RouteCollection->group('youtube', [...], Object(Closure))
 5 SYSTEMPATH/Router/RouteCollection.php(339): require('/Applications/ServBay/www/trackbitos/app/Config/Routes.php')
 6 SYSTEMPATH/CodeIgniter.php(821): CodeIgniter\Router\RouteCollection->loadRoutes()
 7 SYSTEMPATH/CodeIgniter.php(455): CodeIgniter\CodeIgniter->tryToRouteIt(null)
 8 SYSTEMPATH/CodeIgniter.php(354): CodeIgniter\CodeIgniter->handleRequest(null, Object(Config\Cache), false)
 9 SYSTEMPATH/Boot.php(363): CodeIgniter\CodeIgniter->run()
10 SYSTEMPATH/Boot.php(68): CodeIgniter\Boot::runCodeIgniter(Object(CodeIgniter\CodeIgniter))
11 FCPATH/index.php(59): CodeIgniter\Boot::bootWeb(Object(Config\Paths))
WARNING - 2025-09-05 06:20:52 --> [DEPRECATED] Passing lowercase HTTP method "post" is deprecated. Use uppercase HTTP method like "POST". in SYSTEMPATH/Router/RouteCollection.php on line 1026.
 1 SYSTEMPATH/Router/RouteCollection.php(1026): trigger_error('Passing lowercase HTTP method "post" is deprecated. Use uppercase HTTP method like "POST".', 16384)
 2 APPPATH/Config/Routes.php(261): CodeIgniter\Router\RouteCollection->match([...], 'crear', 'Youtube::crearLista')
 3 SYSTEMPATH/Router/RouteCollection.php(799): CodeIgniter\Router\RouteCollection::{closure}(Object(CodeIgniter\Router\RouteCollection))
 4 APPPATH/Config/Routes.php(259): CodeIgniter\Router\RouteCollection->group('youtube', [...], Object(Closure))
 5 SYSTEMPATH/Router/RouteCollection.php(339): require('/Applications/ServBay/www/trackbitos/app/Config/Routes.php')
 6 SYSTEMPATH/CodeIgniter.php(821): CodeIgniter\Router\RouteCollection->loadRoutes()
 7 SYSTEMPATH/CodeIgniter.php(455): CodeIgniter\CodeIgniter->tryToRouteIt(null)
 8 SYSTEMPATH/CodeIgniter.php(354): CodeIgniter\CodeIgniter->handleRequest(null, Object(Config\Cache), false)
 9 SYSTEMPATH/Boot.php(363): CodeIgniter\CodeIgniter->run()
10 SYSTEMPATH/Boot.php(68): CodeIgniter\Boot::runCodeIgniter(Object(CodeIgniter\CodeIgniter))
11 FCPATH/index.php(59): CodeIgniter\Boot::bootWeb(Object(Config\Paths))
DEBUG - 2025-09-05 06:20:52 --> Session: Class initialized using 'CodeIgniter\Session\Handlers\FileHandler' driver.
WARNING - 2025-09-05 06:21:07 --> [DEPRECATED] Passing lowercase HTTP method "get" is deprecated. Use uppercase HTTP method like "GET". in SYSTEMPATH/Router/RouteCollection.php on line 1026.
 1 SYSTEMPATH/Router/RouteCollection.php(1026): trigger_error('Passing lowercase HTTP method "get" is deprecated. Use uppercase HTTP method like "GET".', 16384)
 2 APPPATH/Config/Routes.php(146): CodeIgniter\Router\RouteCollection->match([...], 'mesociclos/nuevo', 'GimnasioMesociclos::nuevo')
 3 SYSTEMPATH/Router/RouteCollection.php(799): CodeIgniter\Router\RouteCollection::{closure}(Object(CodeIgniter\Router\RouteCollection))
 4 APPPATH/Config/Routes.php(144): CodeIgniter\Router\RouteCollection->group('gimnasio', [...], Object(Closure))
 5 SYSTEMPATH/Router/RouteCollection.php(339): require('/Applications/ServBay/www/trackbitos/app/Config/Routes.php')
 6 SYSTEMPATH/CodeIgniter.php(821): CodeIgniter\Router\RouteCollection->loadRoutes()
 7 SYSTEMPATH/CodeIgniter.php(455): CodeIgniter\CodeIgniter->tryToRouteIt(null)
 8 SYSTEMPATH/CodeIgniter.php(354): CodeIgniter\CodeIgniter->handleRequest(null, Object(Config\Cache), false)
 9 SYSTEMPATH/Boot.php(363): CodeIgniter\CodeIgniter->run()
10 SYSTEMPATH/Boot.php(68): CodeIgniter\Boot::runCodeIgniter(Object(CodeIgniter\CodeIgniter))
11 FCPATH/index.php(59): CodeIgniter\Boot::bootWeb(Object(Config\Paths))
WARNING - 2025-09-05 06:21:07 --> [DEPRECATED] Passing lowercase HTTP method "post" is deprecated. Use uppercase HTTP method like "POST". in SYSTEMPATH/Router/RouteCollection.php on line 1026.
 1 SYSTEMPATH/Router/RouteCollection.php(1026): trigger_error('Passing lowercase HTTP method "post" is deprecated. Use uppercase HTTP method like "POST".', 16384)
 2 APPPATH/Config/Routes.php(146): CodeIgniter\Router\RouteCollection->match([...], 'mesociclos/nuevo', 'GimnasioMesociclos::nuevo')
 3 SYSTEMPATH/Router/RouteCollection.php(799): CodeIgniter\Router\RouteCollection::{closure}(Object(CodeIgniter\Router\RouteCollection))
 4 APPPATH/Config/Routes.php(144): CodeIgniter\Router\RouteCollection->group('gimnasio', [...], Object(Closure))
 5 SYSTEMPATH/Router/RouteCollection.php(339): require('/Applications/ServBay/www/trackbitos/app/Config/Routes.php')
 6 SYSTEMPATH/CodeIgniter.php(821): CodeIgniter\Router\RouteCollection->loadRoutes()
 7 SYSTEMPATH/CodeIgniter.php(455): CodeIgniter\CodeIgniter->tryToRouteIt(null)
 8 SYSTEMPATH/CodeIgniter.php(354): CodeIgniter\CodeIgniter->handleRequest(null, Object(Config\Cache), false)
 9 SYSTEMPATH/Boot.php(363): CodeIgniter\CodeIgniter->run()
10 SYSTEMPATH/Boot.php(68): CodeIgniter\Boot::runCodeIgniter(Object(CodeIgniter\CodeIgniter))
11 FCPATH/index.php(59): CodeIgniter\Boot::bootWeb(Object(Config\Paths))
WARNING - 2025-09-05 06:21:07 --> [DEPRECATED] Passing lowercase HTTP method "get" is deprecated. Use uppercase HTTP method like "GET". in SYSTEMPATH/Router/RouteCollection.php on line 1026.
 1 SYSTEMPATH/Router/RouteCollection.php(1026): trigger_error('Passing lowercase HTTP method "get" is deprecated. Use uppercase HTTP method like "GET".', 16384)
 2 APPPATH/Config/Routes.php(148): CodeIgniter\Router\RouteCollection->match([...], 'mesociclos/(:num)/bloque/nuevo', 'GimnasioMesociclos::bloqueNuevo/$1')
 3 SYSTEMPATH/Router/RouteCollection.php(799): CodeIgniter\Router\RouteCollection::{closure}(Object(CodeIgniter\Router\RouteCollection))
 4 APPPATH/Config/Routes.php(144): CodeIgniter\Router\RouteCollection->group('gimnasio', [...], Object(Closure))
 5 SYSTEMPATH/Router/RouteCollection.php(339): require('/Applications/ServBay/www/trackbitos/app/Config/Routes.php')
 6 SYSTEMPATH/CodeIgniter.php(821): CodeIgniter\Router\RouteCollection->loadRoutes()
 7 SYSTEMPATH/CodeIgniter.php(455): CodeIgniter\CodeIgniter->tryToRouteIt(null)
 8 SYSTEMPATH/CodeIgniter.php(354): CodeIgniter\CodeIgniter->handleRequest(null, Object(Config\Cache), false)
 9 SYSTEMPATH/Boot.php(363): CodeIgniter\CodeIgniter->run()
10 SYSTEMPATH/Boot.php(68): CodeIgniter\Boot::runCodeIgniter(Object(CodeIgniter\CodeIgniter))
11 FCPATH/index.php(59): CodeIgniter\Boot::bootWeb(Object(Config\Paths))
WARNING - 2025-09-05 06:21:07 --> [DEPRECATED] Passing lowercase HTTP method "post" is deprecated. Use uppercase HTTP method like "POST". in SYSTEMPATH/Router/RouteCollection.php on line 1026.
 1 SYSTEMPATH/Router/RouteCollection.php(1026): trigger_error('Passing lowercase HTTP method "post" is deprecated. Use uppercase HTTP method like "POST".', 16384)
 2 APPPATH/Config/Routes.php(148): CodeIgniter\Router\RouteCollection->match([...], 'mesociclos/(:num)/bloque/nuevo', 'GimnasioMesociclos::bloqueNuevo/$1')
 3 SYSTEMPATH/Router/RouteCollection.php(799): CodeIgniter\Router\RouteCollection::{closure}(Object(CodeIgniter\Router\RouteCollection))
 4 APPPATH/Config/Routes.php(144): CodeIgniter\Router\RouteCollection->group('gimnasio', [...], Object(Closure))
 5 SYSTEMPATH/Router/RouteCollection.php(339): require('/Applications/ServBay/www/trackbitos/app/Config/Routes.php')
 6 SYSTEMPATH/CodeIgniter.php(821): CodeIgniter\Router\RouteCollection->loadRoutes()
 7 SYSTEMPATH/CodeIgniter.php(455): CodeIgniter\CodeIgniter->tryToRouteIt(null)
 8 SYSTEMPATH/CodeIgniter.php(354): CodeIgniter\CodeIgniter->handleRequest(null, Object(Config\Cache), false)
 9 SYSTEMPATH/Boot.php(363): CodeIgniter\CodeIgniter->run()
10 SYSTEMPATH/Boot.php(68): CodeIgniter\Boot::runCodeIgniter(Object(CodeIgniter\CodeIgniter))
11 FCPATH/index.php(59): CodeIgniter\Boot::bootWeb(Object(Config\Paths))
WARNING - 2025-09-05 06:21:07 --> [DEPRECATED] Passing lowercase HTTP method "get" is deprecated. Use uppercase HTTP method like "GET". in SYSTEMPATH/Router/RouteCollection.php on line 1026.
 1 SYSTEMPATH/Router/RouteCollection.php(1026): trigger_error('Passing lowercase HTTP method "get" is deprecated. Use uppercase HTTP method like "GET".', 16384)
 2 APPPATH/Config/Routes.php(150): CodeIgniter\Router\RouteCollection->match([...], 'mesociclos/(:num)/asignar/(:num)', 'GimnasioMesociclos::asignar/$1/$2')
 3 SYSTEMPATH/Router/RouteCollection.php(799): CodeIgniter\Router\RouteCollection::{closure}(Object(CodeIgniter\Router\RouteCollection))
 4 APPPATH/Config/Routes.php(144): CodeIgniter\Router\RouteCollection->group('gimnasio', [...], Object(Closure))
 5 SYSTEMPATH/Router/RouteCollection.php(339): require('/Applications/ServBay/www/trackbitos/app/Config/Routes.php')
 6 SYSTEMPATH/CodeIgniter.php(821): CodeIgniter\Router\RouteCollection->loadRoutes()
 7 SYSTEMPATH/CodeIgniter.php(455): CodeIgniter\CodeIgniter->tryToRouteIt(null)
 8 SYSTEMPATH/CodeIgniter.php(354): CodeIgniter\CodeIgniter->handleRequest(null, Object(Config\Cache), false)
 9 SYSTEMPATH/Boot.php(363): CodeIgniter\CodeIgniter->run()
10 SYSTEMPATH/Boot.php(68): CodeIgniter\Boot::runCodeIgniter(Object(CodeIgniter\CodeIgniter))
11 FCPATH/index.php(59): CodeIgniter\Boot::bootWeb(Object(Config\Paths))
WARNING - 2025-09-05 06:21:07 --> [DEPRECATED] Passing lowercase HTTP method "post" is deprecated. Use uppercase HTTP method like "POST". in SYSTEMPATH/Router/RouteCollection.php on line 1026.
 1 SYSTEMPATH/Router/RouteCollection.php(1026): trigger_error('Passing lowercase HTTP method "post" is deprecated. Use uppercase HTTP method like "POST".', 16384)
 2 APPPATH/Config/Routes.php(150): CodeIgniter\Router\RouteCollection->match([...], 'mesociclos/(:num)/asignar/(:num)', 'GimnasioMesociclos::asignar/$1/$2')
 3 SYSTEMPATH/Router/RouteCollection.php(799): CodeIgniter\Router\RouteCollection::{closure}(Object(CodeIgniter\Router\RouteCollection))
 4 APPPATH/Config/Routes.php(144): CodeIgniter\Router\RouteCollection->group('gimnasio', [...], Object(Closure))
 5 SYSTEMPATH/Router/RouteCollection.php(339): require('/Applications/ServBay/www/trackbitos/app/Config/Routes.php')
 6 SYSTEMPATH/CodeIgniter.php(821): CodeIgniter\Router\RouteCollection->loadRoutes()
 7 SYSTEMPATH/CodeIgniter.php(455): CodeIgniter\CodeIgniter->tryToRouteIt(null)
 8 SYSTEMPATH/CodeIgniter.php(354): CodeIgniter\CodeIgniter->handleRequest(null, Object(Config\Cache), false)
 9 SYSTEMPATH/Boot.php(363): CodeIgniter\CodeIgniter->run()
10 SYSTEMPATH/Boot.php(68): CodeIgniter\Boot::runCodeIgniter(Object(CodeIgniter\CodeIgniter))
11 FCPATH/index.php(59): CodeIgniter\Boot::bootWeb(Object(Config\Paths))
WARNING - 2025-09-05 06:21:07 --> [DEPRECATED] Passing lowercase HTTP method "get" is deprecated. Use uppercase HTTP method like "GET". in SYSTEMPATH/Router/RouteCollection.php on line 1026.
 1 SYSTEMPATH/Router/RouteCollection.php(1026): trigger_error('Passing lowercase HTTP method "get" is deprecated. Use uppercase HTTP method like "GET".', 16384)
 2 APPPATH/Config/Routes.php(153): CodeIgniter\Router\RouteCollection->match([...], 'mesociclos/(:num)/generar', 'GimnasioMesociclos::generar/$1')
 3 SYSTEMPATH/Router/RouteCollection.php(799): CodeIgniter\Router\RouteCollection::{closure}(Object(CodeIgniter\Router\RouteCollection))
 4 APPPATH/Config/Routes.php(144): CodeIgniter\Router\RouteCollection->group('gimnasio', [...], Object(Closure))
 5 SYSTEMPATH/Router/RouteCollection.php(339): require('/Applications/ServBay/www/trackbitos/app/Config/Routes.php')
 6 SYSTEMPATH/CodeIgniter.php(821): CodeIgniter\Router\RouteCollection->loadRoutes()
 7 SYSTEMPATH/CodeIgniter.php(455): CodeIgniter\CodeIgniter->tryToRouteIt(null)
 8 SYSTEMPATH/CodeIgniter.php(354): CodeIgniter\CodeIgniter->handleRequest(null, Object(Config\Cache), false)
 9 SYSTEMPATH/Boot.php(363): CodeIgniter\CodeIgniter->run()
10 SYSTEMPATH/Boot.php(68): CodeIgniter\Boot::runCodeIgniter(Object(CodeIgniter\CodeIgniter))
11 FCPATH/index.php(59): CodeIgniter\Boot::bootWeb(Object(Config\Paths))
WARNING - 2025-09-05 06:21:07 --> [DEPRECATED] Passing lowercase HTTP method "post" is deprecated. Use uppercase HTTP method like "POST". in SYSTEMPATH/Router/RouteCollection.php on line 1026.
 1 SYSTEMPATH/Router/RouteCollection.php(1026): trigger_error('Passing lowercase HTTP method "post" is deprecated. Use uppercase HTTP method like "POST".', 16384)
 2 APPPATH/Config/Routes.php(153): CodeIgniter\Router\RouteCollection->match([...], 'mesociclos/(:num)/generar', 'GimnasioMesociclos::generar/$1')
 3 SYSTEMPATH/Router/RouteCollection.php(799): CodeIgniter\Router\RouteCollection::{closure}(Object(CodeIgniter\Router\RouteCollection))
 4 APPPATH/Config/Routes.php(144): CodeIgniter\Router\RouteCollection->group('gimnasio', [...], Object(Closure))
 5 SYSTEMPATH/Router/RouteCollection.php(339): require('/Applications/ServBay/www/trackbitos/app/Config/Routes.php')
 6 SYSTEMPATH/CodeIgniter.php(821): CodeIgniter\Router\RouteCollection->loadRoutes()
 7 SYSTEMPATH/CodeIgniter.php(455): CodeIgniter\CodeIgniter->tryToRouteIt(null)
 8 SYSTEMPATH/CodeIgniter.php(354): CodeIgniter\CodeIgniter->handleRequest(null, Object(Config\Cache), false)
 9 SYSTEMPATH/Boot.php(363): CodeIgniter\CodeIgniter->run()
10 SYSTEMPATH/Boot.php(68): CodeIgniter\Boot::runCodeIgniter(Object(CodeIgniter\CodeIgniter))
11 FCPATH/index.php(59): CodeIgniter\Boot::bootWeb(Object(Config\Paths))
WARNING - 2025-09-05 06:21:07 --> [DEPRECATED] Passing lowercase HTTP method "get" is deprecated. Use uppercase HTTP method like "GET". in SYSTEMPATH/Router/RouteCollection.php on line 1026.
 1 SYSTEMPATH/Router/RouteCollection.php(1026): trigger_error('Passing lowercase HTTP method "get" is deprecated. Use uppercase HTTP method like "GET".', 16384)
 2 APPPATH/Config/Routes.php(161): CodeIgniter\Router\RouteCollection->match([...], 'mesociclos/(:num)/generar/bilbo', 'GimnasioMesociclos::generarBilbo/$1')
 3 SYSTEMPATH/Router/RouteCollection.php(799): CodeIgniter\Router\RouteCollection::{closure}(Object(CodeIgniter\Router\RouteCollection))
 4 APPPATH/Config/Routes.php(144): CodeIgniter\Router\RouteCollection->group('gimnasio', [...], Object(Closure))
 5 SYSTEMPATH/Router/RouteCollection.php(339): require('/Applications/ServBay/www/trackbitos/app/Config/Routes.php')
 6 SYSTEMPATH/CodeIgniter.php(821): CodeIgniter\Router\RouteCollection->loadRoutes()
 7 SYSTEMPATH/CodeIgniter.php(455): CodeIgniter\CodeIgniter->tryToRouteIt(null)
 8 SYSTEMPATH/CodeIgniter.php(354): CodeIgniter\CodeIgniter->handleRequest(null, Object(Config\Cache), false)
 9 SYSTEMPATH/Boot.php(363): CodeIgniter\CodeIgniter->run()
10 SYSTEMPATH/Boot.php(68): CodeIgniter\Boot::runCodeIgniter(Object(CodeIgniter\CodeIgniter))
11 FCPATH/index.php(59): CodeIgniter\Boot::bootWeb(Object(Config\Paths))
WARNING - 2025-09-05 06:21:07 --> [DEPRECATED] Passing lowercase HTTP method "post" is deprecated. Use uppercase HTTP method like "POST". in SYSTEMPATH/Router/RouteCollection.php on line 1026.
 1 SYSTEMPATH/Router/RouteCollection.php(1026): trigger_error('Passing lowercase HTTP method "post" is deprecated. Use uppercase HTTP method like "POST".', 16384)
 2 APPPATH/Config/Routes.php(161): CodeIgniter\Router\RouteCollection->match([...], 'mesociclos/(:num)/generar/bilbo', 'GimnasioMesociclos::generarBilbo/$1')
 3 SYSTEMPATH/Router/RouteCollection.php(799): CodeIgniter\Router\RouteCollection::{closure}(Object(CodeIgniter\Router\RouteCollection))
 4 APPPATH/Config/Routes.php(144): CodeIgniter\Router\RouteCollection->group('gimnasio', [...], Object(Closure))
 5 SYSTEMPATH/Router/RouteCollection.php(339): require('/Applications/ServBay/www/trackbitos/app/Config/Routes.php')
 6 SYSTEMPATH/CodeIgniter.php(821): CodeIgniter\Router\RouteCollection->loadRoutes()
 7 SYSTEMPATH/CodeIgniter.php(455): CodeIgniter\CodeIgniter->tryToRouteIt(null)
 8 SYSTEMPATH/CodeIgniter.php(354): CodeIgniter\CodeIgniter->handleRequest(null, Object(Config\Cache), false)
 9 SYSTEMPATH/Boot.php(363): CodeIgniter\CodeIgniter->run()
10 SYSTEMPATH/Boot.php(68): CodeIgniter\Boot::runCodeIgniter(Object(CodeIgniter\CodeIgniter))
11 FCPATH/index.php(59): CodeIgniter\Boot::bootWeb(Object(Config\Paths))
WARNING - 2025-09-05 06:21:07 --> [DEPRECATED] Passing lowercase HTTP method "get" is deprecated. Use uppercase HTTP method like "GET". in SYSTEMPATH/Router/RouteCollection.php on line 1026.
 1 SYSTEMPATH/Router/RouteCollection.php(1026): trigger_error('Passing lowercase HTTP method "get" is deprecated. Use uppercase HTTP method like "GET".', 16384)
 2 APPPATH/Config/Routes.php(261): CodeIgniter\Router\RouteCollection->match([...], 'crear', 'Youtube::crearLista')
 3 SYSTEMPATH/Router/RouteCollection.php(799): CodeIgniter\Router\RouteCollection::{closure}(Object(CodeIgniter\Router\RouteCollection))
 4 APPPATH/Config/Routes.php(259): CodeIgniter\Router\RouteCollection->group('youtube', [...], Object(Closure))
 5 SYSTEMPATH/Router/RouteCollection.php(339): require('/Applications/ServBay/www/trackbitos/app/Config/Routes.php')
 6 SYSTEMPATH/CodeIgniter.php(821): CodeIgniter\Router\RouteCollection->loadRoutes()
 7 SYSTEMPATH/CodeIgniter.php(455): CodeIgniter\CodeIgniter->tryToRouteIt(null)
 8 SYSTEMPATH/CodeIgniter.php(354): CodeIgniter\CodeIgniter->handleRequest(null, Object(Config\Cache), false)
 9 SYSTEMPATH/Boot.php(363): CodeIgniter\CodeIgniter->run()
10 SYSTEMPATH/Boot.php(68): CodeIgniter\Boot::runCodeIgniter(Object(CodeIgniter\CodeIgniter))
11 FCPATH/index.php(59): CodeIgniter\Boot::bootWeb(Object(Config\Paths))
WARNING - 2025-09-05 06:21:07 --> [DEPRECATED] Passing lowercase HTTP method "post" is deprecated. Use uppercase HTTP method like "POST". in SYSTEMPATH/Router/RouteCollection.php on line 1026.
 1 SYSTEMPATH/Router/RouteCollection.php(1026): trigger_error('Passing lowercase HTTP method "post" is deprecated. Use uppercase HTTP method like "POST".', 16384)
 2 APPPATH/Config/Routes.php(261): CodeIgniter\Router\RouteCollection->match([...], 'crear', 'Youtube::crearLista')
 3 SYSTEMPATH/Router/RouteCollection.php(799): CodeIgniter\Router\RouteCollection::{closure}(Object(CodeIgniter\Router\RouteCollection))
 4 APPPATH/Config/Routes.php(259): CodeIgniter\Router\RouteCollection->group('youtube', [...], Object(Closure))
 5 SYSTEMPATH/Router/RouteCollection.php(339): require('/Applications/ServBay/www/trackbitos/app/Config/Routes.php')
 6 SYSTEMPATH/CodeIgniter.php(821): CodeIgniter\Router\RouteCollection->loadRoutes()
 7 SYSTEMPATH/CodeIgniter.php(455): CodeIgniter\CodeIgniter->tryToRouteIt(null)
 8 SYSTEMPATH/CodeIgniter.php(354): CodeIgniter\CodeIgniter->handleRequest(null, Object(Config\Cache), false)
 9 SYSTEMPATH/Boot.php(363): CodeIgniter\CodeIgniter->run()
10 SYSTEMPATH/Boot.php(68): CodeIgniter\Boot::runCodeIgniter(Object(CodeIgniter\CodeIgniter))
11 FCPATH/index.php(59): CodeIgniter\Boot::bootWeb(Object(Config\Paths))
DEBUG - 2025-09-05 06:21:07 --> Session: Class initialized using 'CodeIgniter\Session\Handlers\FileHandler' driver.
WARNING - 2025-09-05 06:21:20 --> [DEPRECATED] Passing lowercase HTTP method "get" is deprecated. Use uppercase HTTP method like "GET". in SYSTEMPATH/Router/RouteCollection.php on line 1026.
 1 SYSTEMPATH/Router/RouteCollection.php(1026): trigger_error('Passing lowercase HTTP method "get" is deprecated. Use uppercase HTTP method like "GET".', 16384)
 2 APPPATH/Config/Routes.php(146): CodeIgniter\Router\RouteCollection->match([...], 'mesociclos/nuevo', 'GimnasioMesociclos::nuevo')
 3 SYSTEMPATH/Router/RouteCollection.php(799): CodeIgniter\Router\RouteCollection::{closure}(Object(CodeIgniter\Router\RouteCollection))
 4 APPPATH/Config/Routes.php(144): CodeIgniter\Router\RouteCollection->group('gimnasio', [...], Object(Closure))
 5 SYSTEMPATH/Router/RouteCollection.php(339): require('/Applications/ServBay/www/trackbitos/app/Config/Routes.php')
 6 SYSTEMPATH/CodeIgniter.php(821): CodeIgniter\Router\RouteCollection->loadRoutes()
 7 SYSTEMPATH/CodeIgniter.php(455): CodeIgniter\CodeIgniter->tryToRouteIt(null)
 8 SYSTEMPATH/CodeIgniter.php(354): CodeIgniter\CodeIgniter->handleRequest(null, Object(Config\Cache), false)
 9 SYSTEMPATH/Boot.php(363): CodeIgniter\CodeIgniter->run()
10 SYSTEMPATH/Boot.php(68): CodeIgniter\Boot::runCodeIgniter(Object(CodeIgniter\CodeIgniter))
11 FCPATH/index.php(59): CodeIgniter\Boot::bootWeb(Object(Config\Paths))
WARNING - 2025-09-05 06:21:20 --> [DEPRECATED] Passing lowercase HTTP method "post" is deprecated. Use uppercase HTTP method like "POST". in SYSTEMPATH/Router/RouteCollection.php on line 1026.
 1 SYSTEMPATH/Router/RouteCollection.php(1026): trigger_error('Passing lowercase HTTP method "post" is deprecated. Use uppercase HTTP method like "POST".', 16384)
 2 APPPATH/Config/Routes.php(146): CodeIgniter\Router\RouteCollection->match([...], 'mesociclos/nuevo', 'GimnasioMesociclos::nuevo')
 3 SYSTEMPATH/Router/RouteCollection.php(799): CodeIgniter\Router\RouteCollection::{closure}(Object(CodeIgniter\Router\RouteCollection))
 4 APPPATH/Config/Routes.php(144): CodeIgniter\Router\RouteCollection->group('gimnasio', [...], Object(Closure))
 5 SYSTEMPATH/Router/RouteCollection.php(339): require('/Applications/ServBay/www/trackbitos/app/Config/Routes.php')
 6 SYSTEMPATH/CodeIgniter.php(821): CodeIgniter\Router\RouteCollection->loadRoutes()
 7 SYSTEMPATH/CodeIgniter.php(455): CodeIgniter\CodeIgniter->tryToRouteIt(null)
 8 SYSTEMPATH/CodeIgniter.php(354): CodeIgniter\CodeIgniter->handleRequest(null, Object(Config\Cache), false)
 9 SYSTEMPATH/Boot.php(363): CodeIgniter\CodeIgniter->run()
10 SYSTEMPATH/Boot.php(68): CodeIgniter\Boot::runCodeIgniter(Object(CodeIgniter\CodeIgniter))
11 FCPATH/index.php(59): CodeIgniter\Boot::bootWeb(Object(Config\Paths))
WARNING - 2025-09-05 06:21:20 --> [DEPRECATED] Passing lowercase HTTP method "get" is deprecated. Use uppercase HTTP method like "GET". in SYSTEMPATH/Router/RouteCollection.php on line 1026.
 1 SYSTEMPATH/Router/RouteCollection.php(1026): trigger_error('Passing lowercase HTTP method "get" is deprecated. Use uppercase HTTP method like "GET".', 16384)
 2 APPPATH/Config/Routes.php(148): CodeIgniter\Router\RouteCollection->match([...], 'mesociclos/(:num)/bloque/nuevo', 'GimnasioMesociclos::bloqueNuevo/$1')
 3 SYSTEMPATH/Router/RouteCollection.php(799): CodeIgniter\Router\RouteCollection::{closure}(Object(CodeIgniter\Router\RouteCollection))
 4 APPPATH/Config/Routes.php(144): CodeIgniter\Router\RouteCollection->group('gimnasio', [...], Object(Closure))
 5 SYSTEMPATH/Router/RouteCollection.php(339): require('/Applications/ServBay/www/trackbitos/app/Config/Routes.php')
 6 SYSTEMPATH/CodeIgniter.php(821): CodeIgniter\Router\RouteCollection->loadRoutes()
 7 SYSTEMPATH/CodeIgniter.php(455): CodeIgniter\CodeIgniter->tryToRouteIt(null)
 8 SYSTEMPATH/CodeIgniter.php(354): CodeIgniter\CodeIgniter->handleRequest(null, Object(Config\Cache), false)
 9 SYSTEMPATH/Boot.php(363): CodeIgniter\CodeIgniter->run()
10 SYSTEMPATH/Boot.php(68): CodeIgniter\Boot::runCodeIgniter(Object(CodeIgniter\CodeIgniter))
11 FCPATH/index.php(59): CodeIgniter\Boot::bootWeb(Object(Config\Paths))
WARNING - 2025-09-05 06:21:20 --> [DEPRECATED] Passing lowercase HTTP method "post" is deprecated. Use uppercase HTTP method like "POST". in SYSTEMPATH/Router/RouteCollection.php on line 1026.
 1 SYSTEMPATH/Router/RouteCollection.php(1026): trigger_error('Passing lowercase HTTP method "post" is deprecated. Use uppercase HTTP method like "POST".', 16384)
 2 APPPATH/Config/Routes.php(148): CodeIgniter\Router\RouteCollection->match([...], 'mesociclos/(:num)/bloque/nuevo', 'GimnasioMesociclos::bloqueNuevo/$1')
 3 SYSTEMPATH/Router/RouteCollection.php(799): CodeIgniter\Router\RouteCollection::{closure}(Object(CodeIgniter\Router\RouteCollection))
 4 APPPATH/Config/Routes.php(144): CodeIgniter\Router\RouteCollection->group('gimnasio', [...], Object(Closure))
 5 SYSTEMPATH/Router/RouteCollection.php(339): require('/Applications/ServBay/www/trackbitos/app/Config/Routes.php')
 6 SYSTEMPATH/CodeIgniter.php(821): CodeIgniter\Router\RouteCollection->loadRoutes()
 7 SYSTEMPATH/CodeIgniter.php(455): CodeIgniter\CodeIgniter->tryToRouteIt(null)
 8 SYSTEMPATH/CodeIgniter.php(354): CodeIgniter\CodeIgniter->handleRequest(null, Object(Config\Cache), false)
 9 SYSTEMPATH/Boot.php(363): CodeIgniter\CodeIgniter->run()
10 SYSTEMPATH/Boot.php(68): CodeIgniter\Boot::runCodeIgniter(Object(CodeIgniter\CodeIgniter))
11 FCPATH/index.php(59): CodeIgniter\Boot::bootWeb(Object(Config\Paths))
WARNING - 2025-09-05 06:21:20 --> [DEPRECATED] Passing lowercase HTTP method "get" is deprecated. Use uppercase HTTP method like "GET". in SYSTEMPATH/Router/RouteCollection.php on line 1026.
 1 SYSTEMPATH/Router/RouteCollection.php(1026): trigger_error('Passing lowercase HTTP method "get" is deprecated. Use uppercase HTTP method like "GET".', 16384)
 2 APPPATH/Config/Routes.php(150): CodeIgniter\Router\RouteCollection->match([...], 'mesociclos/(:num)/asignar/(:num)', 'GimnasioMesociclos::asignar/$1/$2')
 3 SYSTEMPATH/Router/RouteCollection.php(799): CodeIgniter\Router\RouteCollection::{closure}(Object(CodeIgniter\Router\RouteCollection))
 4 APPPATH/Config/Routes.php(144): CodeIgniter\Router\RouteCollection->group('gimnasio', [...], Object(Closure))
 5 SYSTEMPATH/Router/RouteCollection.php(339): require('/Applications/ServBay/www/trackbitos/app/Config/Routes.php')
 6 SYSTEMPATH/CodeIgniter.php(821): CodeIgniter\Router\RouteCollection->loadRoutes()
 7 SYSTEMPATH/CodeIgniter.php(455): CodeIgniter\CodeIgniter->tryToRouteIt(null)
 8 SYSTEMPATH/CodeIgniter.php(354): CodeIgniter\CodeIgniter->handleRequest(null, Object(Config\Cache), false)
 9 SYSTEMPATH/Boot.php(363): CodeIgniter\CodeIgniter->run()
10 SYSTEMPATH/Boot.php(68): CodeIgniter\Boot::runCodeIgniter(Object(CodeIgniter\CodeIgniter))
11 FCPATH/index.php(59): CodeIgniter\Boot::bootWeb(Object(Config\Paths))
WARNING - 2025-09-05 06:21:20 --> [DEPRECATED] Passing lowercase HTTP method "post" is deprecated. Use uppercase HTTP method like "POST". in SYSTEMPATH/Router/RouteCollection.php on line 1026.
 1 SYSTEMPATH/Router/RouteCollection.php(1026): trigger_error('Passing lowercase HTTP method "post" is deprecated. Use uppercase HTTP method like "POST".', 16384)
 2 APPPATH/Config/Routes.php(150): CodeIgniter\Router\RouteCollection->match([...], 'mesociclos/(:num)/asignar/(:num)', 'GimnasioMesociclos::asignar/$1/$2')
 3 SYSTEMPATH/Router/RouteCollection.php(799): CodeIgniter\Router\RouteCollection::{closure}(Object(CodeIgniter\Router\RouteCollection))
 4 APPPATH/Config/Routes.php(144): CodeIgniter\Router\RouteCollection->group('gimnasio', [...], Object(Closure))
 5 SYSTEMPATH/Router/RouteCollection.php(339): require('/Applications/ServBay/www/trackbitos/app/Config/Routes.php')
 6 SYSTEMPATH/CodeIgniter.php(821): CodeIgniter\Router\RouteCollection->loadRoutes()
 7 SYSTEMPATH/CodeIgniter.php(455): CodeIgniter\CodeIgniter->tryToRouteIt(null)
 8 SYSTEMPATH/CodeIgniter.php(354): CodeIgniter\CodeIgniter->handleRequest(null, Object(Config\Cache), false)
 9 SYSTEMPATH/Boot.php(363): CodeIgniter\CodeIgniter->run()
10 SYSTEMPATH/Boot.php(68): CodeIgniter\Boot::runCodeIgniter(Object(CodeIgniter\CodeIgniter))
11 FCPATH/index.php(59): CodeIgniter\Boot::bootWeb(Object(Config\Paths))
WARNING - 2025-09-05 06:21:20 --> [DEPRECATED] Passing lowercase HTTP method "get" is deprecated. Use uppercase HTTP method like "GET". in SYSTEMPATH/Router/RouteCollection.php on line 1026.
 1 SYSTEMPATH/Router/RouteCollection.php(1026): trigger_error('Passing lowercase HTTP method "get" is deprecated. Use uppercase HTTP method like "GET".', 16384)
 2 APPPATH/Config/Routes.php(153): CodeIgniter\Router\RouteCollection->match([...], 'mesociclos/(:num)/generar', 'GimnasioMesociclos::generar/$1')
 3 SYSTEMPATH/Router/RouteCollection.php(799): CodeIgniter\Router\RouteCollection::{closure}(Object(CodeIgniter\Router\RouteCollection))
 4 APPPATH/Config/Routes.php(144): CodeIgniter\Router\RouteCollection->group('gimnasio', [...], Object(Closure))
 5 SYSTEMPATH/Router/RouteCollection.php(339): require('/Applications/ServBay/www/trackbitos/app/Config/Routes.php')
 6 SYSTEMPATH/CodeIgniter.php(821): CodeIgniter\Router\RouteCollection->loadRoutes()
 7 SYSTEMPATH/CodeIgniter.php(455): CodeIgniter\CodeIgniter->tryToRouteIt(null)
 8 SYSTEMPATH/CodeIgniter.php(354): CodeIgniter\CodeIgniter->handleRequest(null, Object(Config\Cache), false)
 9 SYSTEMPATH/Boot.php(363): CodeIgniter\CodeIgniter->run()
10 SYSTEMPATH/Boot.php(68): CodeIgniter\Boot::runCodeIgniter(Object(CodeIgniter\CodeIgniter))
11 FCPATH/index.php(59): CodeIgniter\Boot::bootWeb(Object(Config\Paths))
WARNING - 2025-09-05 06:21:20 --> [DEPRECATED] Passing lowercase HTTP method "post" is deprecated. Use uppercase HTTP method like "POST". in SYSTEMPATH/Router/RouteCollection.php on line 1026.
 1 SYSTEMPATH/Router/RouteCollection.php(1026): trigger_error('Passing lowercase HTTP method "post" is deprecated. Use uppercase HTTP method like "POST".', 16384)
 2 APPPATH/Config/Routes.php(153): CodeIgniter\Router\RouteCollection->match([...], 'mesociclos/(:num)/generar', 'GimnasioMesociclos::generar/$1')
 3 SYSTEMPATH/Router/RouteCollection.php(799): CodeIgniter\Router\RouteCollection::{closure}(Object(CodeIgniter\Router\RouteCollection))
 4 APPPATH/Config/Routes.php(144): CodeIgniter\Router\RouteCollection->group('gimnasio', [...], Object(Closure))
 5 SYSTEMPATH/Router/RouteCollection.php(339): require('/Applications/ServBay/www/trackbitos/app/Config/Routes.php')
 6 SYSTEMPATH/CodeIgniter.php(821): CodeIgniter\Router\RouteCollection->loadRoutes()
 7 SYSTEMPATH/CodeIgniter.php(455): CodeIgniter\CodeIgniter->tryToRouteIt(null)
 8 SYSTEMPATH/CodeIgniter.php(354): CodeIgniter\CodeIgniter->handleRequest(null, Object(Config\Cache), false)
 9 SYSTEMPATH/Boot.php(363): CodeIgniter\CodeIgniter->run()
10 SYSTEMPATH/Boot.php(68): CodeIgniter\Boot::runCodeIgniter(Object(CodeIgniter\CodeIgniter))
11 FCPATH/index.php(59): CodeIgniter\Boot::bootWeb(Object(Config\Paths))
WARNING - 2025-09-05 06:21:20 --> [DEPRECATED] Passing lowercase HTTP method "get" is deprecated. Use uppercase HTTP method like "GET". in SYSTEMPATH/Router/RouteCollection.php on line 1026.
 1 SYSTEMPATH/Router/RouteCollection.php(1026): trigger_error('Passing lowercase HTTP method "get" is deprecated. Use uppercase HTTP method like "GET".', 16384)
 2 APPPATH/Config/Routes.php(161): CodeIgniter\Router\RouteCollection->match([...], 'mesociclos/(:num)/generar/bilbo', 'GimnasioMesociclos::generarBilbo/$1')
 3 SYSTEMPATH/Router/RouteCollection.php(799): CodeIgniter\Router\RouteCollection::{closure}(Object(CodeIgniter\Router\RouteCollection))
 4 APPPATH/Config/Routes.php(144): CodeIgniter\Router\RouteCollection->group('gimnasio', [...], Object(Closure))
 5 SYSTEMPATH/Router/RouteCollection.php(339): require('/Applications/ServBay/www/trackbitos/app/Config/Routes.php')
 6 SYSTEMPATH/CodeIgniter.php(821): CodeIgniter\Router\RouteCollection->loadRoutes()
 7 SYSTEMPATH/CodeIgniter.php(455): CodeIgniter\CodeIgniter->tryToRouteIt(null)
 8 SYSTEMPATH/CodeIgniter.php(354): CodeIgniter\CodeIgniter->handleRequest(null, Object(Config\Cache), false)
 9 SYSTEMPATH/Boot.php(363): CodeIgniter\CodeIgniter->run()
10 SYSTEMPATH/Boot.php(68): CodeIgniter\Boot::runCodeIgniter(Object(CodeIgniter\CodeIgniter))
11 FCPATH/index.php(59): CodeIgniter\Boot::bootWeb(Object(Config\Paths))
WARNING - 2025-09-05 06:21:20 --> [DEPRECATED] Passing lowercase HTTP method "post" is deprecated. Use uppercase HTTP method like "POST". in SYSTEMPATH/Router/RouteCollection.php on line 1026.
 1 SYSTEMPATH/Router/RouteCollection.php(1026): trigger_error('Passing lowercase HTTP method "post" is deprecated. Use uppercase HTTP method like "POST".', 16384)
 2 APPPATH/Config/Routes.php(161): CodeIgniter\Router\RouteCollection->match([...], 'mesociclos/(:num)/generar/bilbo', 'GimnasioMesociclos::generarBilbo/$1')
 3 SYSTEMPATH/Router/RouteCollection.php(799): CodeIgniter\Router\RouteCollection::{closure}(Object(CodeIgniter\Router\RouteCollection))
 4 APPPATH/Config/Routes.php(144): CodeIgniter\Router\RouteCollection->group('gimnasio', [...], Object(Closure))
 5 SYSTEMPATH/Router/RouteCollection.php(339): require('/Applications/ServBay/www/trackbitos/app/Config/Routes.php')
 6 SYSTEMPATH/CodeIgniter.php(821): CodeIgniter\Router\RouteCollection->loadRoutes()
 7 SYSTEMPATH/CodeIgniter.php(455): CodeIgniter\CodeIgniter->tryToRouteIt(null)
 8 SYSTEMPATH/CodeIgniter.php(354): CodeIgniter\CodeIgniter->handleRequest(null, Object(Config\Cache), false)
 9 SYSTEMPATH/Boot.php(363): CodeIgniter\CodeIgniter->run()
10 SYSTEMPATH/Boot.php(68): CodeIgniter\Boot::runCodeIgniter(Object(CodeIgniter\CodeIgniter))
11 FCPATH/index.php(59): CodeIgniter\Boot::bootWeb(Object(Config\Paths))
WARNING - 2025-09-05 06:21:20 --> [DEPRECATED] Passing lowercase HTTP method "get" is deprecated. Use uppercase HTTP method like "GET". in SYSTEMPATH/Router/RouteCollection.php on line 1026.
 1 SYSTEMPATH/Router/RouteCollection.php(1026): trigger_error('Passing lowercase HTTP method "get" is deprecated. Use uppercase HTTP method like "GET".', 16384)
 2 APPPATH/Config/Routes.php(261): CodeIgniter\Router\RouteCollection->match([...], 'crear', 'Youtube::crearLista')
 3 SYSTEMPATH/Router/RouteCollection.php(799): CodeIgniter\Router\RouteCollection::{closure}(Object(CodeIgniter\Router\RouteCollection))
 4 APPPATH/Config/Routes.php(259): CodeIgniter\Router\RouteCollection->group('youtube', [...], Object(Closure))
 5 SYSTEMPATH/Router/RouteCollection.php(339): require('/Applications/ServBay/www/trackbitos/app/Config/Routes.php')
 6 SYSTEMPATH/CodeIgniter.php(821): CodeIgniter\Router\RouteCollection->loadRoutes()
 7 SYSTEMPATH/CodeIgniter.php(455): CodeIgniter\CodeIgniter->tryToRouteIt(null)
 8 SYSTEMPATH/CodeIgniter.php(354): CodeIgniter\CodeIgniter->handleRequest(null, Object(Config\Cache), false)
 9 SYSTEMPATH/Boot.php(363): CodeIgniter\CodeIgniter->run()
10 SYSTEMPATH/Boot.php(68): CodeIgniter\Boot::runCodeIgniter(Object(CodeIgniter\CodeIgniter))
11 FCPATH/index.php(59): CodeIgniter\Boot::bootWeb(Object(Config\Paths))
WARNING - 2025-09-05 06:21:20 --> [DEPRECATED] Passing lowercase HTTP method "post" is deprecated. Use uppercase HTTP method like "POST". in SYSTEMPATH/Router/RouteCollection.php on line 1026.
 1 SYSTEMPATH/Router/RouteCollection.php(1026): trigger_error('Passing lowercase HTTP method "post" is deprecated. Use uppercase HTTP method like "POST".', 16384)
 2 APPPATH/Config/Routes.php(261): CodeIgniter\Router\RouteCollection->match([...], 'crear', 'Youtube::crearLista')
 3 SYSTEMPATH/Router/RouteCollection.php(799): CodeIgniter\Router\RouteCollection::{closure}(Object(CodeIgniter\Router\RouteCollection))
 4 APPPATH/Config/Routes.php(259): CodeIgniter\Router\RouteCollection->group('youtube', [...], Object(Closure))
 5 SYSTEMPATH/Router/RouteCollection.php(339): require('/Applications/ServBay/www/trackbitos/app/Config/Routes.php')
 6 SYSTEMPATH/CodeIgniter.php(821): CodeIgniter\Router\RouteCollection->loadRoutes()
 7 SYSTEMPATH/CodeIgniter.php(455): CodeIgniter\CodeIgniter->tryToRouteIt(null)
 8 SYSTEMPATH/CodeIgniter.php(354): CodeIgniter\CodeIgniter->handleRequest(null, Object(Config\Cache), false)
 9 SYSTEMPATH/Boot.php(363): CodeIgniter\CodeIgniter->run()
10 SYSTEMPATH/Boot.php(68): CodeIgniter\Boot::runCodeIgniter(Object(CodeIgniter\CodeIgniter))
11 FCPATH/index.php(59): CodeIgniter\Boot::bootWeb(Object(Config\Paths))
DEBUG - 2025-09-05 06:21:20 --> Session: Class initialized using 'CodeIgniter\Session\Handlers\FileHandler' driver.
WARNING - 2025-09-05 06:21:43 --> [DEPRECATED] Passing lowercase HTTP method "get" is deprecated. Use uppercase HTTP method like "GET". in SYSTEMPATH/Router/RouteCollection.php on line 1026.
 1 SYSTEMPATH/Router/RouteCollection.php(1026): trigger_error('Passing lowercase HTTP method "get" is deprecated. Use uppercase HTTP method like "GET".', 16384)
 2 APPPATH/Config/Routes.php(146): CodeIgniter\Router\RouteCollection->match([...], 'mesociclos/nuevo', 'GimnasioMesociclos::nuevo')
 3 SYSTEMPATH/Router/RouteCollection.php(799): CodeIgniter\Router\RouteCollection::{closure}(Object(CodeIgniter\Router\RouteCollection))
 4 APPPATH/Config/Routes.php(144): CodeIgniter\Router\RouteCollection->group('gimnasio', [...], Object(Closure))
 5 SYSTEMPATH/Router/RouteCollection.php(339): require('/Applications/ServBay/www/trackbitos/app/Config/Routes.php')
 6 SYSTEMPATH/CodeIgniter.php(821): CodeIgniter\Router\RouteCollection->loadRoutes()
 7 SYSTEMPATH/CodeIgniter.php(455): CodeIgniter\CodeIgniter->tryToRouteIt(null)
 8 SYSTEMPATH/CodeIgniter.php(354): CodeIgniter\CodeIgniter->handleRequest(null, Object(Config\Cache), false)
 9 SYSTEMPATH/Boot.php(363): CodeIgniter\CodeIgniter->run()
10 SYSTEMPATH/Boot.php(68): CodeIgniter\Boot::runCodeIgniter(Object(CodeIgniter\CodeIgniter))
11 FCPATH/index.php(59): CodeIgniter\Boot::bootWeb(Object(Config\Paths))
WARNING - 2025-09-05 06:21:43 --> [DEPRECATED] Passing lowercase HTTP method "post" is deprecated. Use uppercase HTTP method like "POST". in SYSTEMPATH/Router/RouteCollection.php on line 1026.
 1 SYSTEMPATH/Router/RouteCollection.php(1026): trigger_error('Passing lowercase HTTP method "post" is deprecated. Use uppercase HTTP method like "POST".', 16384)
 2 APPPATH/Config/Routes.php(146): CodeIgniter\Router\RouteCollection->match([...], 'mesociclos/nuevo', 'GimnasioMesociclos::nuevo')
 3 SYSTEMPATH/Router/RouteCollection.php(799): CodeIgniter\Router\RouteCollection::{closure}(Object(CodeIgniter\Router\RouteCollection))
 4 APPPATH/Config/Routes.php(144): CodeIgniter\Router\RouteCollection->group('gimnasio', [...], Object(Closure))
 5 SYSTEMPATH/Router/RouteCollection.php(339): require('/Applications/ServBay/www/trackbitos/app/Config/Routes.php')
 6 SYSTEMPATH/CodeIgniter.php(821): CodeIgniter\Router\RouteCollection->loadRoutes()
 7 SYSTEMPATH/CodeIgniter.php(455): CodeIgniter\CodeIgniter->tryToRouteIt(null)
 8 SYSTEMPATH/CodeIgniter.php(354): CodeIgniter\CodeIgniter->handleRequest(null, Object(Config\Cache), false)
 9 SYSTEMPATH/Boot.php(363): CodeIgniter\CodeIgniter->run()
10 SYSTEMPATH/Boot.php(68): CodeIgniter\Boot::runCodeIgniter(Object(CodeIgniter\CodeIgniter))
11 FCPATH/index.php(59): CodeIgniter\Boot::bootWeb(Object(Config\Paths))
WARNING - 2025-09-05 06:21:43 --> [DEPRECATED] Passing lowercase HTTP method "get" is deprecated. Use uppercase HTTP method like "GET". in SYSTEMPATH/Router/RouteCollection.php on line 1026.
 1 SYSTEMPATH/Router/RouteCollection.php(1026): trigger_error('Passing lowercase HTTP method "get" is deprecated. Use uppercase HTTP method like "GET".', 16384)
 2 APPPATH/Config/Routes.php(148): CodeIgniter\Router\RouteCollection->match([...], 'mesociclos/(:num)/bloque/nuevo', 'GimnasioMesociclos::bloqueNuevo/$1')
 3 SYSTEMPATH/Router/RouteCollection.php(799): CodeIgniter\Router\RouteCollection::{closure}(Object(CodeIgniter\Router\RouteCollection))
 4 APPPATH/Config/Routes.php(144): CodeIgniter\Router\RouteCollection->group('gimnasio', [...], Object(Closure))
 5 SYSTEMPATH/Router/RouteCollection.php(339): require('/Applications/ServBay/www/trackbitos/app/Config/Routes.php')
 6 SYSTEMPATH/CodeIgniter.php(821): CodeIgniter\Router\RouteCollection->loadRoutes()
 7 SYSTEMPATH/CodeIgniter.php(455): CodeIgniter\CodeIgniter->tryToRouteIt(null)
 8 SYSTEMPATH/CodeIgniter.php(354): CodeIgniter\CodeIgniter->handleRequest(null, Object(Config\Cache), false)
 9 SYSTEMPATH/Boot.php(363): CodeIgniter\CodeIgniter->run()
10 SYSTEMPATH/Boot.php(68): CodeIgniter\Boot::runCodeIgniter(Object(CodeIgniter\CodeIgniter))
11 FCPATH/index.php(59): CodeIgniter\Boot::bootWeb(Object(Config\Paths))
WARNING - 2025-09-05 06:21:43 --> [DEPRECATED] Passing lowercase HTTP method "post" is deprecated. Use uppercase HTTP method like "POST". in SYSTEMPATH/Router/RouteCollection.php on line 1026.
 1 SYSTEMPATH/Router/RouteCollection.php(1026): trigger_error('Passing lowercase HTTP method "post" is deprecated. Use uppercase HTTP method like "POST".', 16384)
 2 APPPATH/Config/Routes.php(148): CodeIgniter\Router\RouteCollection->match([...], 'mesociclos/(:num)/bloque/nuevo', 'GimnasioMesociclos::bloqueNuevo/$1')
 3 SYSTEMPATH/Router/RouteCollection.php(799): CodeIgniter\Router\RouteCollection::{closure}(Object(CodeIgniter\Router\RouteCollection))
 4 APPPATH/Config/Routes.php(144): CodeIgniter\Router\RouteCollection->group('gimnasio', [...], Object(Closure))
 5 SYSTEMPATH/Router/RouteCollection.php(339): require('/Applications/ServBay/www/trackbitos/app/Config/Routes.php')
 6 SYSTEMPATH/CodeIgniter.php(821): CodeIgniter\Router\RouteCollection->loadRoutes()
 7 SYSTEMPATH/CodeIgniter.php(455): CodeIgniter\CodeIgniter->tryToRouteIt(null)
 8 SYSTEMPATH/CodeIgniter.php(354): CodeIgniter\CodeIgniter->handleRequest(null, Object(Config\Cache), false)
 9 SYSTEMPATH/Boot.php(363): CodeIgniter\CodeIgniter->run()
10 SYSTEMPATH/Boot.php(68): CodeIgniter\Boot::runCodeIgniter(Object(CodeIgniter\CodeIgniter))
11 FCPATH/index.php(59): CodeIgniter\Boot::bootWeb(Object(Config\Paths))
WARNING - 2025-09-05 06:21:43 --> [DEPRECATED] Passing lowercase HTTP method "get" is deprecated. Use uppercase HTTP method like "GET". in SYSTEMPATH/Router/RouteCollection.php on line 1026.
 1 SYSTEMPATH/Router/RouteCollection.php(1026): trigger_error('Passing lowercase HTTP method "get" is deprecated. Use uppercase HTTP method like "GET".', 16384)
 2 APPPATH/Config/Routes.php(150): CodeIgniter\Router\RouteCollection->match([...], 'mesociclos/(:num)/asignar/(:num)', 'GimnasioMesociclos::asignar/$1/$2')
 3 SYSTEMPATH/Router/RouteCollection.php(799): CodeIgniter\Router\RouteCollection::{closure}(Object(CodeIgniter\Router\RouteCollection))
 4 APPPATH/Config/Routes.php(144): CodeIgniter\Router\RouteCollection->group('gimnasio', [...], Object(Closure))
 5 SYSTEMPATH/Router/RouteCollection.php(339): require('/Applications/ServBay/www/trackbitos/app/Config/Routes.php')
 6 SYSTEMPATH/CodeIgniter.php(821): CodeIgniter\Router\RouteCollection->loadRoutes()
 7 SYSTEMPATH/CodeIgniter.php(455): CodeIgniter\CodeIgniter->tryToRouteIt(null)
 8 SYSTEMPATH/CodeIgniter.php(354): CodeIgniter\CodeIgniter->handleRequest(null, Object(Config\Cache), false)
 9 SYSTEMPATH/Boot.php(363): CodeIgniter\CodeIgniter->run()
10 SYSTEMPATH/Boot.php(68): CodeIgniter\Boot::runCodeIgniter(Object(CodeIgniter\CodeIgniter))
11 FCPATH/index.php(59): CodeIgniter\Boot::bootWeb(Object(Config\Paths))
WARNING - 2025-09-05 06:21:43 --> [DEPRECATED] Passing lowercase HTTP method "post" is deprecated. Use uppercase HTTP method like "POST". in SYSTEMPATH/Router/RouteCollection.php on line 1026.
 1 SYSTEMPATH/Router/RouteCollection.php(1026): trigger_error('Passing lowercase HTTP method "post" is deprecated. Use uppercase HTTP method like "POST".', 16384)
 2 APPPATH/Config/Routes.php(150): CodeIgniter\Router\RouteCollection->match([...], 'mesociclos/(:num)/asignar/(:num)', 'GimnasioMesociclos::asignar/$1/$2')
 3 SYSTEMPATH/Router/RouteCollection.php(799): CodeIgniter\Router\RouteCollection::{closure}(Object(CodeIgniter\Router\RouteCollection))
 4 APPPATH/Config/Routes.php(144): CodeIgniter\Router\RouteCollection->group('gimnasio', [...], Object(Closure))
 5 SYSTEMPATH/Router/RouteCollection.php(339): require('/Applications/ServBay/www/trackbitos/app/Config/Routes.php')
 6 SYSTEMPATH/CodeIgniter.php(821): CodeIgniter\Router\RouteCollection->loadRoutes()
 7 SYSTEMPATH/CodeIgniter.php(455): CodeIgniter\CodeIgniter->tryToRouteIt(null)
 8 SYSTEMPATH/CodeIgniter.php(354): CodeIgniter\CodeIgniter->handleRequest(null, Object(Config\Cache), false)
 9 SYSTEMPATH/Boot.php(363): CodeIgniter\CodeIgniter->run()
10 SYSTEMPATH/Boot.php(68): CodeIgniter\Boot::runCodeIgniter(Object(CodeIgniter\CodeIgniter))
11 FCPATH/index.php(59): CodeIgniter\Boot::bootWeb(Object(Config\Paths))
WARNING - 2025-09-05 06:21:43 --> [DEPRECATED] Passing lowercase HTTP method "get" is deprecated. Use uppercase HTTP method like "GET". in SYSTEMPATH/Router/RouteCollection.php on line 1026.
 1 SYSTEMPATH/Router/RouteCollection.php(1026): trigger_error('Passing lowercase HTTP method "get" is deprecated. Use uppercase HTTP method like "GET".', 16384)
 2 APPPATH/Config/Routes.php(153): CodeIgniter\Router\RouteCollection->match([...], 'mesociclos/(:num)/generar', 'GimnasioMesociclos::generar/$1')
 3 SYSTEMPATH/Router/RouteCollection.php(799): CodeIgniter\Router\RouteCollection::{closure}(Object(CodeIgniter\Router\RouteCollection))
 4 APPPATH/Config/Routes.php(144): CodeIgniter\Router\RouteCollection->group('gimnasio', [...], Object(Closure))
 5 SYSTEMPATH/Router/RouteCollection.php(339): require('/Applications/ServBay/www/trackbitos/app/Config/Routes.php')
 6 SYSTEMPATH/CodeIgniter.php(821): CodeIgniter\Router\RouteCollection->loadRoutes()
 7 SYSTEMPATH/CodeIgniter.php(455): CodeIgniter\CodeIgniter->tryToRouteIt(null)
 8 SYSTEMPATH/CodeIgniter.php(354): CodeIgniter\CodeIgniter->handleRequest(null, Object(Config\Cache), false)
 9 SYSTEMPATH/Boot.php(363): CodeIgniter\CodeIgniter->run()
10 SYSTEMPATH/Boot.php(68): CodeIgniter\Boot::runCodeIgniter(Object(CodeIgniter\CodeIgniter))
11 FCPATH/index.php(59): CodeIgniter\Boot::bootWeb(Object(Config\Paths))
WARNING - 2025-09-05 06:21:43 --> [DEPRECATED] Passing lowercase HTTP method "post" is deprecated. Use uppercase HTTP method like "POST". in SYSTEMPATH/Router/RouteCollection.php on line 1026.
 1 SYSTEMPATH/Router/RouteCollection.php(1026): trigger_error('Passing lowercase HTTP method "post" is deprecated. Use uppercase HTTP method like "POST".', 16384)
 2 APPPATH/Config/Routes.php(153): CodeIgniter\Router\RouteCollection->match([...], 'mesociclos/(:num)/generar', 'GimnasioMesociclos::generar/$1')
 3 SYSTEMPATH/Router/RouteCollection.php(799): CodeIgniter\Router\RouteCollection::{closure}(Object(CodeIgniter\Router\RouteCollection))
 4 APPPATH/Config/Routes.php(144): CodeIgniter\Router\RouteCollection->group('gimnasio', [...], Object(Closure))
 5 SYSTEMPATH/Router/RouteCollection.php(339): require('/Applications/ServBay/www/trackbitos/app/Config/Routes.php')
 6 SYSTEMPATH/CodeIgniter.php(821): CodeIgniter\Router\RouteCollection->loadRoutes()
 7 SYSTEMPATH/CodeIgniter.php(455): CodeIgniter\CodeIgniter->tryToRouteIt(null)
 8 SYSTEMPATH/CodeIgniter.php(354): CodeIgniter\CodeIgniter->handleRequest(null, Object(Config\Cache), false)
 9 SYSTEMPATH/Boot.php(363): CodeIgniter\CodeIgniter->run()
10 SYSTEMPATH/Boot.php(68): CodeIgniter\Boot::runCodeIgniter(Object(CodeIgniter\CodeIgniter))
11 FCPATH/index.php(59): CodeIgniter\Boot::bootWeb(Object(Config\Paths))
WARNING - 2025-09-05 06:21:43 --> [DEPRECATED] Passing lowercase HTTP method "get" is deprecated. Use uppercase HTTP method like "GET". in SYSTEMPATH/Router/RouteCollection.php on line 1026.
 1 SYSTEMPATH/Router/RouteCollection.php(1026): trigger_error('Passing lowercase HTTP method "get" is deprecated. Use uppercase HTTP method like "GET".', 16384)
 2 APPPATH/Config/Routes.php(161): CodeIgniter\Router\RouteCollection->match([...], 'mesociclos/(:num)/generar/bilbo', 'GimnasioMesociclos::generarBilbo/$1')
 3 SYSTEMPATH/Router/RouteCollection.php(799): CodeIgniter\Router\RouteCollection::{closure}(Object(CodeIgniter\Router\RouteCollection))
 4 APPPATH/Config/Routes.php(144): CodeIgniter\Router\RouteCollection->group('gimnasio', [...], Object(Closure))
 5 SYSTEMPATH/Router/RouteCollection.php(339): require('/Applications/ServBay/www/trackbitos/app/Config/Routes.php')
 6 SYSTEMPATH/CodeIgniter.php(821): CodeIgniter\Router\RouteCollection->loadRoutes()
 7 SYSTEMPATH/CodeIgniter.php(455): CodeIgniter\CodeIgniter->tryToRouteIt(null)
 8 SYSTEMPATH/CodeIgniter.php(354): CodeIgniter\CodeIgniter->handleRequest(null, Object(Config\Cache), false)
 9 SYSTEMPATH/Boot.php(363): CodeIgniter\CodeIgniter->run()
10 SYSTEMPATH/Boot.php(68): CodeIgniter\Boot::runCodeIgniter(Object(CodeIgniter\CodeIgniter))
11 FCPATH/index.php(59): CodeIgniter\Boot::bootWeb(Object(Config\Paths))
WARNING - 2025-09-05 06:21:43 --> [DEPRECATED] Passing lowercase HTTP method "post" is deprecated. Use uppercase HTTP method like "POST". in SYSTEMPATH/Router/RouteCollection.php on line 1026.
 1 SYSTEMPATH/Router/RouteCollection.php(1026): trigger_error('Passing lowercase HTTP method "post" is deprecated. Use uppercase HTTP method like "POST".', 16384)
 2 APPPATH/Config/Routes.php(161): CodeIgniter\Router\RouteCollection->match([...], 'mesociclos/(:num)/generar/bilbo', 'GimnasioMesociclos::generarBilbo/$1')
 3 SYSTEMPATH/Router/RouteCollection.php(799): CodeIgniter\Router\RouteCollection::{closure}(Object(CodeIgniter\Router\RouteCollection))
 4 APPPATH/Config/Routes.php(144): CodeIgniter\Router\RouteCollection->group('gimnasio', [...], Object(Closure))
 5 SYSTEMPATH/Router/RouteCollection.php(339): require('/Applications/ServBay/www/trackbitos/app/Config/Routes.php')
 6 SYSTEMPATH/CodeIgniter.php(821): CodeIgniter\Router\RouteCollection->loadRoutes()
 7 SYSTEMPATH/CodeIgniter.php(455): CodeIgniter\CodeIgniter->tryToRouteIt(null)
 8 SYSTEMPATH/CodeIgniter.php(354): CodeIgniter\CodeIgniter->handleRequest(null, Object(Config\Cache), false)
 9 SYSTEMPATH/Boot.php(363): CodeIgniter\CodeIgniter->run()
10 SYSTEMPATH/Boot.php(68): CodeIgniter\Boot::runCodeIgniter(Object(CodeIgniter\CodeIgniter))
11 FCPATH/index.php(59): CodeIgniter\Boot::bootWeb(Object(Config\Paths))
WARNING - 2025-09-05 06:21:43 --> [DEPRECATED] Passing lowercase HTTP method "get" is deprecated. Use uppercase HTTP method like "GET". in SYSTEMPATH/Router/RouteCollection.php on line 1026.
 1 SYSTEMPATH/Router/RouteCollection.php(1026): trigger_error('Passing lowercase HTTP method "get" is deprecated. Use uppercase HTTP method like "GET".', 16384)
 2 APPPATH/Config/Routes.php(261): CodeIgniter\Router\RouteCollection->match([...], 'crear', 'Youtube::crearLista')
 3 SYSTEMPATH/Router/RouteCollection.php(799): CodeIgniter\Router\RouteCollection::{closure}(Object(CodeIgniter\Router\RouteCollection))
 4 APPPATH/Config/Routes.php(259): CodeIgniter\Router\RouteCollection->group('youtube', [...], Object(Closure))
 5 SYSTEMPATH/Router/RouteCollection.php(339): require('/Applications/ServBay/www/trackbitos/app/Config/Routes.php')
 6 SYSTEMPATH/CodeIgniter.php(821): CodeIgniter\Router\RouteCollection->loadRoutes()
 7 SYSTEMPATH/CodeIgniter.php(455): CodeIgniter\CodeIgniter->tryToRouteIt(null)
 8 SYSTEMPATH/CodeIgniter.php(354): CodeIgniter\CodeIgniter->handleRequest(null, Object(Config\Cache), false)
 9 SYSTEMPATH/Boot.php(363): CodeIgniter\CodeIgniter->run()
10 SYSTEMPATH/Boot.php(68): CodeIgniter\Boot::runCodeIgniter(Object(CodeIgniter\CodeIgniter))
11 FCPATH/index.php(59): CodeIgniter\Boot::bootWeb(Object(Config\Paths))
WARNING - 2025-09-05 06:21:43 --> [DEPRECATED] Passing lowercase HTTP method "post" is deprecated. Use uppercase HTTP method like "POST". in SYSTEMPATH/Router/RouteCollection.php on line 1026.
 1 SYSTEMPATH/Router/RouteCollection.php(1026): trigger_error('Passing lowercase HTTP method "post" is deprecated. Use uppercase HTTP method like "POST".', 16384)
 2 APPPATH/Config/Routes.php(261): CodeIgniter\Router\RouteCollection->match([...], 'crear', 'Youtube::crearLista')
 3 SYSTEMPATH/Router/RouteCollection.php(799): CodeIgniter\Router\RouteCollection::{closure}(Object(CodeIgniter\Router\RouteCollection))
 4 APPPATH/Config/Routes.php(259): CodeIgniter\Router\RouteCollection->group('youtube', [...], Object(Closure))
 5 SYSTEMPATH/Router/RouteCollection.php(339): require('/Applications/ServBay/www/trackbitos/app/Config/Routes.php')
 6 SYSTEMPATH/CodeIgniter.php(821): CodeIgniter\Router\RouteCollection->loadRoutes()
 7 SYSTEMPATH/CodeIgniter.php(455): CodeIgniter\CodeIgniter->tryToRouteIt(null)
 8 SYSTEMPATH/CodeIgniter.php(354): CodeIgniter\CodeIgniter->handleRequest(null, Object(Config\Cache), false)
 9 SYSTEMPATH/Boot.php(363): CodeIgniter\CodeIgniter->run()
10 SYSTEMPATH/Boot.php(68): CodeIgniter\Boot::runCodeIgniter(Object(CodeIgniter\CodeIgniter))
11 FCPATH/index.php(59): CodeIgniter\Boot::bootWeb(Object(Config\Paths))
DEBUG - 2025-09-05 06:21:43 --> Session: Class initialized using 'CodeIgniter\Session\Handlers\FileHandler' driver.
WARNING - 2025-09-05 06:21:51 --> [DEPRECATED] Passing lowercase HTTP method "get" is deprecated. Use uppercase HTTP method like "GET". in SYSTEMPATH/Router/RouteCollection.php on line 1026.
 1 SYSTEMPATH/Router/RouteCollection.php(1026): trigger_error('Passing lowercase HTTP method "get" is deprecated. Use uppercase HTTP method like "GET".', 16384)
 2 APPPATH/Config/Routes.php(146): CodeIgniter\Router\RouteCollection->match([...], 'mesociclos/nuevo', 'GimnasioMesociclos::nuevo')
 3 SYSTEMPATH/Router/RouteCollection.php(799): CodeIgniter\Router\RouteCollection::{closure}(Object(CodeIgniter\Router\RouteCollection))
 4 APPPATH/Config/Routes.php(144): CodeIgniter\Router\RouteCollection->group('gimnasio', [...], Object(Closure))
 5 SYSTEMPATH/Router/RouteCollection.php(339): require('/Applications/ServBay/www/trackbitos/app/Config/Routes.php')
 6 SYSTEMPATH/CodeIgniter.php(821): CodeIgniter\Router\RouteCollection->loadRoutes()
 7 SYSTEMPATH/CodeIgniter.php(455): CodeIgniter\CodeIgniter->tryToRouteIt(null)
 8 SYSTEMPATH/CodeIgniter.php(354): CodeIgniter\CodeIgniter->handleRequest(null, Object(Config\Cache), false)
 9 SYSTEMPATH/Boot.php(363): CodeIgniter\CodeIgniter->run()
10 SYSTEMPATH/Boot.php(68): CodeIgniter\Boot::runCodeIgniter(Object(CodeIgniter\CodeIgniter))
11 FCPATH/index.php(59): CodeIgniter\Boot::bootWeb(Object(Config\Paths))
WARNING - 2025-09-05 06:21:51 --> [DEPRECATED] Passing lowercase HTTP method "post" is deprecated. Use uppercase HTTP method like "POST". in SYSTEMPATH/Router/RouteCollection.php on line 1026.
 1 SYSTEMPATH/Router/RouteCollection.php(1026): trigger_error('Passing lowercase HTTP method "post" is deprecated. Use uppercase HTTP method like "POST".', 16384)
 2 APPPATH/Config/Routes.php(146): CodeIgniter\Router\RouteCollection->match([...], 'mesociclos/nuevo', 'GimnasioMesociclos::nuevo')
 3 SYSTEMPATH/Router/RouteCollection.php(799): CodeIgniter\Router\RouteCollection::{closure}(Object(CodeIgniter\Router\RouteCollection))
 4 APPPATH/Config/Routes.php(144): CodeIgniter\Router\RouteCollection->group('gimnasio', [...], Object(Closure))
 5 SYSTEMPATH/Router/RouteCollection.php(339): require('/Applications/ServBay/www/trackbitos/app/Config/Routes.php')
 6 SYSTEMPATH/CodeIgniter.php(821): CodeIgniter\Router\RouteCollection->loadRoutes()
 7 SYSTEMPATH/CodeIgniter.php(455): CodeIgniter\CodeIgniter->tryToRouteIt(null)
 8 SYSTEMPATH/CodeIgniter.php(354): CodeIgniter\CodeIgniter->handleRequest(null, Object(Config\Cache), false)
 9 SYSTEMPATH/Boot.php(363): CodeIgniter\CodeIgniter->run()
10 SYSTEMPATH/Boot.php(68): CodeIgniter\Boot::runCodeIgniter(Object(CodeIgniter\CodeIgniter))
11 FCPATH/index.php(59): CodeIgniter\Boot::bootWeb(Object(Config\Paths))
WARNING - 2025-09-05 06:21:51 --> [DEPRECATED] Passing lowercase HTTP method "get" is deprecated. Use uppercase HTTP method like "GET". in SYSTEMPATH/Router/RouteCollection.php on line 1026.
 1 SYSTEMPATH/Router/RouteCollection.php(1026): trigger_error('Passing lowercase HTTP method "get" is deprecated. Use uppercase HTTP method like "GET".', 16384)
 2 APPPATH/Config/Routes.php(148): CodeIgniter\Router\RouteCollection->match([...], 'mesociclos/(:num)/bloque/nuevo', 'GimnasioMesociclos::bloqueNuevo/$1')
 3 SYSTEMPATH/Router/RouteCollection.php(799): CodeIgniter\Router\RouteCollection::{closure}(Object(CodeIgniter\Router\RouteCollection))
 4 APPPATH/Config/Routes.php(144): CodeIgniter\Router\RouteCollection->group('gimnasio', [...], Object(Closure))
 5 SYSTEMPATH/Router/RouteCollection.php(339): require('/Applications/ServBay/www/trackbitos/app/Config/Routes.php')
 6 SYSTEMPATH/CodeIgniter.php(821): CodeIgniter\Router\RouteCollection->loadRoutes()
 7 SYSTEMPATH/CodeIgniter.php(455): CodeIgniter\CodeIgniter->tryToRouteIt(null)
 8 SYSTEMPATH/CodeIgniter.php(354): CodeIgniter\CodeIgniter->handleRequest(null, Object(Config\Cache), false)
 9 SYSTEMPATH/Boot.php(363): CodeIgniter\CodeIgniter->run()
10 SYSTEMPATH/Boot.php(68): CodeIgniter\Boot::runCodeIgniter(Object(CodeIgniter\CodeIgniter))
11 FCPATH/index.php(59): CodeIgniter\Boot::bootWeb(Object(Config\Paths))
WARNING - 2025-09-05 06:21:51 --> [DEPRECATED] Passing lowercase HTTP method "post" is deprecated. Use uppercase HTTP method like "POST". in SYSTEMPATH/Router/RouteCollection.php on line 1026.
 1 SYSTEMPATH/Router/RouteCollection.php(1026): trigger_error('Passing lowercase HTTP method "post" is deprecated. Use uppercase HTTP method like "POST".', 16384)
 2 APPPATH/Config/Routes.php(148): CodeIgniter\Router\RouteCollection->match([...], 'mesociclos/(:num)/bloque/nuevo', 'GimnasioMesociclos::bloqueNuevo/$1')
 3 SYSTEMPATH/Router/RouteCollection.php(799): CodeIgniter\Router\RouteCollection::{closure}(Object(CodeIgniter\Router\RouteCollection))
 4 APPPATH/Config/Routes.php(144): CodeIgniter\Router\RouteCollection->group('gimnasio', [...], Object(Closure))
 5 SYSTEMPATH/Router/RouteCollection.php(339): require('/Applications/ServBay/www/trackbitos/app/Config/Routes.php')
 6 SYSTEMPATH/CodeIgniter.php(821): CodeIgniter\Router\RouteCollection->loadRoutes()
 7 SYSTEMPATH/CodeIgniter.php(455): CodeIgniter\CodeIgniter->tryToRouteIt(null)
 8 SYSTEMPATH/CodeIgniter.php(354): CodeIgniter\CodeIgniter->handleRequest(null, Object(Config\Cache), false)
 9 SYSTEMPATH/Boot.php(363): CodeIgniter\CodeIgniter->run()
10 SYSTEMPATH/Boot.php(68): CodeIgniter\Boot::runCodeIgniter(Object(CodeIgniter\CodeIgniter))
11 FCPATH/index.php(59): CodeIgniter\Boot::bootWeb(Object(Config\Paths))
WARNING - 2025-09-05 06:21:51 --> [DEPRECATED] Passing lowercase HTTP method "get" is deprecated. Use uppercase HTTP method like "GET". in SYSTEMPATH/Router/RouteCollection.php on line 1026.
 1 SYSTEMPATH/Router/RouteCollection.php(1026): trigger_error('Passing lowercase HTTP method "get" is deprecated. Use uppercase HTTP method like "GET".', 16384)
 2 APPPATH/Config/Routes.php(150): CodeIgniter\Router\RouteCollection->match([...], 'mesociclos/(:num)/asignar/(:num)', 'GimnasioMesociclos::asignar/$1/$2')
 3 SYSTEMPATH/Router/RouteCollection.php(799): CodeIgniter\Router\RouteCollection::{closure}(Object(CodeIgniter\Router\RouteCollection))
 4 APPPATH/Config/Routes.php(144): CodeIgniter\Router\RouteCollection->group('gimnasio', [...], Object(Closure))
 5 SYSTEMPATH/Router/RouteCollection.php(339): require('/Applications/ServBay/www/trackbitos/app/Config/Routes.php')
 6 SYSTEMPATH/CodeIgniter.php(821): CodeIgniter\Router\RouteCollection->loadRoutes()
 7 SYSTEMPATH/CodeIgniter.php(455): CodeIgniter\CodeIgniter->tryToRouteIt(null)
 8 SYSTEMPATH/CodeIgniter.php(354): CodeIgniter\CodeIgniter->handleRequest(null, Object(Config\Cache), false)
 9 SYSTEMPATH/Boot.php(363): CodeIgniter\CodeIgniter->run()
10 SYSTEMPATH/Boot.php(68): CodeIgniter\Boot::runCodeIgniter(Object(CodeIgniter\CodeIgniter))
11 FCPATH/index.php(59): CodeIgniter\Boot::bootWeb(Object(Config\Paths))
WARNING - 2025-09-05 06:21:51 --> [DEPRECATED] Passing lowercase HTTP method "post" is deprecated. Use uppercase HTTP method like "POST". in SYSTEMPATH/Router/RouteCollection.php on line 1026.
 1 SYSTEMPATH/Router/RouteCollection.php(1026): trigger_error('Passing lowercase HTTP method "post" is deprecated. Use uppercase HTTP method like "POST".', 16384)
 2 APPPATH/Config/Routes.php(150): CodeIgniter\Router\RouteCollection->match([...], 'mesociclos/(:num)/asignar/(:num)', 'GimnasioMesociclos::asignar/$1/$2')
 3 SYSTEMPATH/Router/RouteCollection.php(799): CodeIgniter\Router\RouteCollection::{closure}(Object(CodeIgniter\Router\RouteCollection))
 4 APPPATH/Config/Routes.php(144): CodeIgniter\Router\RouteCollection->group('gimnasio', [...], Object(Closure))
 5 SYSTEMPATH/Router/RouteCollection.php(339): require('/Applications/ServBay/www/trackbitos/app/Config/Routes.php')
 6 SYSTEMPATH/CodeIgniter.php(821): CodeIgniter\Router\RouteCollection->loadRoutes()
 7 SYSTEMPATH/CodeIgniter.php(455): CodeIgniter\CodeIgniter->tryToRouteIt(null)
 8 SYSTEMPATH/CodeIgniter.php(354): CodeIgniter\CodeIgniter->handleRequest(null, Object(Config\Cache), false)
 9 SYSTEMPATH/Boot.php(363): CodeIgniter\CodeIgniter->run()
10 SYSTEMPATH/Boot.php(68): CodeIgniter\Boot::runCodeIgniter(Object(CodeIgniter\CodeIgniter))
11 FCPATH/index.php(59): CodeIgniter\Boot::bootWeb(Object(Config\Paths))
WARNING - 2025-09-05 06:21:51 --> [DEPRECATED] Passing lowercase HTTP method "get" is deprecated. Use uppercase HTTP method like "GET". in SYSTEMPATH/Router/RouteCollection.php on line 1026.
 1 SYSTEMPATH/Router/RouteCollection.php(1026): trigger_error('Passing lowercase HTTP method "get" is deprecated. Use uppercase HTTP method like "GET".', 16384)
 2 APPPATH/Config/Routes.php(153): CodeIgniter\Router\RouteCollection->match([...], 'mesociclos/(:num)/generar', 'GimnasioMesociclos::generar/$1')
 3 SYSTEMPATH/Router/RouteCollection.php(799): CodeIgniter\Router\RouteCollection::{closure}(Object(CodeIgniter\Router\RouteCollection))
 4 APPPATH/Config/Routes.php(144): CodeIgniter\Router\RouteCollection->group('gimnasio', [...], Object(Closure))
 5 SYSTEMPATH/Router/RouteCollection.php(339): require('/Applications/ServBay/www/trackbitos/app/Config/Routes.php')
 6 SYSTEMPATH/CodeIgniter.php(821): CodeIgniter\Router\RouteCollection->loadRoutes()
 7 SYSTEMPATH/CodeIgniter.php(455): CodeIgniter\CodeIgniter->tryToRouteIt(null)
 8 SYSTEMPATH/CodeIgniter.php(354): CodeIgniter\CodeIgniter->handleRequest(null, Object(Config\Cache), false)
 9 SYSTEMPATH/Boot.php(363): CodeIgniter\CodeIgniter->run()
10 SYSTEMPATH/Boot.php(68): CodeIgniter\Boot::runCodeIgniter(Object(CodeIgniter\CodeIgniter))
11 FCPATH/index.php(59): CodeIgniter\Boot::bootWeb(Object(Config\Paths))
WARNING - 2025-09-05 06:21:51 --> [DEPRECATED] Passing lowercase HTTP method "post" is deprecated. Use uppercase HTTP method like "POST". in SYSTEMPATH/Router/RouteCollection.php on line 1026.
 1 SYSTEMPATH/Router/RouteCollection.php(1026): trigger_error('Passing lowercase HTTP method "post" is deprecated. Use uppercase HTTP method like "POST".', 16384)
 2 APPPATH/Config/Routes.php(153): CodeIgniter\Router\RouteCollection->match([...], 'mesociclos/(:num)/generar', 'GimnasioMesociclos::generar/$1')
 3 SYSTEMPATH/Router/RouteCollection.php(799): CodeIgniter\Router\RouteCollection::{closure}(Object(CodeIgniter\Router\RouteCollection))
 4 APPPATH/Config/Routes.php(144): CodeIgniter\Router\RouteCollection->group('gimnasio', [...], Object(Closure))
 5 SYSTEMPATH/Router/RouteCollection.php(339): require('/Applications/ServBay/www/trackbitos/app/Config/Routes.php')
 6 SYSTEMPATH/CodeIgniter.php(821): CodeIgniter\Router\RouteCollection->loadRoutes()
 7 SYSTEMPATH/CodeIgniter.php(455): CodeIgniter\CodeIgniter->tryToRouteIt(null)
 8 SYSTEMPATH/CodeIgniter.php(354): CodeIgniter\CodeIgniter->handleRequest(null, Object(Config\Cache), false)
 9 SYSTEMPATH/Boot.php(363): CodeIgniter\CodeIgniter->run()
10 SYSTEMPATH/Boot.php(68): CodeIgniter\Boot::runCodeIgniter(Object(CodeIgniter\CodeIgniter))
11 FCPATH/index.php(59): CodeIgniter\Boot::bootWeb(Object(Config\Paths))
WARNING - 2025-09-05 06:21:51 --> [DEPRECATED] Passing lowercase HTTP method "get" is deprecated. Use uppercase HTTP method like "GET". in SYSTEMPATH/Router/RouteCollection.php on line 1026.
 1 SYSTEMPATH/Router/RouteCollection.php(1026): trigger_error('Passing lowercase HTTP method "get" is deprecated. Use uppercase HTTP method like "GET".', 16384)
 2 APPPATH/Config/Routes.php(161): CodeIgniter\Router\RouteCollection->match([...], 'mesociclos/(:num)/generar/bilbo', 'GimnasioMesociclos::generarBilbo/$1')
 3 SYSTEMPATH/Router/RouteCollection.php(799): CodeIgniter\Router\RouteCollection::{closure}(Object(CodeIgniter\Router\RouteCollection))
 4 APPPATH/Config/Routes.php(144): CodeIgniter\Router\RouteCollection->group('gimnasio', [...], Object(Closure))
 5 SYSTEMPATH/Router/RouteCollection.php(339): require('/Applications/ServBay/www/trackbitos/app/Config/Routes.php')
 6 SYSTEMPATH/CodeIgniter.php(821): CodeIgniter\Router\RouteCollection->loadRoutes()
 7 SYSTEMPATH/CodeIgniter.php(455): CodeIgniter\CodeIgniter->tryToRouteIt(null)
 8 SYSTEMPATH/CodeIgniter.php(354): CodeIgniter\CodeIgniter->handleRequest(null, Object(Config\Cache), false)
 9 SYSTEMPATH/Boot.php(363): CodeIgniter\CodeIgniter->run()
10 SYSTEMPATH/Boot.php(68): CodeIgniter\Boot::runCodeIgniter(Object(CodeIgniter\CodeIgniter))
11 FCPATH/index.php(59): CodeIgniter\Boot::bootWeb(Object(Config\Paths))
WARNING - 2025-09-05 06:21:51 --> [DEPRECATED] Passing lowercase HTTP method "post" is deprecated. Use uppercase HTTP method like "POST". in SYSTEMPATH/Router/RouteCollection.php on line 1026.
 1 SYSTEMPATH/Router/RouteCollection.php(1026): trigger_error('Passing lowercase HTTP method "post" is deprecated. Use uppercase HTTP method like "POST".', 16384)
 2 APPPATH/Config/Routes.php(161): CodeIgniter\Router\RouteCollection->match([...], 'mesociclos/(:num)/generar/bilbo', 'GimnasioMesociclos::generarBilbo/$1')
 3 SYSTEMPATH/Router/RouteCollection.php(799): CodeIgniter\Router\RouteCollection::{closure}(Object(CodeIgniter\Router\RouteCollection))
 4 APPPATH/Config/Routes.php(144): CodeIgniter\Router\RouteCollection->group('gimnasio', [...], Object(Closure))
 5 SYSTEMPATH/Router/RouteCollection.php(339): require('/Applications/ServBay/www/trackbitos/app/Config/Routes.php')
 6 SYSTEMPATH/CodeIgniter.php(821): CodeIgniter\Router\RouteCollection->loadRoutes()
 7 SYSTEMPATH/CodeIgniter.php(455): CodeIgniter\CodeIgniter->tryToRouteIt(null)
 8 SYSTEMPATH/CodeIgniter.php(354): CodeIgniter\CodeIgniter->handleRequest(null, Object(Config\Cache), false)
 9 SYSTEMPATH/Boot.php(363): CodeIgniter\CodeIgniter->run()
10 SYSTEMPATH/Boot.php(68): CodeIgniter\Boot::runCodeIgniter(Object(CodeIgniter\CodeIgniter))
11 FCPATH/index.php(59): CodeIgniter\Boot::bootWeb(Object(Config\Paths))
WARNING - 2025-09-05 06:21:51 --> [DEPRECATED] Passing lowercase HTTP method "get" is deprecated. Use uppercase HTTP method like "GET". in SYSTEMPATH/Router/RouteCollection.php on line 1026.
 1 SYSTEMPATH/Router/RouteCollection.php(1026): trigger_error('Passing lowercase HTTP method "get" is deprecated. Use uppercase HTTP method like "GET".', 16384)
 2 APPPATH/Config/Routes.php(261): CodeIgniter\Router\RouteCollection->match([...], 'crear', 'Youtube::crearLista')
 3 SYSTEMPATH/Router/RouteCollection.php(799): CodeIgniter\Router\RouteCollection::{closure}(Object(CodeIgniter\Router\RouteCollection))
 4 APPPATH/Config/Routes.php(259): CodeIgniter\Router\RouteCollection->group('youtube', [...], Object(Closure))
 5 SYSTEMPATH/Router/RouteCollection.php(339): require('/Applications/ServBay/www/trackbitos/app/Config/Routes.php')
 6 SYSTEMPATH/CodeIgniter.php(821): CodeIgniter\Router\RouteCollection->loadRoutes()
 7 SYSTEMPATH/CodeIgniter.php(455): CodeIgniter\CodeIgniter->tryToRouteIt(null)
 8 SYSTEMPATH/CodeIgniter.php(354): CodeIgniter\CodeIgniter->handleRequest(null, Object(Config\Cache), false)
 9 SYSTEMPATH/Boot.php(363): CodeIgniter\CodeIgniter->run()
10 SYSTEMPATH/Boot.php(68): CodeIgniter\Boot::runCodeIgniter(Object(CodeIgniter\CodeIgniter))
11 FCPATH/index.php(59): CodeIgniter\Boot::bootWeb(Object(Config\Paths))
WARNING - 2025-09-05 06:21:51 --> [DEPRECATED] Passing lowercase HTTP method "post" is deprecated. Use uppercase HTTP method like "POST". in SYSTEMPATH/Router/RouteCollection.php on line 1026.
 1 SYSTEMPATH/Router/RouteCollection.php(1026): trigger_error('Passing lowercase HTTP method "post" is deprecated. Use uppercase HTTP method like "POST".', 16384)
 2 APPPATH/Config/Routes.php(261): CodeIgniter\Router\RouteCollection->match([...], 'crear', 'Youtube::crearLista')
 3 SYSTEMPATH/Router/RouteCollection.php(799): CodeIgniter\Router\RouteCollection::{closure}(Object(CodeIgniter\Router\RouteCollection))
 4 APPPATH/Config/Routes.php(259): CodeIgniter\Router\RouteCollection->group('youtube', [...], Object(Closure))
 5 SYSTEMPATH/Router/RouteCollection.php(339): require('/Applications/ServBay/www/trackbitos/app/Config/Routes.php')
 6 SYSTEMPATH/CodeIgniter.php(821): CodeIgniter\Router\RouteCollection->loadRoutes()
 7 SYSTEMPATH/CodeIgniter.php(455): CodeIgniter\CodeIgniter->tryToRouteIt(null)
 8 SYSTEMPATH/CodeIgniter.php(354): CodeIgniter\CodeIgniter->handleRequest(null, Object(Config\Cache), false)
 9 SYSTEMPATH/Boot.php(363): CodeIgniter\CodeIgniter->run()
10 SYSTEMPATH/Boot.php(68): CodeIgniter\Boot::runCodeIgniter(Object(CodeIgniter\CodeIgniter))
11 FCPATH/index.php(59): CodeIgniter\Boot::bootWeb(Object(Config\Paths))
DEBUG - 2025-09-05 06:21:51 --> Session: Class initialized using 'CodeIgniter\Session\Handlers\FileHandler' driver.
WARNING - 2025-09-05 06:21:55 --> [DEPRECATED] Passing lowercase HTTP method "get" is deprecated. Use uppercase HTTP method like "GET". in SYSTEMPATH/Router/RouteCollection.php on line 1026.
 1 SYSTEMPATH/Router/RouteCollection.php(1026): trigger_error('Passing lowercase HTTP method "get" is deprecated. Use uppercase HTTP method like "GET".', 16384)
 2 APPPATH/Config/Routes.php(146): CodeIgniter\Router\RouteCollection->match([...], 'mesociclos/nuevo', 'GimnasioMesociclos::nuevo')
 3 SYSTEMPATH/Router/RouteCollection.php(799): CodeIgniter\Router\RouteCollection::{closure}(Object(CodeIgniter\Router\RouteCollection))
 4 APPPATH/Config/Routes.php(144): CodeIgniter\Router\RouteCollection->group('gimnasio', [...], Object(Closure))
 5 SYSTEMPATH/Router/RouteCollection.php(339): require('/Applications/ServBay/www/trackbitos/app/Config/Routes.php')
 6 SYSTEMPATH/CodeIgniter.php(821): CodeIgniter\Router\RouteCollection->loadRoutes()
 7 SYSTEMPATH/CodeIgniter.php(455): CodeIgniter\CodeIgniter->tryToRouteIt(null)
 8 SYSTEMPATH/CodeIgniter.php(354): CodeIgniter\CodeIgniter->handleRequest(null, Object(Config\Cache), false)
 9 SYSTEMPATH/Boot.php(363): CodeIgniter\CodeIgniter->run()
10 SYSTEMPATH/Boot.php(68): CodeIgniter\Boot::runCodeIgniter(Object(CodeIgniter\CodeIgniter))
11 FCPATH/index.php(59): CodeIgniter\Boot::bootWeb(Object(Config\Paths))
WARNING - 2025-09-05 06:21:55 --> [DEPRECATED] Passing lowercase HTTP method "post" is deprecated. Use uppercase HTTP method like "POST". in SYSTEMPATH/Router/RouteCollection.php on line 1026.
 1 SYSTEMPATH/Router/RouteCollection.php(1026): trigger_error('Passing lowercase HTTP method "post" is deprecated. Use uppercase HTTP method like "POST".', 16384)
 2 APPPATH/Config/Routes.php(146): CodeIgniter\Router\RouteCollection->match([...], 'mesociclos/nuevo', 'GimnasioMesociclos::nuevo')
 3 SYSTEMPATH/Router/RouteCollection.php(799): CodeIgniter\Router\RouteCollection::{closure}(Object(CodeIgniter\Router\RouteCollection))
 4 APPPATH/Config/Routes.php(144): CodeIgniter\Router\RouteCollection->group('gimnasio', [...], Object(Closure))
 5 SYSTEMPATH/Router/RouteCollection.php(339): require('/Applications/ServBay/www/trackbitos/app/Config/Routes.php')
 6 SYSTEMPATH/CodeIgniter.php(821): CodeIgniter\Router\RouteCollection->loadRoutes()
 7 SYSTEMPATH/CodeIgniter.php(455): CodeIgniter\CodeIgniter->tryToRouteIt(null)
 8 SYSTEMPATH/CodeIgniter.php(354): CodeIgniter\CodeIgniter->handleRequest(null, Object(Config\Cache), false)
 9 SYSTEMPATH/Boot.php(363): CodeIgniter\CodeIgniter->run()
10 SYSTEMPATH/Boot.php(68): CodeIgniter\Boot::runCodeIgniter(Object(CodeIgniter\CodeIgniter))
11 FCPATH/index.php(59): CodeIgniter\Boot::bootWeb(Object(Config\Paths))
WARNING - 2025-09-05 06:21:55 --> [DEPRECATED] Passing lowercase HTTP method "get" is deprecated. Use uppercase HTTP method like "GET". in SYSTEMPATH/Router/RouteCollection.php on line 1026.
 1 SYSTEMPATH/Router/RouteCollection.php(1026): trigger_error('Passing lowercase HTTP method "get" is deprecated. Use uppercase HTTP method like "GET".', 16384)
 2 APPPATH/Config/Routes.php(148): CodeIgniter\Router\RouteCollection->match([...], 'mesociclos/(:num)/bloque/nuevo', 'GimnasioMesociclos::bloqueNuevo/$1')
 3 SYSTEMPATH/Router/RouteCollection.php(799): CodeIgniter\Router\RouteCollection::{closure}(Object(CodeIgniter\Router\RouteCollection))
 4 APPPATH/Config/Routes.php(144): CodeIgniter\Router\RouteCollection->group('gimnasio', [...], Object(Closure))
 5 SYSTEMPATH/Router/RouteCollection.php(339): require('/Applications/ServBay/www/trackbitos/app/Config/Routes.php')
 6 SYSTEMPATH/CodeIgniter.php(821): CodeIgniter\Router\RouteCollection->loadRoutes()
 7 SYSTEMPATH/CodeIgniter.php(455): CodeIgniter\CodeIgniter->tryToRouteIt(null)
 8 SYSTEMPATH/CodeIgniter.php(354): CodeIgniter\CodeIgniter->handleRequest(null, Object(Config\Cache), false)
 9 SYSTEMPATH/Boot.php(363): CodeIgniter\CodeIgniter->run()
10 SYSTEMPATH/Boot.php(68): CodeIgniter\Boot::runCodeIgniter(Object(CodeIgniter\CodeIgniter))
11 FCPATH/index.php(59): CodeIgniter\Boot::bootWeb(Object(Config\Paths))
WARNING - 2025-09-05 06:21:55 --> [DEPRECATED] Passing lowercase HTTP method "post" is deprecated. Use uppercase HTTP method like "POST". in SYSTEMPATH/Router/RouteCollection.php on line 1026.
 1 SYSTEMPATH/Router/RouteCollection.php(1026): trigger_error('Passing lowercase HTTP method "post" is deprecated. Use uppercase HTTP method like "POST".', 16384)
 2 APPPATH/Config/Routes.php(148): CodeIgniter\Router\RouteCollection->match([...], 'mesociclos/(:num)/bloque/nuevo', 'GimnasioMesociclos::bloqueNuevo/$1')
 3 SYSTEMPATH/Router/RouteCollection.php(799): CodeIgniter\Router\RouteCollection::{closure}(Object(CodeIgniter\Router\RouteCollection))
 4 APPPATH/Config/Routes.php(144): CodeIgniter\Router\RouteCollection->group('gimnasio', [...], Object(Closure))
 5 SYSTEMPATH/Router/RouteCollection.php(339): require('/Applications/ServBay/www/trackbitos/app/Config/Routes.php')
 6 SYSTEMPATH/CodeIgniter.php(821): CodeIgniter\Router\RouteCollection->loadRoutes()
 7 SYSTEMPATH/CodeIgniter.php(455): CodeIgniter\CodeIgniter->tryToRouteIt(null)
 8 SYSTEMPATH/CodeIgniter.php(354): CodeIgniter\CodeIgniter->handleRequest(null, Object(Config\Cache), false)
 9 SYSTEMPATH/Boot.php(363): CodeIgniter\CodeIgniter->run()
10 SYSTEMPATH/Boot.php(68): CodeIgniter\Boot::runCodeIgniter(Object(CodeIgniter\CodeIgniter))
11 FCPATH/index.php(59): CodeIgniter\Boot::bootWeb(Object(Config\Paths))
WARNING - 2025-09-05 06:21:55 --> [DEPRECATED] Passing lowercase HTTP method "get" is deprecated. Use uppercase HTTP method like "GET". in SYSTEMPATH/Router/RouteCollection.php on line 1026.
 1 SYSTEMPATH/Router/RouteCollection.php(1026): trigger_error('Passing lowercase HTTP method "get" is deprecated. Use uppercase HTTP method like "GET".', 16384)
 2 APPPATH/Config/Routes.php(150): CodeIgniter\Router\RouteCollection->match([...], 'mesociclos/(:num)/asignar/(:num)', 'GimnasioMesociclos::asignar/$1/$2')
 3 SYSTEMPATH/Router/RouteCollection.php(799): CodeIgniter\Router\RouteCollection::{closure}(Object(CodeIgniter\Router\RouteCollection))
 4 APPPATH/Config/Routes.php(144): CodeIgniter\Router\RouteCollection->group('gimnasio', [...], Object(Closure))
 5 SYSTEMPATH/Router/RouteCollection.php(339): require('/Applications/ServBay/www/trackbitos/app/Config/Routes.php')
 6 SYSTEMPATH/CodeIgniter.php(821): CodeIgniter\Router\RouteCollection->loadRoutes()
 7 SYSTEMPATH/CodeIgniter.php(455): CodeIgniter\CodeIgniter->tryToRouteIt(null)
 8 SYSTEMPATH/CodeIgniter.php(354): CodeIgniter\CodeIgniter->handleRequest(null, Object(Config\Cache), false)
 9 SYSTEMPATH/Boot.php(363): CodeIgniter\CodeIgniter->run()
10 SYSTEMPATH/Boot.php(68): CodeIgniter\Boot::runCodeIgniter(Object(CodeIgniter\CodeIgniter))
11 FCPATH/index.php(59): CodeIgniter\Boot::bootWeb(Object(Config\Paths))
WARNING - 2025-09-05 06:21:55 --> [DEPRECATED] Passing lowercase HTTP method "post" is deprecated. Use uppercase HTTP method like "POST". in SYSTEMPATH/Router/RouteCollection.php on line 1026.
 1 SYSTEMPATH/Router/RouteCollection.php(1026): trigger_error('Passing lowercase HTTP method "post" is deprecated. Use uppercase HTTP method like "POST".', 16384)
 2 APPPATH/Config/Routes.php(150): CodeIgniter\Router\RouteCollection->match([...], 'mesociclos/(:num)/asignar/(:num)', 'GimnasioMesociclos::asignar/$1/$2')
 3 SYSTEMPATH/Router/RouteCollection.php(799): CodeIgniter\Router\RouteCollection::{closure}(Object(CodeIgniter\Router\RouteCollection))
 4 APPPATH/Config/Routes.php(144): CodeIgniter\Router\RouteCollection->group('gimnasio', [...], Object(Closure))
 5 SYSTEMPATH/Router/RouteCollection.php(339): require('/Applications/ServBay/www/trackbitos/app/Config/Routes.php')
 6 SYSTEMPATH/CodeIgniter.php(821): CodeIgniter\Router\RouteCollection->loadRoutes()
 7 SYSTEMPATH/CodeIgniter.php(455): CodeIgniter\CodeIgniter->tryToRouteIt(null)
 8 SYSTEMPATH/CodeIgniter.php(354): CodeIgniter\CodeIgniter->handleRequest(null, Object(Config\Cache), false)
 9 SYSTEMPATH/Boot.php(363): CodeIgniter\CodeIgniter->run()
10 SYSTEMPATH/Boot.php(68): CodeIgniter\Boot::runCodeIgniter(Object(CodeIgniter\CodeIgniter))
11 FCPATH/index.php(59): CodeIgniter\Boot::bootWeb(Object(Config\Paths))
WARNING - 2025-09-05 06:21:55 --> [DEPRECATED] Passing lowercase HTTP method "get" is deprecated. Use uppercase HTTP method like "GET". in SYSTEMPATH/Router/RouteCollection.php on line 1026.
 1 SYSTEMPATH/Router/RouteCollection.php(1026): trigger_error('Passing lowercase HTTP method "get" is deprecated. Use uppercase HTTP method like "GET".', 16384)
 2 APPPATH/Config/Routes.php(153): CodeIgniter\Router\RouteCollection->match([...], 'mesociclos/(:num)/generar', 'GimnasioMesociclos::generar/$1')
 3 SYSTEMPATH/Router/RouteCollection.php(799): CodeIgniter\Router\RouteCollection::{closure}(Object(CodeIgniter\Router\RouteCollection))
 4 APPPATH/Config/Routes.php(144): CodeIgniter\Router\RouteCollection->group('gimnasio', [...], Object(Closure))
 5 SYSTEMPATH/Router/RouteCollection.php(339): require('/Applications/ServBay/www/trackbitos/app/Config/Routes.php')
 6 SYSTEMPATH/CodeIgniter.php(821): CodeIgniter\Router\RouteCollection->loadRoutes()
 7 SYSTEMPATH/CodeIgniter.php(455): CodeIgniter\CodeIgniter->tryToRouteIt(null)
 8 SYSTEMPATH/CodeIgniter.php(354): CodeIgniter\CodeIgniter->handleRequest(null, Object(Config\Cache), false)
 9 SYSTEMPATH/Boot.php(363): CodeIgniter\CodeIgniter->run()
10 SYSTEMPATH/Boot.php(68): CodeIgniter\Boot::runCodeIgniter(Object(CodeIgniter\CodeIgniter))
11 FCPATH/index.php(59): CodeIgniter\Boot::bootWeb(Object(Config\Paths))
WARNING - 2025-09-05 06:21:55 --> [DEPRECATED] Passing lowercase HTTP method "post" is deprecated. Use uppercase HTTP method like "POST". in SYSTEMPATH/Router/RouteCollection.php on line 1026.
 1 SYSTEMPATH/Router/RouteCollection.php(1026): trigger_error('Passing lowercase HTTP method "post" is deprecated. Use uppercase HTTP method like "POST".', 16384)
 2 APPPATH/Config/Routes.php(153): CodeIgniter\Router\RouteCollection->match([...], 'mesociclos/(:num)/generar', 'GimnasioMesociclos::generar/$1')
 3 SYSTEMPATH/Router/RouteCollection.php(799): CodeIgniter\Router\RouteCollection::{closure}(Object(CodeIgniter\Router\RouteCollection))
 4 APPPATH/Config/Routes.php(144): CodeIgniter\Router\RouteCollection->group('gimnasio', [...], Object(Closure))
 5 SYSTEMPATH/Router/RouteCollection.php(339): require('/Applications/ServBay/www/trackbitos/app/Config/Routes.php')
 6 SYSTEMPATH/CodeIgniter.php(821): CodeIgniter\Router\RouteCollection->loadRoutes()
 7 SYSTEMPATH/CodeIgniter.php(455): CodeIgniter\CodeIgniter->tryToRouteIt(null)
 8 SYSTEMPATH/CodeIgniter.php(354): CodeIgniter\CodeIgniter->handleRequest(null, Object(Config\Cache), false)
 9 SYSTEMPATH/Boot.php(363): CodeIgniter\CodeIgniter->run()
10 SYSTEMPATH/Boot.php(68): CodeIgniter\Boot::runCodeIgniter(Object(CodeIgniter\CodeIgniter))
11 FCPATH/index.php(59): CodeIgniter\Boot::bootWeb(Object(Config\Paths))
WARNING - 2025-09-05 06:21:55 --> [DEPRECATED] Passing lowercase HTTP method "get" is deprecated. Use uppercase HTTP method like "GET". in SYSTEMPATH/Router/RouteCollection.php on line 1026.
 1 SYSTEMPATH/Router/RouteCollection.php(1026): trigger_error('Passing lowercase HTTP method "get" is deprecated. Use uppercase HTTP method like "GET".', 16384)
 2 APPPATH/Config/Routes.php(161): CodeIgniter\Router\RouteCollection->match([...], 'mesociclos/(:num)/generar/bilbo', 'GimnasioMesociclos::generarBilbo/$1')
 3 SYSTEMPATH/Router/RouteCollection.php(799): CodeIgniter\Router\RouteCollection::{closure}(Object(CodeIgniter\Router\RouteCollection))
 4 APPPATH/Config/Routes.php(144): CodeIgniter\Router\RouteCollection->group('gimnasio', [...], Object(Closure))
 5 SYSTEMPATH/Router/RouteCollection.php(339): require('/Applications/ServBay/www/trackbitos/app/Config/Routes.php')
 6 SYSTEMPATH/CodeIgniter.php(821): CodeIgniter\Router\RouteCollection->loadRoutes()
 7 SYSTEMPATH/CodeIgniter.php(455): CodeIgniter\CodeIgniter->tryToRouteIt(null)
 8 SYSTEMPATH/CodeIgniter.php(354): CodeIgniter\CodeIgniter->handleRequest(null, Object(Config\Cache), false)
 9 SYSTEMPATH/Boot.php(363): CodeIgniter\CodeIgniter->run()
10 SYSTEMPATH/Boot.php(68): CodeIgniter\Boot::runCodeIgniter(Object(CodeIgniter\CodeIgniter))
11 FCPATH/index.php(59): CodeIgniter\Boot::bootWeb(Object(Config\Paths))
WARNING - 2025-09-05 06:21:55 --> [DEPRECATED] Passing lowercase HTTP method "post" is deprecated. Use uppercase HTTP method like "POST". in SYSTEMPATH/Router/RouteCollection.php on line 1026.
 1 SYSTEMPATH/Router/RouteCollection.php(1026): trigger_error('Passing lowercase HTTP method "post" is deprecated. Use uppercase HTTP method like "POST".', 16384)
 2 APPPATH/Config/Routes.php(161): CodeIgniter\Router\RouteCollection->match([...], 'mesociclos/(:num)/generar/bilbo', 'GimnasioMesociclos::generarBilbo/$1')
 3 SYSTEMPATH/Router/RouteCollection.php(799): CodeIgniter\Router\RouteCollection::{closure}(Object(CodeIgniter\Router\RouteCollection))
 4 APPPATH/Config/Routes.php(144): CodeIgniter\Router\RouteCollection->group('gimnasio', [...], Object(Closure))
 5 SYSTEMPATH/Router/RouteCollection.php(339): require('/Applications/ServBay/www/trackbitos/app/Config/Routes.php')
 6 SYSTEMPATH/CodeIgniter.php(821): CodeIgniter\Router\RouteCollection->loadRoutes()
 7 SYSTEMPATH/CodeIgniter.php(455): CodeIgniter\CodeIgniter->tryToRouteIt(null)
 8 SYSTEMPATH/CodeIgniter.php(354): CodeIgniter\CodeIgniter->handleRequest(null, Object(Config\Cache), false)
 9 SYSTEMPATH/Boot.php(363): CodeIgniter\CodeIgniter->run()
10 SYSTEMPATH/Boot.php(68): CodeIgniter\Boot::runCodeIgniter(Object(CodeIgniter\CodeIgniter))
11 FCPATH/index.php(59): CodeIgniter\Boot::bootWeb(Object(Config\Paths))
WARNING - 2025-09-05 06:21:55 --> [DEPRECATED] Passing lowercase HTTP method "get" is deprecated. Use uppercase HTTP method like "GET". in SYSTEMPATH/Router/RouteCollection.php on line 1026.
 1 SYSTEMPATH/Router/RouteCollection.php(1026): trigger_error('Passing lowercase HTTP method "get" is deprecated. Use uppercase HTTP method like "GET".', 16384)
 2 APPPATH/Config/Routes.php(261): CodeIgniter\Router\RouteCollection->match([...], 'crear', 'Youtube::crearLista')
 3 SYSTEMPATH/Router/RouteCollection.php(799): CodeIgniter\Router\RouteCollection::{closure}(Object(CodeIgniter\Router\RouteCollection))
 4 APPPATH/Config/Routes.php(259): CodeIgniter\Router\RouteCollection->group('youtube', [...], Object(Closure))
 5 SYSTEMPATH/Router/RouteCollection.php(339): require('/Applications/ServBay/www/trackbitos/app/Config/Routes.php')
 6 SYSTEMPATH/CodeIgniter.php(821): CodeIgniter\Router\RouteCollection->loadRoutes()
 7 SYSTEMPATH/CodeIgniter.php(455): CodeIgniter\CodeIgniter->tryToRouteIt(null)
 8 SYSTEMPATH/CodeIgniter.php(354): CodeIgniter\CodeIgniter->handleRequest(null, Object(Config\Cache), false)
 9 SYSTEMPATH/Boot.php(363): CodeIgniter\CodeIgniter->run()
10 SYSTEMPATH/Boot.php(68): CodeIgniter\Boot::runCodeIgniter(Object(CodeIgniter\CodeIgniter))
11 FCPATH/index.php(59): CodeIgniter\Boot::bootWeb(Object(Config\Paths))
WARNING - 2025-09-05 06:21:55 --> [DEPRECATED] Passing lowercase HTTP method "post" is deprecated. Use uppercase HTTP method like "POST". in SYSTEMPATH/Router/RouteCollection.php on line 1026.
 1 SYSTEMPATH/Router/RouteCollection.php(1026): trigger_error('Passing lowercase HTTP method "post" is deprecated. Use uppercase HTTP method like "POST".', 16384)
 2 APPPATH/Config/Routes.php(261): CodeIgniter\Router\RouteCollection->match([...], 'crear', 'Youtube::crearLista')
 3 SYSTEMPATH/Router/RouteCollection.php(799): CodeIgniter\Router\RouteCollection::{closure}(Object(CodeIgniter\Router\RouteCollection))
 4 APPPATH/Config/Routes.php(259): CodeIgniter\Router\RouteCollection->group('youtube', [...], Object(Closure))
 5 SYSTEMPATH/Router/RouteCollection.php(339): require('/Applications/ServBay/www/trackbitos/app/Config/Routes.php')
 6 SYSTEMPATH/CodeIgniter.php(821): CodeIgniter\Router\RouteCollection->loadRoutes()
 7 SYSTEMPATH/CodeIgniter.php(455): CodeIgniter\CodeIgniter->tryToRouteIt(null)
 8 SYSTEMPATH/CodeIgniter.php(354): CodeIgniter\CodeIgniter->handleRequest(null, Object(Config\Cache), false)
 9 SYSTEMPATH/Boot.php(363): CodeIgniter\CodeIgniter->run()
10 SYSTEMPATH/Boot.php(68): CodeIgniter\Boot::runCodeIgniter(Object(CodeIgniter\CodeIgniter))
11 FCPATH/index.php(59): CodeIgniter\Boot::bootWeb(Object(Config\Paths))
DEBUG - 2025-09-05 06:21:55 --> Session: Class initialized using 'CodeIgniter\Session\Handlers\FileHandler' driver.
WARNING - 2025-09-05 06:22:01 --> [DEPRECATED] Passing lowercase HTTP method "get" is deprecated. Use uppercase HTTP method like "GET". in SYSTEMPATH/Router/RouteCollection.php on line 1026.
 1 SYSTEMPATH/Router/RouteCollection.php(1026): trigger_error('Passing lowercase HTTP method "get" is deprecated. Use uppercase HTTP method like "GET".', 16384)
 2 APPPATH/Config/Routes.php(146): CodeIgniter\Router\RouteCollection->match([...], 'mesociclos/nuevo', 'GimnasioMesociclos::nuevo')
 3 SYSTEMPATH/Router/RouteCollection.php(799): CodeIgniter\Router\RouteCollection::{closure}(Object(CodeIgniter\Router\RouteCollection))
 4 APPPATH/Config/Routes.php(144): CodeIgniter\Router\RouteCollection->group('gimnasio', [...], Object(Closure))
 5 SYSTEMPATH/Router/RouteCollection.php(339): require('/Applications/ServBay/www/trackbitos/app/Config/Routes.php')
 6 SYSTEMPATH/CodeIgniter.php(821): CodeIgniter\Router\RouteCollection->loadRoutes()
 7 SYSTEMPATH/CodeIgniter.php(455): CodeIgniter\CodeIgniter->tryToRouteIt(null)
 8 SYSTEMPATH/CodeIgniter.php(354): CodeIgniter\CodeIgniter->handleRequest(null, Object(Config\Cache), false)
 9 SYSTEMPATH/Boot.php(363): CodeIgniter\CodeIgniter->run()
10 SYSTEMPATH/Boot.php(68): CodeIgniter\Boot::runCodeIgniter(Object(CodeIgniter\CodeIgniter))
11 FCPATH/index.php(59): CodeIgniter\Boot::bootWeb(Object(Config\Paths))
WARNING - 2025-09-05 06:22:01 --> [DEPRECATED] Passing lowercase HTTP method "post" is deprecated. Use uppercase HTTP method like "POST". in SYSTEMPATH/Router/RouteCollection.php on line 1026.
 1 SYSTEMPATH/Router/RouteCollection.php(1026): trigger_error('Passing lowercase HTTP method "post" is deprecated. Use uppercase HTTP method like "POST".', 16384)
 2 APPPATH/Config/Routes.php(146): CodeIgniter\Router\RouteCollection->match([...], 'mesociclos/nuevo', 'GimnasioMesociclos::nuevo')
 3 SYSTEMPATH/Router/RouteCollection.php(799): CodeIgniter\Router\RouteCollection::{closure}(Object(CodeIgniter\Router\RouteCollection))
 4 APPPATH/Config/Routes.php(144): CodeIgniter\Router\RouteCollection->group('gimnasio', [...], Object(Closure))
 5 SYSTEMPATH/Router/RouteCollection.php(339): require('/Applications/ServBay/www/trackbitos/app/Config/Routes.php')
 6 SYSTEMPATH/CodeIgniter.php(821): CodeIgniter\Router\RouteCollection->loadRoutes()
 7 SYSTEMPATH/CodeIgniter.php(455): CodeIgniter\CodeIgniter->tryToRouteIt(null)
 8 SYSTEMPATH/CodeIgniter.php(354): CodeIgniter\CodeIgniter->handleRequest(null, Object(Config\Cache), false)
 9 SYSTEMPATH/Boot.php(363): CodeIgniter\CodeIgniter->run()
10 SYSTEMPATH/Boot.php(68): CodeIgniter\Boot::runCodeIgniter(Object(CodeIgniter\CodeIgniter))
11 FCPATH/index.php(59): CodeIgniter\Boot::bootWeb(Object(Config\Paths))
WARNING - 2025-09-05 06:22:01 --> [DEPRECATED] Passing lowercase HTTP method "get" is deprecated. Use uppercase HTTP method like "GET". in SYSTEMPATH/Router/RouteCollection.php on line 1026.
 1 SYSTEMPATH/Router/RouteCollection.php(1026): trigger_error('Passing lowercase HTTP method "get" is deprecated. Use uppercase HTTP method like "GET".', 16384)
 2 APPPATH/Config/Routes.php(148): CodeIgniter\Router\RouteCollection->match([...], 'mesociclos/(:num)/bloque/nuevo', 'GimnasioMesociclos::bloqueNuevo/$1')
 3 SYSTEMPATH/Router/RouteCollection.php(799): CodeIgniter\Router\RouteCollection::{closure}(Object(CodeIgniter\Router\RouteCollection))
 4 APPPATH/Config/Routes.php(144): CodeIgniter\Router\RouteCollection->group('gimnasio', [...], Object(Closure))
 5 SYSTEMPATH/Router/RouteCollection.php(339): require('/Applications/ServBay/www/trackbitos/app/Config/Routes.php')
 6 SYSTEMPATH/CodeIgniter.php(821): CodeIgniter\Router\RouteCollection->loadRoutes()
 7 SYSTEMPATH/CodeIgniter.php(455): CodeIgniter\CodeIgniter->tryToRouteIt(null)
 8 SYSTEMPATH/CodeIgniter.php(354): CodeIgniter\CodeIgniter->handleRequest(null, Object(Config\Cache), false)
 9 SYSTEMPATH/Boot.php(363): CodeIgniter\CodeIgniter->run()
10 SYSTEMPATH/Boot.php(68): CodeIgniter\Boot::runCodeIgniter(Object(CodeIgniter\CodeIgniter))
11 FCPATH/index.php(59): CodeIgniter\Boot::bootWeb(Object(Config\Paths))
WARNING - 2025-09-05 06:22:01 --> [DEPRECATED] Passing lowercase HTTP method "post" is deprecated. Use uppercase HTTP method like "POST". in SYSTEMPATH/Router/RouteCollection.php on line 1026.
 1 SYSTEMPATH/Router/RouteCollection.php(1026): trigger_error('Passing lowercase HTTP method "post" is deprecated. Use uppercase HTTP method like "POST".', 16384)
 2 APPPATH/Config/Routes.php(148): CodeIgniter\Router\RouteCollection->match([...], 'mesociclos/(:num)/bloque/nuevo', 'GimnasioMesociclos::bloqueNuevo/$1')
 3 SYSTEMPATH/Router/RouteCollection.php(799): CodeIgniter\Router\RouteCollection::{closure}(Object(CodeIgniter\Router\RouteCollection))
 4 APPPATH/Config/Routes.php(144): CodeIgniter\Router\RouteCollection->group('gimnasio', [...], Object(Closure))
 5 SYSTEMPATH/Router/RouteCollection.php(339): require('/Applications/ServBay/www/trackbitos/app/Config/Routes.php')
 6 SYSTEMPATH/CodeIgniter.php(821): CodeIgniter\Router\RouteCollection->loadRoutes()
 7 SYSTEMPATH/CodeIgniter.php(455): CodeIgniter\CodeIgniter->tryToRouteIt(null)
 8 SYSTEMPATH/CodeIgniter.php(354): CodeIgniter\CodeIgniter->handleRequest(null, Object(Config\Cache), false)
 9 SYSTEMPATH/Boot.php(363): CodeIgniter\CodeIgniter->run()
10 SYSTEMPATH/Boot.php(68): CodeIgniter\Boot::runCodeIgniter(Object(CodeIgniter\CodeIgniter))
11 FCPATH/index.php(59): CodeIgniter\Boot::bootWeb(Object(Config\Paths))
WARNING - 2025-09-05 06:22:01 --> [DEPRECATED] Passing lowercase HTTP method "get" is deprecated. Use uppercase HTTP method like "GET". in SYSTEMPATH/Router/RouteCollection.php on line 1026.
 1 SYSTEMPATH/Router/RouteCollection.php(1026): trigger_error('Passing lowercase HTTP method "get" is deprecated. Use uppercase HTTP method like "GET".', 16384)
 2 APPPATH/Config/Routes.php(150): CodeIgniter\Router\RouteCollection->match([...], 'mesociclos/(:num)/asignar/(:num)', 'GimnasioMesociclos::asignar/$1/$2')
 3 SYSTEMPATH/Router/RouteCollection.php(799): CodeIgniter\Router\RouteCollection::{closure}(Object(CodeIgniter\Router\RouteCollection))
 4 APPPATH/Config/Routes.php(144): CodeIgniter\Router\RouteCollection->group('gimnasio', [...], Object(Closure))
 5 SYSTEMPATH/Router/RouteCollection.php(339): require('/Applications/ServBay/www/trackbitos/app/Config/Routes.php')
 6 SYSTEMPATH/CodeIgniter.php(821): CodeIgniter\Router\RouteCollection->loadRoutes()
 7 SYSTEMPATH/CodeIgniter.php(455): CodeIgniter\CodeIgniter->tryToRouteIt(null)
 8 SYSTEMPATH/CodeIgniter.php(354): CodeIgniter\CodeIgniter->handleRequest(null, Object(Config\Cache), false)
 9 SYSTEMPATH/Boot.php(363): CodeIgniter\CodeIgniter->run()
10 SYSTEMPATH/Boot.php(68): CodeIgniter\Boot::runCodeIgniter(Object(CodeIgniter\CodeIgniter))
11 FCPATH/index.php(59): CodeIgniter\Boot::bootWeb(Object(Config\Paths))
WARNING - 2025-09-05 06:22:01 --> [DEPRECATED] Passing lowercase HTTP method "post" is deprecated. Use uppercase HTTP method like "POST". in SYSTEMPATH/Router/RouteCollection.php on line 1026.
 1 SYSTEMPATH/Router/RouteCollection.php(1026): trigger_error('Passing lowercase HTTP method "post" is deprecated. Use uppercase HTTP method like "POST".', 16384)
 2 APPPATH/Config/Routes.php(150): CodeIgniter\Router\RouteCollection->match([...], 'mesociclos/(:num)/asignar/(:num)', 'GimnasioMesociclos::asignar/$1/$2')
 3 SYSTEMPATH/Router/RouteCollection.php(799): CodeIgniter\Router\RouteCollection::{closure}(Object(CodeIgniter\Router\RouteCollection))
 4 APPPATH/Config/Routes.php(144): CodeIgniter\Router\RouteCollection->group('gimnasio', [...], Object(Closure))
 5 SYSTEMPATH/Router/RouteCollection.php(339): require('/Applications/ServBay/www/trackbitos/app/Config/Routes.php')
 6 SYSTEMPATH/CodeIgniter.php(821): CodeIgniter\Router\RouteCollection->loadRoutes()
 7 SYSTEMPATH/CodeIgniter.php(455): CodeIgniter\CodeIgniter->tryToRouteIt(null)
 8 SYSTEMPATH/CodeIgniter.php(354): CodeIgniter\CodeIgniter->handleRequest(null, Object(Config\Cache), false)
 9 SYSTEMPATH/Boot.php(363): CodeIgniter\CodeIgniter->run()
10 SYSTEMPATH/Boot.php(68): CodeIgniter\Boot::runCodeIgniter(Object(CodeIgniter\CodeIgniter))
11 FCPATH/index.php(59): CodeIgniter\Boot::bootWeb(Object(Config\Paths))
WARNING - 2025-09-05 06:22:01 --> [DEPRECATED] Passing lowercase HTTP method "get" is deprecated. Use uppercase HTTP method like "GET". in SYSTEMPATH/Router/RouteCollection.php on line 1026.
 1 SYSTEMPATH/Router/RouteCollection.php(1026): trigger_error('Passing lowercase HTTP method "get" is deprecated. Use uppercase HTTP method like "GET".', 16384)
 2 APPPATH/Config/Routes.php(153): CodeIgniter\Router\RouteCollection->match([...], 'mesociclos/(:num)/generar', 'GimnasioMesociclos::generar/$1')
 3 SYSTEMPATH/Router/RouteCollection.php(799): CodeIgniter\Router\RouteCollection::{closure}(Object(CodeIgniter\Router\RouteCollection))
 4 APPPATH/Config/Routes.php(144): CodeIgniter\Router\RouteCollection->group('gimnasio', [...], Object(Closure))
 5 SYSTEMPATH/Router/RouteCollection.php(339): require('/Applications/ServBay/www/trackbitos/app/Config/Routes.php')
 6 SYSTEMPATH/CodeIgniter.php(821): CodeIgniter\Router\RouteCollection->loadRoutes()
 7 SYSTEMPATH/CodeIgniter.php(455): CodeIgniter\CodeIgniter->tryToRouteIt(null)
 8 SYSTEMPATH/CodeIgniter.php(354): CodeIgniter\CodeIgniter->handleRequest(null, Object(Config\Cache), false)
 9 SYSTEMPATH/Boot.php(363): CodeIgniter\CodeIgniter->run()
10 SYSTEMPATH/Boot.php(68): CodeIgniter\Boot::runCodeIgniter(Object(CodeIgniter\CodeIgniter))
11 FCPATH/index.php(59): CodeIgniter\Boot::bootWeb(Object(Config\Paths))
WARNING - 2025-09-05 06:22:01 --> [DEPRECATED] Passing lowercase HTTP method "post" is deprecated. Use uppercase HTTP method like "POST". in SYSTEMPATH/Router/RouteCollection.php on line 1026.
 1 SYSTEMPATH/Router/RouteCollection.php(1026): trigger_error('Passing lowercase HTTP method "post" is deprecated. Use uppercase HTTP method like "POST".', 16384)
 2 APPPATH/Config/Routes.php(153): CodeIgniter\Router\RouteCollection->match([...], 'mesociclos/(:num)/generar', 'GimnasioMesociclos::generar/$1')
 3 SYSTEMPATH/Router/RouteCollection.php(799): CodeIgniter\Router\RouteCollection::{closure}(Object(CodeIgniter\Router\RouteCollection))
 4 APPPATH/Config/Routes.php(144): CodeIgniter\Router\RouteCollection->group('gimnasio', [...], Object(Closure))
 5 SYSTEMPATH/Router/RouteCollection.php(339): require('/Applications/ServBay/www/trackbitos/app/Config/Routes.php')
 6 SYSTEMPATH/CodeIgniter.php(821): CodeIgniter\Router\RouteCollection->loadRoutes()
 7 SYSTEMPATH/CodeIgniter.php(455): CodeIgniter\CodeIgniter->tryToRouteIt(null)
 8 SYSTEMPATH/CodeIgniter.php(354): CodeIgniter\CodeIgniter->handleRequest(null, Object(Config\Cache), false)
 9 SYSTEMPATH/Boot.php(363): CodeIgniter\CodeIgniter->run()
10 SYSTEMPATH/Boot.php(68): CodeIgniter\Boot::runCodeIgniter(Object(CodeIgniter\CodeIgniter))
11 FCPATH/index.php(59): CodeIgniter\Boot::bootWeb(Object(Config\Paths))
WARNING - 2025-09-05 06:22:01 --> [DEPRECATED] Passing lowercase HTTP method "get" is deprecated. Use uppercase HTTP method like "GET". in SYSTEMPATH/Router/RouteCollection.php on line 1026.
 1 SYSTEMPATH/Router/RouteCollection.php(1026): trigger_error('Passing lowercase HTTP method "get" is deprecated. Use uppercase HTTP method like "GET".', 16384)
 2 APPPATH/Config/Routes.php(161): CodeIgniter\Router\RouteCollection->match([...], 'mesociclos/(:num)/generar/bilbo', 'GimnasioMesociclos::generarBilbo/$1')
 3 SYSTEMPATH/Router/RouteCollection.php(799): CodeIgniter\Router\RouteCollection::{closure}(Object(CodeIgniter\Router\RouteCollection))
 4 APPPATH/Config/Routes.php(144): CodeIgniter\Router\RouteCollection->group('gimnasio', [...], Object(Closure))
 5 SYSTEMPATH/Router/RouteCollection.php(339): require('/Applications/ServBay/www/trackbitos/app/Config/Routes.php')
 6 SYSTEMPATH/CodeIgniter.php(821): CodeIgniter\Router\RouteCollection->loadRoutes()
 7 SYSTEMPATH/CodeIgniter.php(455): CodeIgniter\CodeIgniter->tryToRouteIt(null)
 8 SYSTEMPATH/CodeIgniter.php(354): CodeIgniter\CodeIgniter->handleRequest(null, Object(Config\Cache), false)
 9 SYSTEMPATH/Boot.php(363): CodeIgniter\CodeIgniter->run()
10 SYSTEMPATH/Boot.php(68): CodeIgniter\Boot::runCodeIgniter(Object(CodeIgniter\CodeIgniter))
11 FCPATH/index.php(59): CodeIgniter\Boot::bootWeb(Object(Config\Paths))
WARNING - 2025-09-05 06:22:01 --> [DEPRECATED] Passing lowercase HTTP method "post" is deprecated. Use uppercase HTTP method like "POST". in SYSTEMPATH/Router/RouteCollection.php on line 1026.
 1 SYSTEMPATH/Router/RouteCollection.php(1026): trigger_error('Passing lowercase HTTP method "post" is deprecated. Use uppercase HTTP method like "POST".', 16384)
 2 APPPATH/Config/Routes.php(161): CodeIgniter\Router\RouteCollection->match([...], 'mesociclos/(:num)/generar/bilbo', 'GimnasioMesociclos::generarBilbo/$1')
 3 SYSTEMPATH/Router/RouteCollection.php(799): CodeIgniter\Router\RouteCollection::{closure}(Object(CodeIgniter\Router\RouteCollection))
 4 APPPATH/Config/Routes.php(144): CodeIgniter\Router\RouteCollection->group('gimnasio', [...], Object(Closure))
 5 SYSTEMPATH/Router/RouteCollection.php(339): require('/Applications/ServBay/www/trackbitos/app/Config/Routes.php')
 6 SYSTEMPATH/CodeIgniter.php(821): CodeIgniter\Router\RouteCollection->loadRoutes()
 7 SYSTEMPATH/CodeIgniter.php(455): CodeIgniter\CodeIgniter->tryToRouteIt(null)
 8 SYSTEMPATH/CodeIgniter.php(354): CodeIgniter\CodeIgniter->handleRequest(null, Object(Config\Cache), false)
 9 SYSTEMPATH/Boot.php(363): CodeIgniter\CodeIgniter->run()
10 SYSTEMPATH/Boot.php(68): CodeIgniter\Boot::runCodeIgniter(Object(CodeIgniter\CodeIgniter))
11 FCPATH/index.php(59): CodeIgniter\Boot::bootWeb(Object(Config\Paths))
WARNING - 2025-09-05 06:22:01 --> [DEPRECATED] Passing lowercase HTTP method "get" is deprecated. Use uppercase HTTP method like "GET". in SYSTEMPATH/Router/RouteCollection.php on line 1026.
 1 SYSTEMPATH/Router/RouteCollection.php(1026): trigger_error('Passing lowercase HTTP method "get" is deprecated. Use uppercase HTTP method like "GET".', 16384)
 2 APPPATH/Config/Routes.php(261): CodeIgniter\Router\RouteCollection->match([...], 'crear', 'Youtube::crearLista')
 3 SYSTEMPATH/Router/RouteCollection.php(799): CodeIgniter\Router\RouteCollection::{closure}(Object(CodeIgniter\Router\RouteCollection))
 4 APPPATH/Config/Routes.php(259): CodeIgniter\Router\RouteCollection->group('youtube', [...], Object(Closure))
 5 SYSTEMPATH/Router/RouteCollection.php(339): require('/Applications/ServBay/www/trackbitos/app/Config/Routes.php')
 6 SYSTEMPATH/CodeIgniter.php(821): CodeIgniter\Router\RouteCollection->loadRoutes()
 7 SYSTEMPATH/CodeIgniter.php(455): CodeIgniter\CodeIgniter->tryToRouteIt(null)
 8 SYSTEMPATH/CodeIgniter.php(354): CodeIgniter\CodeIgniter->handleRequest(null, Object(Config\Cache), false)
 9 SYSTEMPATH/Boot.php(363): CodeIgniter\CodeIgniter->run()
10 SYSTEMPATH/Boot.php(68): CodeIgniter\Boot::runCodeIgniter(Object(CodeIgniter\CodeIgniter))
11 FCPATH/index.php(59): CodeIgniter\Boot::bootWeb(Object(Config\Paths))
WARNING - 2025-09-05 06:22:01 --> [DEPRECATED] Passing lowercase HTTP method "post" is deprecated. Use uppercase HTTP method like "POST". in SYSTEMPATH/Router/RouteCollection.php on line 1026.
 1 SYSTEMPATH/Router/RouteCollection.php(1026): trigger_error('Passing lowercase HTTP method "post" is deprecated. Use uppercase HTTP method like "POST".', 16384)
 2 APPPATH/Config/Routes.php(261): CodeIgniter\Router\RouteCollection->match([...], 'crear', 'Youtube::crearLista')
 3 SYSTEMPATH/Router/RouteCollection.php(799): CodeIgniter\Router\RouteCollection::{closure}(Object(CodeIgniter\Router\RouteCollection))
 4 APPPATH/Config/Routes.php(259): CodeIgniter\Router\RouteCollection->group('youtube', [...], Object(Closure))
 5 SYSTEMPATH/Router/RouteCollection.php(339): require('/Applications/ServBay/www/trackbitos/app/Config/Routes.php')
 6 SYSTEMPATH/CodeIgniter.php(821): CodeIgniter\Router\RouteCollection->loadRoutes()
 7 SYSTEMPATH/CodeIgniter.php(455): CodeIgniter\CodeIgniter->tryToRouteIt(null)
 8 SYSTEMPATH/CodeIgniter.php(354): CodeIgniter\CodeIgniter->handleRequest(null, Object(Config\Cache), false)
 9 SYSTEMPATH/Boot.php(363): CodeIgniter\CodeIgniter->run()
10 SYSTEMPATH/Boot.php(68): CodeIgniter\Boot::runCodeIgniter(Object(CodeIgniter\CodeIgniter))
11 FCPATH/index.php(59): CodeIgniter\Boot::bootWeb(Object(Config\Paths))
DEBUG - 2025-09-05 06:22:01 --> Session: Class initialized using 'CodeIgniter\Session\Handlers\FileHandler' driver.
WARNING - 2025-09-05 06:22:05 --> [DEPRECATED] Passing lowercase HTTP method "get" is deprecated. Use uppercase HTTP method like "GET". in SYSTEMPATH/Router/RouteCollection.php on line 1026.
 1 SYSTEMPATH/Router/RouteCollection.php(1026): trigger_error('Passing lowercase HTTP method "get" is deprecated. Use uppercase HTTP method like "GET".', 16384)
 2 APPPATH/Config/Routes.php(146): CodeIgniter\Router\RouteCollection->match([...], 'mesociclos/nuevo', 'GimnasioMesociclos::nuevo')
 3 SYSTEMPATH/Router/RouteCollection.php(799): CodeIgniter\Router\RouteCollection::{closure}(Object(CodeIgniter\Router\RouteCollection))
 4 APPPATH/Config/Routes.php(144): CodeIgniter\Router\RouteCollection->group('gimnasio', [...], Object(Closure))
 5 SYSTEMPATH/Router/RouteCollection.php(339): require('/Applications/ServBay/www/trackbitos/app/Config/Routes.php')
 6 SYSTEMPATH/CodeIgniter.php(821): CodeIgniter\Router\RouteCollection->loadRoutes()
 7 SYSTEMPATH/CodeIgniter.php(455): CodeIgniter\CodeIgniter->tryToRouteIt(null)
 8 SYSTEMPATH/CodeIgniter.php(354): CodeIgniter\CodeIgniter->handleRequest(null, Object(Config\Cache), false)
 9 SYSTEMPATH/Boot.php(363): CodeIgniter\CodeIgniter->run()
10 SYSTEMPATH/Boot.php(68): CodeIgniter\Boot::runCodeIgniter(Object(CodeIgniter\CodeIgniter))
11 FCPATH/index.php(59): CodeIgniter\Boot::bootWeb(Object(Config\Paths))
WARNING - 2025-09-05 06:22:05 --> [DEPRECATED] Passing lowercase HTTP method "post" is deprecated. Use uppercase HTTP method like "POST". in SYSTEMPATH/Router/RouteCollection.php on line 1026.
 1 SYSTEMPATH/Router/RouteCollection.php(1026): trigger_error('Passing lowercase HTTP method "post" is deprecated. Use uppercase HTTP method like "POST".', 16384)
 2 APPPATH/Config/Routes.php(146): CodeIgniter\Router\RouteCollection->match([...], 'mesociclos/nuevo', 'GimnasioMesociclos::nuevo')
 3 SYSTEMPATH/Router/RouteCollection.php(799): CodeIgniter\Router\RouteCollection::{closure}(Object(CodeIgniter\Router\RouteCollection))
 4 APPPATH/Config/Routes.php(144): CodeIgniter\Router\RouteCollection->group('gimnasio', [...], Object(Closure))
 5 SYSTEMPATH/Router/RouteCollection.php(339): require('/Applications/ServBay/www/trackbitos/app/Config/Routes.php')
 6 SYSTEMPATH/CodeIgniter.php(821): CodeIgniter\Router\RouteCollection->loadRoutes()
 7 SYSTEMPATH/CodeIgniter.php(455): CodeIgniter\CodeIgniter->tryToRouteIt(null)
 8 SYSTEMPATH/CodeIgniter.php(354): CodeIgniter\CodeIgniter->handleRequest(null, Object(Config\Cache), false)
 9 SYSTEMPATH/Boot.php(363): CodeIgniter\CodeIgniter->run()
10 SYSTEMPATH/Boot.php(68): CodeIgniter\Boot::runCodeIgniter(Object(CodeIgniter\CodeIgniter))
11 FCPATH/index.php(59): CodeIgniter\Boot::bootWeb(Object(Config\Paths))
WARNING - 2025-09-05 06:22:05 --> [DEPRECATED] Passing lowercase HTTP method "get" is deprecated. Use uppercase HTTP method like "GET". in SYSTEMPATH/Router/RouteCollection.php on line 1026.
 1 SYSTEMPATH/Router/RouteCollection.php(1026): trigger_error('Passing lowercase HTTP method "get" is deprecated. Use uppercase HTTP method like "GET".', 16384)
 2 APPPATH/Config/Routes.php(148): CodeIgniter\Router\RouteCollection->match([...], 'mesociclos/(:num)/bloque/nuevo', 'GimnasioMesociclos::bloqueNuevo/$1')
 3 SYSTEMPATH/Router/RouteCollection.php(799): CodeIgniter\Router\RouteCollection::{closure}(Object(CodeIgniter\Router\RouteCollection))
 4 APPPATH/Config/Routes.php(144): CodeIgniter\Router\RouteCollection->group('gimnasio', [...], Object(Closure))
 5 SYSTEMPATH/Router/RouteCollection.php(339): require('/Applications/ServBay/www/trackbitos/app/Config/Routes.php')
 6 SYSTEMPATH/CodeIgniter.php(821): CodeIgniter\Router\RouteCollection->loadRoutes()
 7 SYSTEMPATH/CodeIgniter.php(455): CodeIgniter\CodeIgniter->tryToRouteIt(null)
 8 SYSTEMPATH/CodeIgniter.php(354): CodeIgniter\CodeIgniter->handleRequest(null, Object(Config\Cache), false)
 9 SYSTEMPATH/Boot.php(363): CodeIgniter\CodeIgniter->run()
10 SYSTEMPATH/Boot.php(68): CodeIgniter\Boot::runCodeIgniter(Object(CodeIgniter\CodeIgniter))
11 FCPATH/index.php(59): CodeIgniter\Boot::bootWeb(Object(Config\Paths))
WARNING - 2025-09-05 06:22:05 --> [DEPRECATED] Passing lowercase HTTP method "post" is deprecated. Use uppercase HTTP method like "POST". in SYSTEMPATH/Router/RouteCollection.php on line 1026.
 1 SYSTEMPATH/Router/RouteCollection.php(1026): trigger_error('Passing lowercase HTTP method "post" is deprecated. Use uppercase HTTP method like "POST".', 16384)
 2 APPPATH/Config/Routes.php(148): CodeIgniter\Router\RouteCollection->match([...], 'mesociclos/(:num)/bloque/nuevo', 'GimnasioMesociclos::bloqueNuevo/$1')
 3 SYSTEMPATH/Router/RouteCollection.php(799): CodeIgniter\Router\RouteCollection::{closure}(Object(CodeIgniter\Router\RouteCollection))
 4 APPPATH/Config/Routes.php(144): CodeIgniter\Router\RouteCollection->group('gimnasio', [...], Object(Closure))
 5 SYSTEMPATH/Router/RouteCollection.php(339): require('/Applications/ServBay/www/trackbitos/app/Config/Routes.php')
 6 SYSTEMPATH/CodeIgniter.php(821): CodeIgniter\Router\RouteCollection->loadRoutes()
 7 SYSTEMPATH/CodeIgniter.php(455): CodeIgniter\CodeIgniter->tryToRouteIt(null)
 8 SYSTEMPATH/CodeIgniter.php(354): CodeIgniter\CodeIgniter->handleRequest(null, Object(Config\Cache), false)
 9 SYSTEMPATH/Boot.php(363): CodeIgniter\CodeIgniter->run()
10 SYSTEMPATH/Boot.php(68): CodeIgniter\Boot::runCodeIgniter(Object(CodeIgniter\CodeIgniter))
11 FCPATH/index.php(59): CodeIgniter\Boot::bootWeb(Object(Config\Paths))
WARNING - 2025-09-05 06:22:05 --> [DEPRECATED] Passing lowercase HTTP method "get" is deprecated. Use uppercase HTTP method like "GET". in SYSTEMPATH/Router/RouteCollection.php on line 1026.
 1 SYSTEMPATH/Router/RouteCollection.php(1026): trigger_error('Passing lowercase HTTP method "get" is deprecated. Use uppercase HTTP method like "GET".', 16384)
 2 APPPATH/Config/Routes.php(150): CodeIgniter\Router\RouteCollection->match([...], 'mesociclos/(:num)/asignar/(:num)', 'GimnasioMesociclos::asignar/$1/$2')
 3 SYSTEMPATH/Router/RouteCollection.php(799): CodeIgniter\Router\RouteCollection::{closure}(Object(CodeIgniter\Router\RouteCollection))
 4 APPPATH/Config/Routes.php(144): CodeIgniter\Router\RouteCollection->group('gimnasio', [...], Object(Closure))
 5 SYSTEMPATH/Router/RouteCollection.php(339): require('/Applications/ServBay/www/trackbitos/app/Config/Routes.php')
 6 SYSTEMPATH/CodeIgniter.php(821): CodeIgniter\Router\RouteCollection->loadRoutes()
 7 SYSTEMPATH/CodeIgniter.php(455): CodeIgniter\CodeIgniter->tryToRouteIt(null)
 8 SYSTEMPATH/CodeIgniter.php(354): CodeIgniter\CodeIgniter->handleRequest(null, Object(Config\Cache), false)
 9 SYSTEMPATH/Boot.php(363): CodeIgniter\CodeIgniter->run()
10 SYSTEMPATH/Boot.php(68): CodeIgniter\Boot::runCodeIgniter(Object(CodeIgniter\CodeIgniter))
11 FCPATH/index.php(59): CodeIgniter\Boot::bootWeb(Object(Config\Paths))
WARNING - 2025-09-05 06:22:05 --> [DEPRECATED] Passing lowercase HTTP method "post" is deprecated. Use uppercase HTTP method like "POST". in SYSTEMPATH/Router/RouteCollection.php on line 1026.
 1 SYSTEMPATH/Router/RouteCollection.php(1026): trigger_error('Passing lowercase HTTP method "post" is deprecated. Use uppercase HTTP method like "POST".', 16384)
 2 APPPATH/Config/Routes.php(150): CodeIgniter\Router\RouteCollection->match([...], 'mesociclos/(:num)/asignar/(:num)', 'GimnasioMesociclos::asignar/$1/$2')
 3 SYSTEMPATH/Router/RouteCollection.php(799): CodeIgniter\Router\RouteCollection::{closure}(Object(CodeIgniter\Router\RouteCollection))
 4 APPPATH/Config/Routes.php(144): CodeIgniter\Router\RouteCollection->group('gimnasio', [...], Object(Closure))
 5 SYSTEMPATH/Router/RouteCollection.php(339): require('/Applications/ServBay/www/trackbitos/app/Config/Routes.php')
 6 SYSTEMPATH/CodeIgniter.php(821): CodeIgniter\Router\RouteCollection->loadRoutes()
 7 SYSTEMPATH/CodeIgniter.php(455): CodeIgniter\CodeIgniter->tryToRouteIt(null)
 8 SYSTEMPATH/CodeIgniter.php(354): CodeIgniter\CodeIgniter->handleRequest(null, Object(Config\Cache), false)
 9 SYSTEMPATH/Boot.php(363): CodeIgniter\CodeIgniter->run()
10 SYSTEMPATH/Boot.php(68): CodeIgniter\Boot::runCodeIgniter(Object(CodeIgniter\CodeIgniter))
11 FCPATH/index.php(59): CodeIgniter\Boot::bootWeb(Object(Config\Paths))
WARNING - 2025-09-05 06:22:05 --> [DEPRECATED] Passing lowercase HTTP method "get" is deprecated. Use uppercase HTTP method like "GET". in SYSTEMPATH/Router/RouteCollection.php on line 1026.
 1 SYSTEMPATH/Router/RouteCollection.php(1026): trigger_error('Passing lowercase HTTP method "get" is deprecated. Use uppercase HTTP method like "GET".', 16384)
 2 APPPATH/Config/Routes.php(153): CodeIgniter\Router\RouteCollection->match([...], 'mesociclos/(:num)/generar', 'GimnasioMesociclos::generar/$1')
 3 SYSTEMPATH/Router/RouteCollection.php(799): CodeIgniter\Router\RouteCollection::{closure}(Object(CodeIgniter\Router\RouteCollection))
 4 APPPATH/Config/Routes.php(144): CodeIgniter\Router\RouteCollection->group('gimnasio', [...], Object(Closure))
 5 SYSTEMPATH/Router/RouteCollection.php(339): require('/Applications/ServBay/www/trackbitos/app/Config/Routes.php')
 6 SYSTEMPATH/CodeIgniter.php(821): CodeIgniter\Router\RouteCollection->loadRoutes()
 7 SYSTEMPATH/CodeIgniter.php(455): CodeIgniter\CodeIgniter->tryToRouteIt(null)
 8 SYSTEMPATH/CodeIgniter.php(354): CodeIgniter\CodeIgniter->handleRequest(null, Object(Config\Cache), false)
 9 SYSTEMPATH/Boot.php(363): CodeIgniter\CodeIgniter->run()
10 SYSTEMPATH/Boot.php(68): CodeIgniter\Boot::runCodeIgniter(Object(CodeIgniter\CodeIgniter))
11 FCPATH/index.php(59): CodeIgniter\Boot::bootWeb(Object(Config\Paths))
WARNING - 2025-09-05 06:22:05 --> [DEPRECATED] Passing lowercase HTTP method "post" is deprecated. Use uppercase HTTP method like "POST". in SYSTEMPATH/Router/RouteCollection.php on line 1026.
 1 SYSTEMPATH/Router/RouteCollection.php(1026): trigger_error('Passing lowercase HTTP method "post" is deprecated. Use uppercase HTTP method like "POST".', 16384)
 2 APPPATH/Config/Routes.php(153): CodeIgniter\Router\RouteCollection->match([...], 'mesociclos/(:num)/generar', 'GimnasioMesociclos::generar/$1')
 3 SYSTEMPATH/Router/RouteCollection.php(799): CodeIgniter\Router\RouteCollection::{closure}(Object(CodeIgniter\Router\RouteCollection))
 4 APPPATH/Config/Routes.php(144): CodeIgniter\Router\RouteCollection->group('gimnasio', [...], Object(Closure))
 5 SYSTEMPATH/Router/RouteCollection.php(339): require('/Applications/ServBay/www/trackbitos/app/Config/Routes.php')
 6 SYSTEMPATH/CodeIgniter.php(821): CodeIgniter\Router\RouteCollection->loadRoutes()
 7 SYSTEMPATH/CodeIgniter.php(455): CodeIgniter\CodeIgniter->tryToRouteIt(null)
 8 SYSTEMPATH/CodeIgniter.php(354): CodeIgniter\CodeIgniter->handleRequest(null, Object(Config\Cache), false)
 9 SYSTEMPATH/Boot.php(363): CodeIgniter\CodeIgniter->run()
10 SYSTEMPATH/Boot.php(68): CodeIgniter\Boot::runCodeIgniter(Object(CodeIgniter\CodeIgniter))
11 FCPATH/index.php(59): CodeIgniter\Boot::bootWeb(Object(Config\Paths))
WARNING - 2025-09-05 06:22:05 --> [DEPRECATED] Passing lowercase HTTP method "get" is deprecated. Use uppercase HTTP method like "GET". in SYSTEMPATH/Router/RouteCollection.php on line 1026.
 1 SYSTEMPATH/Router/RouteCollection.php(1026): trigger_error('Passing lowercase HTTP method "get" is deprecated. Use uppercase HTTP method like "GET".', 16384)
 2 APPPATH/Config/Routes.php(161): CodeIgniter\Router\RouteCollection->match([...], 'mesociclos/(:num)/generar/bilbo', 'GimnasioMesociclos::generarBilbo/$1')
 3 SYSTEMPATH/Router/RouteCollection.php(799): CodeIgniter\Router\RouteCollection::{closure}(Object(CodeIgniter\Router\RouteCollection))
 4 APPPATH/Config/Routes.php(144): CodeIgniter\Router\RouteCollection->group('gimnasio', [...], Object(Closure))
 5 SYSTEMPATH/Router/RouteCollection.php(339): require('/Applications/ServBay/www/trackbitos/app/Config/Routes.php')
 6 SYSTEMPATH/CodeIgniter.php(821): CodeIgniter\Router\RouteCollection->loadRoutes()
 7 SYSTEMPATH/CodeIgniter.php(455): CodeIgniter\CodeIgniter->tryToRouteIt(null)
 8 SYSTEMPATH/CodeIgniter.php(354): CodeIgniter\CodeIgniter->handleRequest(null, Object(Config\Cache), false)
 9 SYSTEMPATH/Boot.php(363): CodeIgniter\CodeIgniter->run()
10 SYSTEMPATH/Boot.php(68): CodeIgniter\Boot::runCodeIgniter(Object(CodeIgniter\CodeIgniter))
11 FCPATH/index.php(59): CodeIgniter\Boot::bootWeb(Object(Config\Paths))
WARNING - 2025-09-05 06:22:05 --> [DEPRECATED] Passing lowercase HTTP method "post" is deprecated. Use uppercase HTTP method like "POST". in SYSTEMPATH/Router/RouteCollection.php on line 1026.
 1 SYSTEMPATH/Router/RouteCollection.php(1026): trigger_error('Passing lowercase HTTP method "post" is deprecated. Use uppercase HTTP method like "POST".', 16384)
 2 APPPATH/Config/Routes.php(161): CodeIgniter\Router\RouteCollection->match([...], 'mesociclos/(:num)/generar/bilbo', 'GimnasioMesociclos::generarBilbo/$1')
 3 SYSTEMPATH/Router/RouteCollection.php(799): CodeIgniter\Router\RouteCollection::{closure}(Object(CodeIgniter\Router\RouteCollection))
 4 APPPATH/Config/Routes.php(144): CodeIgniter\Router\RouteCollection->group('gimnasio', [...], Object(Closure))
 5 SYSTEMPATH/Router/RouteCollection.php(339): require('/Applications/ServBay/www/trackbitos/app/Config/Routes.php')
 6 SYSTEMPATH/CodeIgniter.php(821): CodeIgniter\Router\RouteCollection->loadRoutes()
 7 SYSTEMPATH/CodeIgniter.php(455): CodeIgniter\CodeIgniter->tryToRouteIt(null)
 8 SYSTEMPATH/CodeIgniter.php(354): CodeIgniter\CodeIgniter->handleRequest(null, Object(Config\Cache), false)
 9 SYSTEMPATH/Boot.php(363): CodeIgniter\CodeIgniter->run()
10 SYSTEMPATH/Boot.php(68): CodeIgniter\Boot::runCodeIgniter(Object(CodeIgniter\CodeIgniter))
11 FCPATH/index.php(59): CodeIgniter\Boot::bootWeb(Object(Config\Paths))
WARNING - 2025-09-05 06:22:05 --> [DEPRECATED] Passing lowercase HTTP method "get" is deprecated. Use uppercase HTTP method like "GET". in SYSTEMPATH/Router/RouteCollection.php on line 1026.
 1 SYSTEMPATH/Router/RouteCollection.php(1026): trigger_error('Passing lowercase HTTP method "get" is deprecated. Use uppercase HTTP method like "GET".', 16384)
 2 APPPATH/Config/Routes.php(261): CodeIgniter\Router\RouteCollection->match([...], 'crear', 'Youtube::crearLista')
 3 SYSTEMPATH/Router/RouteCollection.php(799): CodeIgniter\Router\RouteCollection::{closure}(Object(CodeIgniter\Router\RouteCollection))
 4 APPPATH/Config/Routes.php(259): CodeIgniter\Router\RouteCollection->group('youtube', [...], Object(Closure))
 5 SYSTEMPATH/Router/RouteCollection.php(339): require('/Applications/ServBay/www/trackbitos/app/Config/Routes.php')
 6 SYSTEMPATH/CodeIgniter.php(821): CodeIgniter\Router\RouteCollection->loadRoutes()
 7 SYSTEMPATH/CodeIgniter.php(455): CodeIgniter\CodeIgniter->tryToRouteIt(null)
 8 SYSTEMPATH/CodeIgniter.php(354): CodeIgniter\CodeIgniter->handleRequest(null, Object(Config\Cache), false)
 9 SYSTEMPATH/Boot.php(363): CodeIgniter\CodeIgniter->run()
10 SYSTEMPATH/Boot.php(68): CodeIgniter\Boot::runCodeIgniter(Object(CodeIgniter\CodeIgniter))
11 FCPATH/index.php(59): CodeIgniter\Boot::bootWeb(Object(Config\Paths))
WARNING - 2025-09-05 06:22:05 --> [DEPRECATED] Passing lowercase HTTP method "post" is deprecated. Use uppercase HTTP method like "POST". in SYSTEMPATH/Router/RouteCollection.php on line 1026.
 1 SYSTEMPATH/Router/RouteCollection.php(1026): trigger_error('Passing lowercase HTTP method "post" is deprecated. Use uppercase HTTP method like "POST".', 16384)
 2 APPPATH/Config/Routes.php(261): CodeIgniter\Router\RouteCollection->match([...], 'crear', 'Youtube::crearLista')
 3 SYSTEMPATH/Router/RouteCollection.php(799): CodeIgniter\Router\RouteCollection::{closure}(Object(CodeIgniter\Router\RouteCollection))
 4 APPPATH/Config/Routes.php(259): CodeIgniter\Router\RouteCollection->group('youtube', [...], Object(Closure))
 5 SYSTEMPATH/Router/RouteCollection.php(339): require('/Applications/ServBay/www/trackbitos/app/Config/Routes.php')
 6 SYSTEMPATH/CodeIgniter.php(821): CodeIgniter\Router\RouteCollection->loadRoutes()
 7 SYSTEMPATH/CodeIgniter.php(455): CodeIgniter\CodeIgniter->tryToRouteIt(null)
 8 SYSTEMPATH/CodeIgniter.php(354): CodeIgniter\CodeIgniter->handleRequest(null, Object(Config\Cache), false)
 9 SYSTEMPATH/Boot.php(363): CodeIgniter\CodeIgniter->run()
10 SYSTEMPATH/Boot.php(68): CodeIgniter\Boot::runCodeIgniter(Object(CodeIgniter\CodeIgniter))
11 FCPATH/index.php(59): CodeIgniter\Boot::bootWeb(Object(Config\Paths))
DEBUG - 2025-09-05 06:22:05 --> Session: Class initialized using 'CodeIgniter\Session\Handlers\FileHandler' driver.
WARNING - 2025-09-05 06:22:23 --> [DEPRECATED] Passing lowercase HTTP method "get" is deprecated. Use uppercase HTTP method like "GET". in SYSTEMPATH/Router/RouteCollection.php on line 1026.
 1 SYSTEMPATH/Router/RouteCollection.php(1026): trigger_error('Passing lowercase HTTP method "get" is deprecated. Use uppercase HTTP method like "GET".', 16384)
 2 APPPATH/Config/Routes.php(146): CodeIgniter\Router\RouteCollection->match([...], 'mesociclos/nuevo', 'GimnasioMesociclos::nuevo')
 3 SYSTEMPATH/Router/RouteCollection.php(799): CodeIgniter\Router\RouteCollection::{closure}(Object(CodeIgniter\Router\RouteCollection))
 4 APPPATH/Config/Routes.php(144): CodeIgniter\Router\RouteCollection->group('gimnasio', [...], Object(Closure))
 5 SYSTEMPATH/Router/RouteCollection.php(339): require('/Applications/ServBay/www/trackbitos/app/Config/Routes.php')
 6 SYSTEMPATH/CodeIgniter.php(821): CodeIgniter\Router\RouteCollection->loadRoutes()
 7 SYSTEMPATH/CodeIgniter.php(455): CodeIgniter\CodeIgniter->tryToRouteIt(null)
 8 SYSTEMPATH/CodeIgniter.php(354): CodeIgniter\CodeIgniter->handleRequest(null, Object(Config\Cache), false)
 9 SYSTEMPATH/Boot.php(363): CodeIgniter\CodeIgniter->run()
10 SYSTEMPATH/Boot.php(68): CodeIgniter\Boot::runCodeIgniter(Object(CodeIgniter\CodeIgniter))
11 FCPATH/index.php(59): CodeIgniter\Boot::bootWeb(Object(Config\Paths))
WARNING - 2025-09-05 06:22:23 --> [DEPRECATED] Passing lowercase HTTP method "post" is deprecated. Use uppercase HTTP method like "POST". in SYSTEMPATH/Router/RouteCollection.php on line 1026.
 1 SYSTEMPATH/Router/RouteCollection.php(1026): trigger_error('Passing lowercase HTTP method "post" is deprecated. Use uppercase HTTP method like "POST".', 16384)
 2 APPPATH/Config/Routes.php(146): CodeIgniter\Router\RouteCollection->match([...], 'mesociclos/nuevo', 'GimnasioMesociclos::nuevo')
 3 SYSTEMPATH/Router/RouteCollection.php(799): CodeIgniter\Router\RouteCollection::{closure}(Object(CodeIgniter\Router\RouteCollection))
 4 APPPATH/Config/Routes.php(144): CodeIgniter\Router\RouteCollection->group('gimnasio', [...], Object(Closure))
 5 SYSTEMPATH/Router/RouteCollection.php(339): require('/Applications/ServBay/www/trackbitos/app/Config/Routes.php')
 6 SYSTEMPATH/CodeIgniter.php(821): CodeIgniter\Router\RouteCollection->loadRoutes()
 7 SYSTEMPATH/CodeIgniter.php(455): CodeIgniter\CodeIgniter->tryToRouteIt(null)
 8 SYSTEMPATH/CodeIgniter.php(354): CodeIgniter\CodeIgniter->handleRequest(null, Object(Config\Cache), false)
 9 SYSTEMPATH/Boot.php(363): CodeIgniter\CodeIgniter->run()
10 SYSTEMPATH/Boot.php(68): CodeIgniter\Boot::runCodeIgniter(Object(CodeIgniter\CodeIgniter))
11 FCPATH/index.php(59): CodeIgniter\Boot::bootWeb(Object(Config\Paths))
WARNING - 2025-09-05 06:22:23 --> [DEPRECATED] Passing lowercase HTTP method "get" is deprecated. Use uppercase HTTP method like "GET". in SYSTEMPATH/Router/RouteCollection.php on line 1026.
 1 SYSTEMPATH/Router/RouteCollection.php(1026): trigger_error('Passing lowercase HTTP method "get" is deprecated. Use uppercase HTTP method like "GET".', 16384)
 2 APPPATH/Config/Routes.php(148): CodeIgniter\Router\RouteCollection->match([...], 'mesociclos/(:num)/bloque/nuevo', 'GimnasioMesociclos::bloqueNuevo/$1')
 3 SYSTEMPATH/Router/RouteCollection.php(799): CodeIgniter\Router\RouteCollection::{closure}(Object(CodeIgniter\Router\RouteCollection))
 4 APPPATH/Config/Routes.php(144): CodeIgniter\Router\RouteCollection->group('gimnasio', [...], Object(Closure))
 5 SYSTEMPATH/Router/RouteCollection.php(339): require('/Applications/ServBay/www/trackbitos/app/Config/Routes.php')
 6 SYSTEMPATH/CodeIgniter.php(821): CodeIgniter\Router\RouteCollection->loadRoutes()
 7 SYSTEMPATH/CodeIgniter.php(455): CodeIgniter\CodeIgniter->tryToRouteIt(null)
 8 SYSTEMPATH/CodeIgniter.php(354): CodeIgniter\CodeIgniter->handleRequest(null, Object(Config\Cache), false)
 9 SYSTEMPATH/Boot.php(363): CodeIgniter\CodeIgniter->run()
10 SYSTEMPATH/Boot.php(68): CodeIgniter\Boot::runCodeIgniter(Object(CodeIgniter\CodeIgniter))
11 FCPATH/index.php(59): CodeIgniter\Boot::bootWeb(Object(Config\Paths))
WARNING - 2025-09-05 06:22:23 --> [DEPRECATED] Passing lowercase HTTP method "post" is deprecated. Use uppercase HTTP method like "POST". in SYSTEMPATH/Router/RouteCollection.php on line 1026.
 1 SYSTEMPATH/Router/RouteCollection.php(1026): trigger_error('Passing lowercase HTTP method "post" is deprecated. Use uppercase HTTP method like "POST".', 16384)
 2 APPPATH/Config/Routes.php(148): CodeIgniter\Router\RouteCollection->match([...], 'mesociclos/(:num)/bloque/nuevo', 'GimnasioMesociclos::bloqueNuevo/$1')
 3 SYSTEMPATH/Router/RouteCollection.php(799): CodeIgniter\Router\RouteCollection::{closure}(Object(CodeIgniter\Router\RouteCollection))
 4 APPPATH/Config/Routes.php(144): CodeIgniter\Router\RouteCollection->group('gimnasio', [...], Object(Closure))
 5 SYSTEMPATH/Router/RouteCollection.php(339): require('/Applications/ServBay/www/trackbitos/app/Config/Routes.php')
 6 SYSTEMPATH/CodeIgniter.php(821): CodeIgniter\Router\RouteCollection->loadRoutes()
 7 SYSTEMPATH/CodeIgniter.php(455): CodeIgniter\CodeIgniter->tryToRouteIt(null)
 8 SYSTEMPATH/CodeIgniter.php(354): CodeIgniter\CodeIgniter->handleRequest(null, Object(Config\Cache), false)
 9 SYSTEMPATH/Boot.php(363): CodeIgniter\CodeIgniter->run()
10 SYSTEMPATH/Boot.php(68): CodeIgniter\Boot::runCodeIgniter(Object(CodeIgniter\CodeIgniter))
11 FCPATH/index.php(59): CodeIgniter\Boot::bootWeb(Object(Config\Paths))
WARNING - 2025-09-05 06:22:23 --> [DEPRECATED] Passing lowercase HTTP method "get" is deprecated. Use uppercase HTTP method like "GET". in SYSTEMPATH/Router/RouteCollection.php on line 1026.
 1 SYSTEMPATH/Router/RouteCollection.php(1026): trigger_error('Passing lowercase HTTP method "get" is deprecated. Use uppercase HTTP method like "GET".', 16384)
 2 APPPATH/Config/Routes.php(150): CodeIgniter\Router\RouteCollection->match([...], 'mesociclos/(:num)/asignar/(:num)', 'GimnasioMesociclos::asignar/$1/$2')
 3 SYSTEMPATH/Router/RouteCollection.php(799): CodeIgniter\Router\RouteCollection::{closure}(Object(CodeIgniter\Router\RouteCollection))
 4 APPPATH/Config/Routes.php(144): CodeIgniter\Router\RouteCollection->group('gimnasio', [...], Object(Closure))
 5 SYSTEMPATH/Router/RouteCollection.php(339): require('/Applications/ServBay/www/trackbitos/app/Config/Routes.php')
 6 SYSTEMPATH/CodeIgniter.php(821): CodeIgniter\Router\RouteCollection->loadRoutes()
 7 SYSTEMPATH/CodeIgniter.php(455): CodeIgniter\CodeIgniter->tryToRouteIt(null)
 8 SYSTEMPATH/CodeIgniter.php(354): CodeIgniter\CodeIgniter->handleRequest(null, Object(Config\Cache), false)
 9 SYSTEMPATH/Boot.php(363): CodeIgniter\CodeIgniter->run()
10 SYSTEMPATH/Boot.php(68): CodeIgniter\Boot::runCodeIgniter(Object(CodeIgniter\CodeIgniter))
11 FCPATH/index.php(59): CodeIgniter\Boot::bootWeb(Object(Config\Paths))
WARNING - 2025-09-05 06:22:23 --> [DEPRECATED] Passing lowercase HTTP method "post" is deprecated. Use uppercase HTTP method like "POST". in SYSTEMPATH/Router/RouteCollection.php on line 1026.
 1 SYSTEMPATH/Router/RouteCollection.php(1026): trigger_error('Passing lowercase HTTP method "post" is deprecated. Use uppercase HTTP method like "POST".', 16384)
 2 APPPATH/Config/Routes.php(150): CodeIgniter\Router\RouteCollection->match([...], 'mesociclos/(:num)/asignar/(:num)', 'GimnasioMesociclos::asignar/$1/$2')
 3 SYSTEMPATH/Router/RouteCollection.php(799): CodeIgniter\Router\RouteCollection::{closure}(Object(CodeIgniter\Router\RouteCollection))
 4 APPPATH/Config/Routes.php(144): CodeIgniter\Router\RouteCollection->group('gimnasio', [...], Object(Closure))
 5 SYSTEMPATH/Router/RouteCollection.php(339): require('/Applications/ServBay/www/trackbitos/app/Config/Routes.php')
 6 SYSTEMPATH/CodeIgniter.php(821): CodeIgniter\Router\RouteCollection->loadRoutes()
 7 SYSTEMPATH/CodeIgniter.php(455): CodeIgniter\CodeIgniter->tryToRouteIt(null)
 8 SYSTEMPATH/CodeIgniter.php(354): CodeIgniter\CodeIgniter->handleRequest(null, Object(Config\Cache), false)
 9 SYSTEMPATH/Boot.php(363): CodeIgniter\CodeIgniter->run()
10 SYSTEMPATH/Boot.php(68): CodeIgniter\Boot::runCodeIgniter(Object(CodeIgniter\CodeIgniter))
11 FCPATH/index.php(59): CodeIgniter\Boot::bootWeb(Object(Config\Paths))
WARNING - 2025-09-05 06:22:23 --> [DEPRECATED] Passing lowercase HTTP method "get" is deprecated. Use uppercase HTTP method like "GET". in SYSTEMPATH/Router/RouteCollection.php on line 1026.
 1 SYSTEMPATH/Router/RouteCollection.php(1026): trigger_error('Passing lowercase HTTP method "get" is deprecated. Use uppercase HTTP method like "GET".', 16384)
 2 APPPATH/Config/Routes.php(153): CodeIgniter\Router\RouteCollection->match([...], 'mesociclos/(:num)/generar', 'GimnasioMesociclos::generar/$1')
 3 SYSTEMPATH/Router/RouteCollection.php(799): CodeIgniter\Router\RouteCollection::{closure}(Object(CodeIgniter\Router\RouteCollection))
 4 APPPATH/Config/Routes.php(144): CodeIgniter\Router\RouteCollection->group('gimnasio', [...], Object(Closure))
 5 SYSTEMPATH/Router/RouteCollection.php(339): require('/Applications/ServBay/www/trackbitos/app/Config/Routes.php')
 6 SYSTEMPATH/CodeIgniter.php(821): CodeIgniter\Router\RouteCollection->loadRoutes()
 7 SYSTEMPATH/CodeIgniter.php(455): CodeIgniter\CodeIgniter->tryToRouteIt(null)
 8 SYSTEMPATH/CodeIgniter.php(354): CodeIgniter\CodeIgniter->handleRequest(null, Object(Config\Cache), false)
 9 SYSTEMPATH/Boot.php(363): CodeIgniter\CodeIgniter->run()
10 SYSTEMPATH/Boot.php(68): CodeIgniter\Boot::runCodeIgniter(Object(CodeIgniter\CodeIgniter))
11 FCPATH/index.php(59): CodeIgniter\Boot::bootWeb(Object(Config\Paths))
WARNING - 2025-09-05 06:22:23 --> [DEPRECATED] Passing lowercase HTTP method "post" is deprecated. Use uppercase HTTP method like "POST". in SYSTEMPATH/Router/RouteCollection.php on line 1026.
 1 SYSTEMPATH/Router/RouteCollection.php(1026): trigger_error('Passing lowercase HTTP method "post" is deprecated. Use uppercase HTTP method like "POST".', 16384)
 2 APPPATH/Config/Routes.php(153): CodeIgniter\Router\RouteCollection->match([...], 'mesociclos/(:num)/generar', 'GimnasioMesociclos::generar/$1')
 3 SYSTEMPATH/Router/RouteCollection.php(799): CodeIgniter\Router\RouteCollection::{closure}(Object(CodeIgniter\Router\RouteCollection))
 4 APPPATH/Config/Routes.php(144): CodeIgniter\Router\RouteCollection->group('gimnasio', [...], Object(Closure))
 5 SYSTEMPATH/Router/RouteCollection.php(339): require('/Applications/ServBay/www/trackbitos/app/Config/Routes.php')
 6 SYSTEMPATH/CodeIgniter.php(821): CodeIgniter\Router\RouteCollection->loadRoutes()
 7 SYSTEMPATH/CodeIgniter.php(455): CodeIgniter\CodeIgniter->tryToRouteIt(null)
 8 SYSTEMPATH/CodeIgniter.php(354): CodeIgniter\CodeIgniter->handleRequest(null, Object(Config\Cache), false)
 9 SYSTEMPATH/Boot.php(363): CodeIgniter\CodeIgniter->run()
10 SYSTEMPATH/Boot.php(68): CodeIgniter\Boot::runCodeIgniter(Object(CodeIgniter\CodeIgniter))
11 FCPATH/index.php(59): CodeIgniter\Boot::bootWeb(Object(Config\Paths))
WARNING - 2025-09-05 06:22:23 --> [DEPRECATED] Passing lowercase HTTP method "get" is deprecated. Use uppercase HTTP method like "GET". in SYSTEMPATH/Router/RouteCollection.php on line 1026.
 1 SYSTEMPATH/Router/RouteCollection.php(1026): trigger_error('Passing lowercase HTTP method "get" is deprecated. Use uppercase HTTP method like "GET".', 16384)
 2 APPPATH/Config/Routes.php(161): CodeIgniter\Router\RouteCollection->match([...], 'mesociclos/(:num)/generar/bilbo', 'GimnasioMesociclos::generarBilbo/$1')
 3 SYSTEMPATH/Router/RouteCollection.php(799): CodeIgniter\Router\RouteCollection::{closure}(Object(CodeIgniter\Router\RouteCollection))
 4 APPPATH/Config/Routes.php(144): CodeIgniter\Router\RouteCollection->group('gimnasio', [...], Object(Closure))
 5 SYSTEMPATH/Router/RouteCollection.php(339): require('/Applications/ServBay/www/trackbitos/app/Config/Routes.php')
 6 SYSTEMPATH/CodeIgniter.php(821): CodeIgniter\Router\RouteCollection->loadRoutes()
 7 SYSTEMPATH/CodeIgniter.php(455): CodeIgniter\CodeIgniter->tryToRouteIt(null)
 8 SYSTEMPATH/CodeIgniter.php(354): CodeIgniter\CodeIgniter->handleRequest(null, Object(Config\Cache), false)
 9 SYSTEMPATH/Boot.php(363): CodeIgniter\CodeIgniter->run()
10 SYSTEMPATH/Boot.php(68): CodeIgniter\Boot::runCodeIgniter(Object(CodeIgniter\CodeIgniter))
11 FCPATH/index.php(59): CodeIgniter\Boot::bootWeb(Object(Config\Paths))
WARNING - 2025-09-05 06:22:23 --> [DEPRECATED] Passing lowercase HTTP method "post" is deprecated. Use uppercase HTTP method like "POST". in SYSTEMPATH/Router/RouteCollection.php on line 1026.
 1 SYSTEMPATH/Router/RouteCollection.php(1026): trigger_error('Passing lowercase HTTP method "post" is deprecated. Use uppercase HTTP method like "POST".', 16384)
 2 APPPATH/Config/Routes.php(161): CodeIgniter\Router\RouteCollection->match([...], 'mesociclos/(:num)/generar/bilbo', 'GimnasioMesociclos::generarBilbo/$1')
 3 SYSTEMPATH/Router/RouteCollection.php(799): CodeIgniter\Router\RouteCollection::{closure}(Object(CodeIgniter\Router\RouteCollection))
 4 APPPATH/Config/Routes.php(144): CodeIgniter\Router\RouteCollection->group('gimnasio', [...], Object(Closure))
 5 SYSTEMPATH/Router/RouteCollection.php(339): require('/Applications/ServBay/www/trackbitos/app/Config/Routes.php')
 6 SYSTEMPATH/CodeIgniter.php(821): CodeIgniter\Router\RouteCollection->loadRoutes()
 7 SYSTEMPATH/CodeIgniter.php(455): CodeIgniter\CodeIgniter->tryToRouteIt(null)
 8 SYSTEMPATH/CodeIgniter.php(354): CodeIgniter\CodeIgniter->handleRequest(null, Object(Config\Cache), false)
 9 SYSTEMPATH/Boot.php(363): CodeIgniter\CodeIgniter->run()
10 SYSTEMPATH/Boot.php(68): CodeIgniter\Boot::runCodeIgniter(Object(CodeIgniter\CodeIgniter))
11 FCPATH/index.php(59): CodeIgniter\Boot::bootWeb(Object(Config\Paths))
WARNING - 2025-09-05 06:22:23 --> [DEPRECATED] Passing lowercase HTTP method "get" is deprecated. Use uppercase HTTP method like "GET". in SYSTEMPATH/Router/RouteCollection.php on line 1026.
 1 SYSTEMPATH/Router/RouteCollection.php(1026): trigger_error('Passing lowercase HTTP method "get" is deprecated. Use uppercase HTTP method like "GET".', 16384)
 2 APPPATH/Config/Routes.php(261): CodeIgniter\Router\RouteCollection->match([...], 'crear', 'Youtube::crearLista')
 3 SYSTEMPATH/Router/RouteCollection.php(799): CodeIgniter\Router\RouteCollection::{closure}(Object(CodeIgniter\Router\RouteCollection))
 4 APPPATH/Config/Routes.php(259): CodeIgniter\Router\RouteCollection->group('youtube', [...], Object(Closure))
 5 SYSTEMPATH/Router/RouteCollection.php(339): require('/Applications/ServBay/www/trackbitos/app/Config/Routes.php')
 6 SYSTEMPATH/CodeIgniter.php(821): CodeIgniter\Router\RouteCollection->loadRoutes()
 7 SYSTEMPATH/CodeIgniter.php(455): CodeIgniter\CodeIgniter->tryToRouteIt(null)
 8 SYSTEMPATH/CodeIgniter.php(354): CodeIgniter\CodeIgniter->handleRequest(null, Object(Config\Cache), false)
 9 SYSTEMPATH/Boot.php(363): CodeIgniter\CodeIgniter->run()
10 SYSTEMPATH/Boot.php(68): CodeIgniter\Boot::runCodeIgniter(Object(CodeIgniter\CodeIgniter))
11 FCPATH/index.php(59): CodeIgniter\Boot::bootWeb(Object(Config\Paths))
WARNING - 2025-09-05 06:22:23 --> [DEPRECATED] Passing lowercase HTTP method "post" is deprecated. Use uppercase HTTP method like "POST". in SYSTEMPATH/Router/RouteCollection.php on line 1026.
 1 SYSTEMPATH/Router/RouteCollection.php(1026): trigger_error('Passing lowercase HTTP method "post" is deprecated. Use uppercase HTTP method like "POST".', 16384)
 2 APPPATH/Config/Routes.php(261): CodeIgniter\Router\RouteCollection->match([...], 'crear', 'Youtube::crearLista')
 3 SYSTEMPATH/Router/RouteCollection.php(799): CodeIgniter\Router\RouteCollection::{closure}(Object(CodeIgniter\Router\RouteCollection))
 4 APPPATH/Config/Routes.php(259): CodeIgniter\Router\RouteCollection->group('youtube', [...], Object(Closure))
 5 SYSTEMPATH/Router/RouteCollection.php(339): require('/Applications/ServBay/www/trackbitos/app/Config/Routes.php')
 6 SYSTEMPATH/CodeIgniter.php(821): CodeIgniter\Router\RouteCollection->loadRoutes()
 7 SYSTEMPATH/CodeIgniter.php(455): CodeIgniter\CodeIgniter->tryToRouteIt(null)
 8 SYSTEMPATH/CodeIgniter.php(354): CodeIgniter\CodeIgniter->handleRequest(null, Object(Config\Cache), false)
 9 SYSTEMPATH/Boot.php(363): CodeIgniter\CodeIgniter->run()
10 SYSTEMPATH/Boot.php(68): CodeIgniter\Boot::runCodeIgniter(Object(CodeIgniter\CodeIgniter))
11 FCPATH/index.php(59): CodeIgniter\Boot::bootWeb(Object(Config\Paths))
DEBUG - 2025-09-05 06:22:23 --> Session: Class initialized using 'CodeIgniter\Session\Handlers\FileHandler' driver.
WARNING - 2025-09-05 06:25:01 --> [DEPRECATED] Passing lowercase HTTP method "get" is deprecated. Use uppercase HTTP method like "GET". in SYSTEMPATH/Router/RouteCollection.php on line 1026.
 1 SYSTEMPATH/Router/RouteCollection.php(1026): trigger_error('Passing lowercase HTTP method "get" is deprecated. Use uppercase HTTP method like "GET".', 16384)
 2 APPPATH/Config/Routes.php(146): CodeIgniter\Router\RouteCollection->match([...], 'mesociclos/nuevo', 'GimnasioMesociclos::nuevo')
 3 SYSTEMPATH/Router/RouteCollection.php(799): CodeIgniter\Router\RouteCollection::{closure}(Object(CodeIgniter\Router\RouteCollection))
 4 APPPATH/Config/Routes.php(144): CodeIgniter\Router\RouteCollection->group('gimnasio', [...], Object(Closure))
 5 SYSTEMPATH/Router/RouteCollection.php(339): require('/Applications/ServBay/www/trackbitos/app/Config/Routes.php')
 6 SYSTEMPATH/CodeIgniter.php(821): CodeIgniter\Router\RouteCollection->loadRoutes()
 7 SYSTEMPATH/CodeIgniter.php(455): CodeIgniter\CodeIgniter->tryToRouteIt(null)
 8 SYSTEMPATH/CodeIgniter.php(354): CodeIgniter\CodeIgniter->handleRequest(null, Object(Config\Cache), false)
 9 SYSTEMPATH/Boot.php(363): CodeIgniter\CodeIgniter->run()
10 SYSTEMPATH/Boot.php(68): CodeIgniter\Boot::runCodeIgniter(Object(CodeIgniter\CodeIgniter))
11 FCPATH/index.php(59): CodeIgniter\Boot::bootWeb(Object(Config\Paths))
WARNING - 2025-09-05 06:25:01 --> [DEPRECATED] Passing lowercase HTTP method "post" is deprecated. Use uppercase HTTP method like "POST". in SYSTEMPATH/Router/RouteCollection.php on line 1026.
 1 SYSTEMPATH/Router/RouteCollection.php(1026): trigger_error('Passing lowercase HTTP method "post" is deprecated. Use uppercase HTTP method like "POST".', 16384)
 2 APPPATH/Config/Routes.php(146): CodeIgniter\Router\RouteCollection->match([...], 'mesociclos/nuevo', 'GimnasioMesociclos::nuevo')
 3 SYSTEMPATH/Router/RouteCollection.php(799): CodeIgniter\Router\RouteCollection::{closure}(Object(CodeIgniter\Router\RouteCollection))
 4 APPPATH/Config/Routes.php(144): CodeIgniter\Router\RouteCollection->group('gimnasio', [...], Object(Closure))
 5 SYSTEMPATH/Router/RouteCollection.php(339): require('/Applications/ServBay/www/trackbitos/app/Config/Routes.php')
 6 SYSTEMPATH/CodeIgniter.php(821): CodeIgniter\Router\RouteCollection->loadRoutes()
 7 SYSTEMPATH/CodeIgniter.php(455): CodeIgniter\CodeIgniter->tryToRouteIt(null)
 8 SYSTEMPATH/CodeIgniter.php(354): CodeIgniter\CodeIgniter->handleRequest(null, Object(Config\Cache), false)
 9 SYSTEMPATH/Boot.php(363): CodeIgniter\CodeIgniter->run()
10 SYSTEMPATH/Boot.php(68): CodeIgniter\Boot::runCodeIgniter(Object(CodeIgniter\CodeIgniter))
11 FCPATH/index.php(59): CodeIgniter\Boot::bootWeb(Object(Config\Paths))
WARNING - 2025-09-05 06:25:01 --> [DEPRECATED] Passing lowercase HTTP method "get" is deprecated. Use uppercase HTTP method like "GET". in SYSTEMPATH/Router/RouteCollection.php on line 1026.
 1 SYSTEMPATH/Router/RouteCollection.php(1026): trigger_error('Passing lowercase HTTP method "get" is deprecated. Use uppercase HTTP method like "GET".', 16384)
 2 APPPATH/Config/Routes.php(148): CodeIgniter\Router\RouteCollection->match([...], 'mesociclos/(:num)/bloque/nuevo', 'GimnasioMesociclos::bloqueNuevo/$1')
 3 SYSTEMPATH/Router/RouteCollection.php(799): CodeIgniter\Router\RouteCollection::{closure}(Object(CodeIgniter\Router\RouteCollection))
 4 APPPATH/Config/Routes.php(144): CodeIgniter\Router\RouteCollection->group('gimnasio', [...], Object(Closure))
 5 SYSTEMPATH/Router/RouteCollection.php(339): require('/Applications/ServBay/www/trackbitos/app/Config/Routes.php')
 6 SYSTEMPATH/CodeIgniter.php(821): CodeIgniter\Router\RouteCollection->loadRoutes()
 7 SYSTEMPATH/CodeIgniter.php(455): CodeIgniter\CodeIgniter->tryToRouteIt(null)
 8 SYSTEMPATH/CodeIgniter.php(354): CodeIgniter\CodeIgniter->handleRequest(null, Object(Config\Cache), false)
 9 SYSTEMPATH/Boot.php(363): CodeIgniter\CodeIgniter->run()
10 SYSTEMPATH/Boot.php(68): CodeIgniter\Boot::runCodeIgniter(Object(CodeIgniter\CodeIgniter))
11 FCPATH/index.php(59): CodeIgniter\Boot::bootWeb(Object(Config\Paths))
WARNING - 2025-09-05 06:25:01 --> [DEPRECATED] Passing lowercase HTTP method "post" is deprecated. Use uppercase HTTP method like "POST". in SYSTEMPATH/Router/RouteCollection.php on line 1026.
 1 SYSTEMPATH/Router/RouteCollection.php(1026): trigger_error('Passing lowercase HTTP method "post" is deprecated. Use uppercase HTTP method like "POST".', 16384)
 2 APPPATH/Config/Routes.php(148): CodeIgniter\Router\RouteCollection->match([...], 'mesociclos/(:num)/bloque/nuevo', 'GimnasioMesociclos::bloqueNuevo/$1')
 3 SYSTEMPATH/Router/RouteCollection.php(799): CodeIgniter\Router\RouteCollection::{closure}(Object(CodeIgniter\Router\RouteCollection))
 4 APPPATH/Config/Routes.php(144): CodeIgniter\Router\RouteCollection->group('gimnasio', [...], Object(Closure))
 5 SYSTEMPATH/Router/RouteCollection.php(339): require('/Applications/ServBay/www/trackbitos/app/Config/Routes.php')
 6 SYSTEMPATH/CodeIgniter.php(821): CodeIgniter\Router\RouteCollection->loadRoutes()
 7 SYSTEMPATH/CodeIgniter.php(455): CodeIgniter\CodeIgniter->tryToRouteIt(null)
 8 SYSTEMPATH/CodeIgniter.php(354): CodeIgniter\CodeIgniter->handleRequest(null, Object(Config\Cache), false)
 9 SYSTEMPATH/Boot.php(363): CodeIgniter\CodeIgniter->run()
10 SYSTEMPATH/Boot.php(68): CodeIgniter\Boot::runCodeIgniter(Object(CodeIgniter\CodeIgniter))
11 FCPATH/index.php(59): CodeIgniter\Boot::bootWeb(Object(Config\Paths))
WARNING - 2025-09-05 06:25:01 --> [DEPRECATED] Passing lowercase HTTP method "get" is deprecated. Use uppercase HTTP method like "GET". in SYSTEMPATH/Router/RouteCollection.php on line 1026.
 1 SYSTEMPATH/Router/RouteCollection.php(1026): trigger_error('Passing lowercase HTTP method "get" is deprecated. Use uppercase HTTP method like "GET".', 16384)
 2 APPPATH/Config/Routes.php(150): CodeIgniter\Router\RouteCollection->match([...], 'mesociclos/(:num)/asignar/(:num)', 'GimnasioMesociclos::asignar/$1/$2')
 3 SYSTEMPATH/Router/RouteCollection.php(799): CodeIgniter\Router\RouteCollection::{closure}(Object(CodeIgniter\Router\RouteCollection))
 4 APPPATH/Config/Routes.php(144): CodeIgniter\Router\RouteCollection->group('gimnasio', [...], Object(Closure))
 5 SYSTEMPATH/Router/RouteCollection.php(339): require('/Applications/ServBay/www/trackbitos/app/Config/Routes.php')
 6 SYSTEMPATH/CodeIgniter.php(821): CodeIgniter\Router\RouteCollection->loadRoutes()
 7 SYSTEMPATH/CodeIgniter.php(455): CodeIgniter\CodeIgniter->tryToRouteIt(null)
 8 SYSTEMPATH/CodeIgniter.php(354): CodeIgniter\CodeIgniter->handleRequest(null, Object(Config\Cache), false)
 9 SYSTEMPATH/Boot.php(363): CodeIgniter\CodeIgniter->run()
10 SYSTEMPATH/Boot.php(68): CodeIgniter\Boot::runCodeIgniter(Object(CodeIgniter\CodeIgniter))
11 FCPATH/index.php(59): CodeIgniter\Boot::bootWeb(Object(Config\Paths))
WARNING - 2025-09-05 06:25:01 --> [DEPRECATED] Passing lowercase HTTP method "post" is deprecated. Use uppercase HTTP method like "POST". in SYSTEMPATH/Router/RouteCollection.php on line 1026.
 1 SYSTEMPATH/Router/RouteCollection.php(1026): trigger_error('Passing lowercase HTTP method "post" is deprecated. Use uppercase HTTP method like "POST".', 16384)
 2 APPPATH/Config/Routes.php(150): CodeIgniter\Router\RouteCollection->match([...], 'mesociclos/(:num)/asignar/(:num)', 'GimnasioMesociclos::asignar/$1/$2')
 3 SYSTEMPATH/Router/RouteCollection.php(799): CodeIgniter\Router\RouteCollection::{closure}(Object(CodeIgniter\Router\RouteCollection))
 4 APPPATH/Config/Routes.php(144): CodeIgniter\Router\RouteCollection->group('gimnasio', [...], Object(Closure))
 5 SYSTEMPATH/Router/RouteCollection.php(339): require('/Applications/ServBay/www/trackbitos/app/Config/Routes.php')
 6 SYSTEMPATH/CodeIgniter.php(821): CodeIgniter\Router\RouteCollection->loadRoutes()
 7 SYSTEMPATH/CodeIgniter.php(455): CodeIgniter\CodeIgniter->tryToRouteIt(null)
 8 SYSTEMPATH/CodeIgniter.php(354): CodeIgniter\CodeIgniter->handleRequest(null, Object(Config\Cache), false)
 9 SYSTEMPATH/Boot.php(363): CodeIgniter\CodeIgniter->run()
10 SYSTEMPATH/Boot.php(68): CodeIgniter\Boot::runCodeIgniter(Object(CodeIgniter\CodeIgniter))
11 FCPATH/index.php(59): CodeIgniter\Boot::bootWeb(Object(Config\Paths))
WARNING - 2025-09-05 06:25:01 --> [DEPRECATED] Passing lowercase HTTP method "get" is deprecated. Use uppercase HTTP method like "GET". in SYSTEMPATH/Router/RouteCollection.php on line 1026.
 1 SYSTEMPATH/Router/RouteCollection.php(1026): trigger_error('Passing lowercase HTTP method "get" is deprecated. Use uppercase HTTP method like "GET".', 16384)
 2 APPPATH/Config/Routes.php(153): CodeIgniter\Router\RouteCollection->match([...], 'mesociclos/(:num)/generar', 'GimnasioMesociclos::generar/$1')
 3 SYSTEMPATH/Router/RouteCollection.php(799): CodeIgniter\Router\RouteCollection::{closure}(Object(CodeIgniter\Router\RouteCollection))
 4 APPPATH/Config/Routes.php(144): CodeIgniter\Router\RouteCollection->group('gimnasio', [...], Object(Closure))
 5 SYSTEMPATH/Router/RouteCollection.php(339): require('/Applications/ServBay/www/trackbitos/app/Config/Routes.php')
 6 SYSTEMPATH/CodeIgniter.php(821): CodeIgniter\Router\RouteCollection->loadRoutes()
 7 SYSTEMPATH/CodeIgniter.php(455): CodeIgniter\CodeIgniter->tryToRouteIt(null)
 8 SYSTEMPATH/CodeIgniter.php(354): CodeIgniter\CodeIgniter->handleRequest(null, Object(Config\Cache), false)
 9 SYSTEMPATH/Boot.php(363): CodeIgniter\CodeIgniter->run()
10 SYSTEMPATH/Boot.php(68): CodeIgniter\Boot::runCodeIgniter(Object(CodeIgniter\CodeIgniter))
11 FCPATH/index.php(59): CodeIgniter\Boot::bootWeb(Object(Config\Paths))
WARNING - 2025-09-05 06:25:01 --> [DEPRECATED] Passing lowercase HTTP method "post" is deprecated. Use uppercase HTTP method like "POST". in SYSTEMPATH/Router/RouteCollection.php on line 1026.
 1 SYSTEMPATH/Router/RouteCollection.php(1026): trigger_error('Passing lowercase HTTP method "post" is deprecated. Use uppercase HTTP method like "POST".', 16384)
 2 APPPATH/Config/Routes.php(153): CodeIgniter\Router\RouteCollection->match([...], 'mesociclos/(:num)/generar', 'GimnasioMesociclos::generar/$1')
 3 SYSTEMPATH/Router/RouteCollection.php(799): CodeIgniter\Router\RouteCollection::{closure}(Object(CodeIgniter\Router\RouteCollection))
 4 APPPATH/Config/Routes.php(144): CodeIgniter\Router\RouteCollection->group('gimnasio', [...], Object(Closure))
 5 SYSTEMPATH/Router/RouteCollection.php(339): require('/Applications/ServBay/www/trackbitos/app/Config/Routes.php')
 6 SYSTEMPATH/CodeIgniter.php(821): CodeIgniter\Router\RouteCollection->loadRoutes()
 7 SYSTEMPATH/CodeIgniter.php(455): CodeIgniter\CodeIgniter->tryToRouteIt(null)
 8 SYSTEMPATH/CodeIgniter.php(354): CodeIgniter\CodeIgniter->handleRequest(null, Object(Config\Cache), false)
 9 SYSTEMPATH/Boot.php(363): CodeIgniter\CodeIgniter->run()
10 SYSTEMPATH/Boot.php(68): CodeIgniter\Boot::runCodeIgniter(Object(CodeIgniter\CodeIgniter))
11 FCPATH/index.php(59): CodeIgniter\Boot::bootWeb(Object(Config\Paths))
WARNING - 2025-09-05 06:25:01 --> [DEPRECATED] Passing lowercase HTTP method "get" is deprecated. Use uppercase HTTP method like "GET". in SYSTEMPATH/Router/RouteCollection.php on line 1026.
 1 SYSTEMPATH/Router/RouteCollection.php(1026): trigger_error('Passing lowercase HTTP method "get" is deprecated. Use uppercase HTTP method like "GET".', 16384)
 2 APPPATH/Config/Routes.php(161): CodeIgniter\Router\RouteCollection->match([...], 'mesociclos/(:num)/generar/bilbo', 'GimnasioMesociclos::generarBilbo/$1')
 3 SYSTEMPATH/Router/RouteCollection.php(799): CodeIgniter\Router\RouteCollection::{closure}(Object(CodeIgniter\Router\RouteCollection))
 4 APPPATH/Config/Routes.php(144): CodeIgniter\Router\RouteCollection->group('gimnasio', [...], Object(Closure))
 5 SYSTEMPATH/Router/RouteCollection.php(339): require('/Applications/ServBay/www/trackbitos/app/Config/Routes.php')
 6 SYSTEMPATH/CodeIgniter.php(821): CodeIgniter\Router\RouteCollection->loadRoutes()
 7 SYSTEMPATH/CodeIgniter.php(455): CodeIgniter\CodeIgniter->tryToRouteIt(null)
 8 SYSTEMPATH/CodeIgniter.php(354): CodeIgniter\CodeIgniter->handleRequest(null, Object(Config\Cache), false)
 9 SYSTEMPATH/Boot.php(363): CodeIgniter\CodeIgniter->run()
10 SYSTEMPATH/Boot.php(68): CodeIgniter\Boot::runCodeIgniter(Object(CodeIgniter\CodeIgniter))
11 FCPATH/index.php(59): CodeIgniter\Boot::bootWeb(Object(Config\Paths))
WARNING - 2025-09-05 06:25:01 --> [DEPRECATED] Passing lowercase HTTP method "post" is deprecated. Use uppercase HTTP method like "POST". in SYSTEMPATH/Router/RouteCollection.php on line 1026.
 1 SYSTEMPATH/Router/RouteCollection.php(1026): trigger_error('Passing lowercase HTTP method "post" is deprecated. Use uppercase HTTP method like "POST".', 16384)
 2 APPPATH/Config/Routes.php(161): CodeIgniter\Router\RouteCollection->match([...], 'mesociclos/(:num)/generar/bilbo', 'GimnasioMesociclos::generarBilbo/$1')
 3 SYSTEMPATH/Router/RouteCollection.php(799): CodeIgniter\Router\RouteCollection::{closure}(Object(CodeIgniter\Router\RouteCollection))
 4 APPPATH/Config/Routes.php(144): CodeIgniter\Router\RouteCollection->group('gimnasio', [...], Object(Closure))
 5 SYSTEMPATH/Router/RouteCollection.php(339): require('/Applications/ServBay/www/trackbitos/app/Config/Routes.php')
 6 SYSTEMPATH/CodeIgniter.php(821): CodeIgniter\Router\RouteCollection->loadRoutes()
 7 SYSTEMPATH/CodeIgniter.php(455): CodeIgniter\CodeIgniter->tryToRouteIt(null)
 8 SYSTEMPATH/CodeIgniter.php(354): CodeIgniter\CodeIgniter->handleRequest(null, Object(Config\Cache), false)
 9 SYSTEMPATH/Boot.php(363): CodeIgniter\CodeIgniter->run()
10 SYSTEMPATH/Boot.php(68): CodeIgniter\Boot::runCodeIgniter(Object(CodeIgniter\CodeIgniter))
11 FCPATH/index.php(59): CodeIgniter\Boot::bootWeb(Object(Config\Paths))
WARNING - 2025-09-05 06:25:01 --> [DEPRECATED] Passing lowercase HTTP method "get" is deprecated. Use uppercase HTTP method like "GET". in SYSTEMPATH/Router/RouteCollection.php on line 1026.
 1 SYSTEMPATH/Router/RouteCollection.php(1026): trigger_error('Passing lowercase HTTP method "get" is deprecated. Use uppercase HTTP method like "GET".', 16384)
 2 APPPATH/Config/Routes.php(261): CodeIgniter\Router\RouteCollection->match([...], 'crear', 'Youtube::crearLista')
 3 SYSTEMPATH/Router/RouteCollection.php(799): CodeIgniter\Router\RouteCollection::{closure}(Object(CodeIgniter\Router\RouteCollection))
 4 APPPATH/Config/Routes.php(259): CodeIgniter\Router\RouteCollection->group('youtube', [...], Object(Closure))
 5 SYSTEMPATH/Router/RouteCollection.php(339): require('/Applications/ServBay/www/trackbitos/app/Config/Routes.php')
 6 SYSTEMPATH/CodeIgniter.php(821): CodeIgniter\Router\RouteCollection->loadRoutes()
 7 SYSTEMPATH/CodeIgniter.php(455): CodeIgniter\CodeIgniter->tryToRouteIt(null)
 8 SYSTEMPATH/CodeIgniter.php(354): CodeIgniter\CodeIgniter->handleRequest(null, Object(Config\Cache), false)
 9 SYSTEMPATH/Boot.php(363): CodeIgniter\CodeIgniter->run()
10 SYSTEMPATH/Boot.php(68): CodeIgniter\Boot::runCodeIgniter(Object(CodeIgniter\CodeIgniter))
11 FCPATH/index.php(59): CodeIgniter\Boot::bootWeb(Object(Config\Paths))
WARNING - 2025-09-05 06:25:01 --> [DEPRECATED] Passing lowercase HTTP method "post" is deprecated. Use uppercase HTTP method like "POST". in SYSTEMPATH/Router/RouteCollection.php on line 1026.
 1 SYSTEMPATH/Router/RouteCollection.php(1026): trigger_error('Passing lowercase HTTP method "post" is deprecated. Use uppercase HTTP method like "POST".', 16384)
 2 APPPATH/Config/Routes.php(261): CodeIgniter\Router\RouteCollection->match([...], 'crear', 'Youtube::crearLista')
 3 SYSTEMPATH/Router/RouteCollection.php(799): CodeIgniter\Router\RouteCollection::{closure}(Object(CodeIgniter\Router\RouteCollection))
 4 APPPATH/Config/Routes.php(259): CodeIgniter\Router\RouteCollection->group('youtube', [...], Object(Closure))
 5 SYSTEMPATH/Router/RouteCollection.php(339): require('/Applications/ServBay/www/trackbitos/app/Config/Routes.php')
 6 SYSTEMPATH/CodeIgniter.php(821): CodeIgniter\Router\RouteCollection->loadRoutes()
 7 SYSTEMPATH/CodeIgniter.php(455): CodeIgniter\CodeIgniter->tryToRouteIt(null)
 8 SYSTEMPATH/CodeIgniter.php(354): CodeIgniter\CodeIgniter->handleRequest(null, Object(Config\Cache), false)
 9 SYSTEMPATH/Boot.php(363): CodeIgniter\CodeIgniter->run()
10 SYSTEMPATH/Boot.php(68): CodeIgniter\Boot::runCodeIgniter(Object(CodeIgniter\CodeIgniter))
11 FCPATH/index.php(59): CodeIgniter\Boot::bootWeb(Object(Config\Paths))
DEBUG - 2025-09-05 06:25:01 --> Session: Class initialized using 'CodeIgniter\Session\Handlers\FileHandler' driver.
WARNING - 2025-09-05 06:25:19 --> [DEPRECATED] Passing lowercase HTTP method "get" is deprecated. Use uppercase HTTP method like "GET". in SYSTEMPATH/Router/RouteCollection.php on line 1026.
 1 SYSTEMPATH/Router/RouteCollection.php(1026): trigger_error('Passing lowercase HTTP method "get" is deprecated. Use uppercase HTTP method like "GET".', 16384)
 2 APPPATH/Config/Routes.php(146): CodeIgniter\Router\RouteCollection->match([...], 'mesociclos/nuevo', 'GimnasioMesociclos::nuevo')
 3 SYSTEMPATH/Router/RouteCollection.php(799): CodeIgniter\Router\RouteCollection::{closure}(Object(CodeIgniter\Router\RouteCollection))
 4 APPPATH/Config/Routes.php(144): CodeIgniter\Router\RouteCollection->group('gimnasio', [...], Object(Closure))
 5 SYSTEMPATH/Router/RouteCollection.php(339): require('/Applications/ServBay/www/trackbitos/app/Config/Routes.php')
 6 SYSTEMPATH/CodeIgniter.php(821): CodeIgniter\Router\RouteCollection->loadRoutes()
 7 SYSTEMPATH/CodeIgniter.php(455): CodeIgniter\CodeIgniter->tryToRouteIt(null)
 8 SYSTEMPATH/CodeIgniter.php(354): CodeIgniter\CodeIgniter->handleRequest(null, Object(Config\Cache), false)
 9 SYSTEMPATH/Boot.php(363): CodeIgniter\CodeIgniter->run()
10 SYSTEMPATH/Boot.php(68): CodeIgniter\Boot::runCodeIgniter(Object(CodeIgniter\CodeIgniter))
11 FCPATH/index.php(59): CodeIgniter\Boot::bootWeb(Object(Config\Paths))
WARNING - 2025-09-05 06:25:19 --> [DEPRECATED] Passing lowercase HTTP method "post" is deprecated. Use uppercase HTTP method like "POST". in SYSTEMPATH/Router/RouteCollection.php on line 1026.
 1 SYSTEMPATH/Router/RouteCollection.php(1026): trigger_error('Passing lowercase HTTP method "post" is deprecated. Use uppercase HTTP method like "POST".', 16384)
 2 APPPATH/Config/Routes.php(146): CodeIgniter\Router\RouteCollection->match([...], 'mesociclos/nuevo', 'GimnasioMesociclos::nuevo')
 3 SYSTEMPATH/Router/RouteCollection.php(799): CodeIgniter\Router\RouteCollection::{closure}(Object(CodeIgniter\Router\RouteCollection))
 4 APPPATH/Config/Routes.php(144): CodeIgniter\Router\RouteCollection->group('gimnasio', [...], Object(Closure))
 5 SYSTEMPATH/Router/RouteCollection.php(339): require('/Applications/ServBay/www/trackbitos/app/Config/Routes.php')
 6 SYSTEMPATH/CodeIgniter.php(821): CodeIgniter\Router\RouteCollection->loadRoutes()
 7 SYSTEMPATH/CodeIgniter.php(455): CodeIgniter\CodeIgniter->tryToRouteIt(null)
 8 SYSTEMPATH/CodeIgniter.php(354): CodeIgniter\CodeIgniter->handleRequest(null, Object(Config\Cache), false)
 9 SYSTEMPATH/Boot.php(363): CodeIgniter\CodeIgniter->run()
10 SYSTEMPATH/Boot.php(68): CodeIgniter\Boot::runCodeIgniter(Object(CodeIgniter\CodeIgniter))
11 FCPATH/index.php(59): CodeIgniter\Boot::bootWeb(Object(Config\Paths))
WARNING - 2025-09-05 06:25:19 --> [DEPRECATED] Passing lowercase HTTP method "get" is deprecated. Use uppercase HTTP method like "GET". in SYSTEMPATH/Router/RouteCollection.php on line 1026.
 1 SYSTEMPATH/Router/RouteCollection.php(1026): trigger_error('Passing lowercase HTTP method "get" is deprecated. Use uppercase HTTP method like "GET".', 16384)
 2 APPPATH/Config/Routes.php(148): CodeIgniter\Router\RouteCollection->match([...], 'mesociclos/(:num)/bloque/nuevo', 'GimnasioMesociclos::bloqueNuevo/$1')
 3 SYSTEMPATH/Router/RouteCollection.php(799): CodeIgniter\Router\RouteCollection::{closure}(Object(CodeIgniter\Router\RouteCollection))
 4 APPPATH/Config/Routes.php(144): CodeIgniter\Router\RouteCollection->group('gimnasio', [...], Object(Closure))
 5 SYSTEMPATH/Router/RouteCollection.php(339): require('/Applications/ServBay/www/trackbitos/app/Config/Routes.php')
 6 SYSTEMPATH/CodeIgniter.php(821): CodeIgniter\Router\RouteCollection->loadRoutes()
 7 SYSTEMPATH/CodeIgniter.php(455): CodeIgniter\CodeIgniter->tryToRouteIt(null)
 8 SYSTEMPATH/CodeIgniter.php(354): CodeIgniter\CodeIgniter->handleRequest(null, Object(Config\Cache), false)
 9 SYSTEMPATH/Boot.php(363): CodeIgniter\CodeIgniter->run()
10 SYSTEMPATH/Boot.php(68): CodeIgniter\Boot::runCodeIgniter(Object(CodeIgniter\CodeIgniter))
11 FCPATH/index.php(59): CodeIgniter\Boot::bootWeb(Object(Config\Paths))
WARNING - 2025-09-05 06:25:19 --> [DEPRECATED] Passing lowercase HTTP method "post" is deprecated. Use uppercase HTTP method like "POST". in SYSTEMPATH/Router/RouteCollection.php on line 1026.
 1 SYSTEMPATH/Router/RouteCollection.php(1026): trigger_error('Passing lowercase HTTP method "post" is deprecated. Use uppercase HTTP method like "POST".', 16384)
 2 APPPATH/Config/Routes.php(148): CodeIgniter\Router\RouteCollection->match([...], 'mesociclos/(:num)/bloque/nuevo', 'GimnasioMesociclos::bloqueNuevo/$1')
 3 SYSTEMPATH/Router/RouteCollection.php(799): CodeIgniter\Router\RouteCollection::{closure}(Object(CodeIgniter\Router\RouteCollection))
 4 APPPATH/Config/Routes.php(144): CodeIgniter\Router\RouteCollection->group('gimnasio', [...], Object(Closure))
 5 SYSTEMPATH/Router/RouteCollection.php(339): require('/Applications/ServBay/www/trackbitos/app/Config/Routes.php')
 6 SYSTEMPATH/CodeIgniter.php(821): CodeIgniter\Router\RouteCollection->loadRoutes()
 7 SYSTEMPATH/CodeIgniter.php(455): CodeIgniter\CodeIgniter->tryToRouteIt(null)
 8 SYSTEMPATH/CodeIgniter.php(354): CodeIgniter\CodeIgniter->handleRequest(null, Object(Config\Cache), false)
 9 SYSTEMPATH/Boot.php(363): CodeIgniter\CodeIgniter->run()
10 SYSTEMPATH/Boot.php(68): CodeIgniter\Boot::runCodeIgniter(Object(CodeIgniter\CodeIgniter))
11 FCPATH/index.php(59): CodeIgniter\Boot::bootWeb(Object(Config\Paths))
WARNING - 2025-09-05 06:25:19 --> [DEPRECATED] Passing lowercase HTTP method "get" is deprecated. Use uppercase HTTP method like "GET". in SYSTEMPATH/Router/RouteCollection.php on line 1026.
 1 SYSTEMPATH/Router/RouteCollection.php(1026): trigger_error('Passing lowercase HTTP method "get" is deprecated. Use uppercase HTTP method like "GET".', 16384)
 2 APPPATH/Config/Routes.php(150): CodeIgniter\Router\RouteCollection->match([...], 'mesociclos/(:num)/asignar/(:num)', 'GimnasioMesociclos::asignar/$1/$2')
 3 SYSTEMPATH/Router/RouteCollection.php(799): CodeIgniter\Router\RouteCollection::{closure}(Object(CodeIgniter\Router\RouteCollection))
 4 APPPATH/Config/Routes.php(144): CodeIgniter\Router\RouteCollection->group('gimnasio', [...], Object(Closure))
 5 SYSTEMPATH/Router/RouteCollection.php(339): require('/Applications/ServBay/www/trackbitos/app/Config/Routes.php')
 6 SYSTEMPATH/CodeIgniter.php(821): CodeIgniter\Router\RouteCollection->loadRoutes()
 7 SYSTEMPATH/CodeIgniter.php(455): CodeIgniter\CodeIgniter->tryToRouteIt(null)
 8 SYSTEMPATH/CodeIgniter.php(354): CodeIgniter\CodeIgniter->handleRequest(null, Object(Config\Cache), false)
 9 SYSTEMPATH/Boot.php(363): CodeIgniter\CodeIgniter->run()
10 SYSTEMPATH/Boot.php(68): CodeIgniter\Boot::runCodeIgniter(Object(CodeIgniter\CodeIgniter))
11 FCPATH/index.php(59): CodeIgniter\Boot::bootWeb(Object(Config\Paths))
WARNING - 2025-09-05 06:25:19 --> [DEPRECATED] Passing lowercase HTTP method "post" is deprecated. Use uppercase HTTP method like "POST". in SYSTEMPATH/Router/RouteCollection.php on line 1026.
 1 SYSTEMPATH/Router/RouteCollection.php(1026): trigger_error('Passing lowercase HTTP method "post" is deprecated. Use uppercase HTTP method like "POST".', 16384)
 2 APPPATH/Config/Routes.php(150): CodeIgniter\Router\RouteCollection->match([...], 'mesociclos/(:num)/asignar/(:num)', 'GimnasioMesociclos::asignar/$1/$2')
 3 SYSTEMPATH/Router/RouteCollection.php(799): CodeIgniter\Router\RouteCollection::{closure}(Object(CodeIgniter\Router\RouteCollection))
 4 APPPATH/Config/Routes.php(144): CodeIgniter\Router\RouteCollection->group('gimnasio', [...], Object(Closure))
 5 SYSTEMPATH/Router/RouteCollection.php(339): require('/Applications/ServBay/www/trackbitos/app/Config/Routes.php')
 6 SYSTEMPATH/CodeIgniter.php(821): CodeIgniter\Router\RouteCollection->loadRoutes()
 7 SYSTEMPATH/CodeIgniter.php(455): CodeIgniter\CodeIgniter->tryToRouteIt(null)
 8 SYSTEMPATH/CodeIgniter.php(354): CodeIgniter\CodeIgniter->handleRequest(null, Object(Config\Cache), false)
 9 SYSTEMPATH/Boot.php(363): CodeIgniter\CodeIgniter->run()
10 SYSTEMPATH/Boot.php(68): CodeIgniter\Boot::runCodeIgniter(Object(CodeIgniter\CodeIgniter))
11 FCPATH/index.php(59): CodeIgniter\Boot::bootWeb(Object(Config\Paths))
WARNING - 2025-09-05 06:25:19 --> [DEPRECATED] Passing lowercase HTTP method "get" is deprecated. Use uppercase HTTP method like "GET". in SYSTEMPATH/Router/RouteCollection.php on line 1026.
 1 SYSTEMPATH/Router/RouteCollection.php(1026): trigger_error('Passing lowercase HTTP method "get" is deprecated. Use uppercase HTTP method like "GET".', 16384)
 2 APPPATH/Config/Routes.php(153): CodeIgniter\Router\RouteCollection->match([...], 'mesociclos/(:num)/generar', 'GimnasioMesociclos::generar/$1')
 3 SYSTEMPATH/Router/RouteCollection.php(799): CodeIgniter\Router\RouteCollection::{closure}(Object(CodeIgniter\Router\RouteCollection))
 4 APPPATH/Config/Routes.php(144): CodeIgniter\Router\RouteCollection->group('gimnasio', [...], Object(Closure))
 5 SYSTEMPATH/Router/RouteCollection.php(339): require('/Applications/ServBay/www/trackbitos/app/Config/Routes.php')
 6 SYSTEMPATH/CodeIgniter.php(821): CodeIgniter\Router\RouteCollection->loadRoutes()
 7 SYSTEMPATH/CodeIgniter.php(455): CodeIgniter\CodeIgniter->tryToRouteIt(null)
 8 SYSTEMPATH/CodeIgniter.php(354): CodeIgniter\CodeIgniter->handleRequest(null, Object(Config\Cache), false)
 9 SYSTEMPATH/Boot.php(363): CodeIgniter\CodeIgniter->run()
10 SYSTEMPATH/Boot.php(68): CodeIgniter\Boot::runCodeIgniter(Object(CodeIgniter\CodeIgniter))
11 FCPATH/index.php(59): CodeIgniter\Boot::bootWeb(Object(Config\Paths))
WARNING - 2025-09-05 06:25:19 --> [DEPRECATED] Passing lowercase HTTP method "post" is deprecated. Use uppercase HTTP method like "POST". in SYSTEMPATH/Router/RouteCollection.php on line 1026.
 1 SYSTEMPATH/Router/RouteCollection.php(1026): trigger_error('Passing lowercase HTTP method "post" is deprecated. Use uppercase HTTP method like "POST".', 16384)
 2 APPPATH/Config/Routes.php(153): CodeIgniter\Router\RouteCollection->match([...], 'mesociclos/(:num)/generar', 'GimnasioMesociclos::generar/$1')
 3 SYSTEMPATH/Router/RouteCollection.php(799): CodeIgniter\Router\RouteCollection::{closure}(Object(CodeIgniter\Router\RouteCollection))
 4 APPPATH/Config/Routes.php(144): CodeIgniter\Router\RouteCollection->group('gimnasio', [...], Object(Closure))
 5 SYSTEMPATH/Router/RouteCollection.php(339): require('/Applications/ServBay/www/trackbitos/app/Config/Routes.php')
 6 SYSTEMPATH/CodeIgniter.php(821): CodeIgniter\Router\RouteCollection->loadRoutes()
 7 SYSTEMPATH/CodeIgniter.php(455): CodeIgniter\CodeIgniter->tryToRouteIt(null)
 8 SYSTEMPATH/CodeIgniter.php(354): CodeIgniter\CodeIgniter->handleRequest(null, Object(Config\Cache), false)
 9 SYSTEMPATH/Boot.php(363): CodeIgniter\CodeIgniter->run()
10 SYSTEMPATH/Boot.php(68): CodeIgniter\Boot::runCodeIgniter(Object(CodeIgniter\CodeIgniter))
11 FCPATH/index.php(59): CodeIgniter\Boot::bootWeb(Object(Config\Paths))
WARNING - 2025-09-05 06:25:19 --> [DEPRECATED] Passing lowercase HTTP method "get" is deprecated. Use uppercase HTTP method like "GET". in SYSTEMPATH/Router/RouteCollection.php on line 1026.
 1 SYSTEMPATH/Router/RouteCollection.php(1026): trigger_error('Passing lowercase HTTP method "get" is deprecated. Use uppercase HTTP method like "GET".', 16384)
 2 APPPATH/Config/Routes.php(161): CodeIgniter\Router\RouteCollection->match([...], 'mesociclos/(:num)/generar/bilbo', 'GimnasioMesociclos::generarBilbo/$1')
 3 SYSTEMPATH/Router/RouteCollection.php(799): CodeIgniter\Router\RouteCollection::{closure}(Object(CodeIgniter\Router\RouteCollection))
 4 APPPATH/Config/Routes.php(144): CodeIgniter\Router\RouteCollection->group('gimnasio', [...], Object(Closure))
 5 SYSTEMPATH/Router/RouteCollection.php(339): require('/Applications/ServBay/www/trackbitos/app/Config/Routes.php')
 6 SYSTEMPATH/CodeIgniter.php(821): CodeIgniter\Router\RouteCollection->loadRoutes()
 7 SYSTEMPATH/CodeIgniter.php(455): CodeIgniter\CodeIgniter->tryToRouteIt(null)
 8 SYSTEMPATH/CodeIgniter.php(354): CodeIgniter\CodeIgniter->handleRequest(null, Object(Config\Cache), false)
 9 SYSTEMPATH/Boot.php(363): CodeIgniter\CodeIgniter->run()
10 SYSTEMPATH/Boot.php(68): CodeIgniter\Boot::runCodeIgniter(Object(CodeIgniter\CodeIgniter))
11 FCPATH/index.php(59): CodeIgniter\Boot::bootWeb(Object(Config\Paths))
WARNING - 2025-09-05 06:25:19 --> [DEPRECATED] Passing lowercase HTTP method "post" is deprecated. Use uppercase HTTP method like "POST". in SYSTEMPATH/Router/RouteCollection.php on line 1026.
 1 SYSTEMPATH/Router/RouteCollection.php(1026): trigger_error('Passing lowercase HTTP method "post" is deprecated. Use uppercase HTTP method like "POST".', 16384)
 2 APPPATH/Config/Routes.php(161): CodeIgniter\Router\RouteCollection->match([...], 'mesociclos/(:num)/generar/bilbo', 'GimnasioMesociclos::generarBilbo/$1')
 3 SYSTEMPATH/Router/RouteCollection.php(799): CodeIgniter\Router\RouteCollection::{closure}(Object(CodeIgniter\Router\RouteCollection))
 4 APPPATH/Config/Routes.php(144): CodeIgniter\Router\RouteCollection->group('gimnasio', [...], Object(Closure))
 5 SYSTEMPATH/Router/RouteCollection.php(339): require('/Applications/ServBay/www/trackbitos/app/Config/Routes.php')
 6 SYSTEMPATH/CodeIgniter.php(821): CodeIgniter\Router\RouteCollection->loadRoutes()
 7 SYSTEMPATH/CodeIgniter.php(455): CodeIgniter\CodeIgniter->tryToRouteIt(null)
 8 SYSTEMPATH/CodeIgniter.php(354): CodeIgniter\CodeIgniter->handleRequest(null, Object(Config\Cache), false)
 9 SYSTEMPATH/Boot.php(363): CodeIgniter\CodeIgniter->run()
10 SYSTEMPATH/Boot.php(68): CodeIgniter\Boot::runCodeIgniter(Object(CodeIgniter\CodeIgniter))
11 FCPATH/index.php(59): CodeIgniter\Boot::bootWeb(Object(Config\Paths))
WARNING - 2025-09-05 06:25:19 --> [DEPRECATED] Passing lowercase HTTP method "get" is deprecated. Use uppercase HTTP method like "GET". in SYSTEMPATH/Router/RouteCollection.php on line 1026.
 1 SYSTEMPATH/Router/RouteCollection.php(1026): trigger_error('Passing lowercase HTTP method "get" is deprecated. Use uppercase HTTP method like "GET".', 16384)
 2 APPPATH/Config/Routes.php(261): CodeIgniter\Router\RouteCollection->match([...], 'crear', 'Youtube::crearLista')
 3 SYSTEMPATH/Router/RouteCollection.php(799): CodeIgniter\Router\RouteCollection::{closure}(Object(CodeIgniter\Router\RouteCollection))
 4 APPPATH/Config/Routes.php(259): CodeIgniter\Router\RouteCollection->group('youtube', [...], Object(Closure))
 5 SYSTEMPATH/Router/RouteCollection.php(339): require('/Applications/ServBay/www/trackbitos/app/Config/Routes.php')
 6 SYSTEMPATH/CodeIgniter.php(821): CodeIgniter\Router\RouteCollection->loadRoutes()
 7 SYSTEMPATH/CodeIgniter.php(455): CodeIgniter\CodeIgniter->tryToRouteIt(null)
 8 SYSTEMPATH/CodeIgniter.php(354): CodeIgniter\CodeIgniter->handleRequest(null, Object(Config\Cache), false)
 9 SYSTEMPATH/Boot.php(363): CodeIgniter\CodeIgniter->run()
10 SYSTEMPATH/Boot.php(68): CodeIgniter\Boot::runCodeIgniter(Object(CodeIgniter\CodeIgniter))
11 FCPATH/index.php(59): CodeIgniter\Boot::bootWeb(Object(Config\Paths))
WARNING - 2025-09-05 06:25:19 --> [DEPRECATED] Passing lowercase HTTP method "post" is deprecated. Use uppercase HTTP method like "POST". in SYSTEMPATH/Router/RouteCollection.php on line 1026.
 1 SYSTEMPATH/Router/RouteCollection.php(1026): trigger_error('Passing lowercase HTTP method "post" is deprecated. Use uppercase HTTP method like "POST".', 16384)
 2 APPPATH/Config/Routes.php(261): CodeIgniter\Router\RouteCollection->match([...], 'crear', 'Youtube::crearLista')
 3 SYSTEMPATH/Router/RouteCollection.php(799): CodeIgniter\Router\RouteCollection::{closure}(Object(CodeIgniter\Router\RouteCollection))
 4 APPPATH/Config/Routes.php(259): CodeIgniter\Router\RouteCollection->group('youtube', [...], Object(Closure))
 5 SYSTEMPATH/Router/RouteCollection.php(339): require('/Applications/ServBay/www/trackbitos/app/Config/Routes.php')
 6 SYSTEMPATH/CodeIgniter.php(821): CodeIgniter\Router\RouteCollection->loadRoutes()
 7 SYSTEMPATH/CodeIgniter.php(455): CodeIgniter\CodeIgniter->tryToRouteIt(null)
 8 SYSTEMPATH/CodeIgniter.php(354): CodeIgniter\CodeIgniter->handleRequest(null, Object(Config\Cache), false)
 9 SYSTEMPATH/Boot.php(363): CodeIgniter\CodeIgniter->run()
10 SYSTEMPATH/Boot.php(68): CodeIgniter\Boot::runCodeIgniter(Object(CodeIgniter\CodeIgniter))
11 FCPATH/index.php(59): CodeIgniter\Boot::bootWeb(Object(Config\Paths))
DEBUG - 2025-09-05 06:25:19 --> Session: Class initialized using 'CodeIgniter\Session\Handlers\FileHandler' driver.
WARNING - 2025-09-05 06:25:51 --> [DEPRECATED] Passing lowercase HTTP method "get" is deprecated. Use uppercase HTTP method like "GET". in SYSTEMPATH/Router/RouteCollection.php on line 1026.
 1 SYSTEMPATH/Router/RouteCollection.php(1026): trigger_error('Passing lowercase HTTP method "get" is deprecated. Use uppercase HTTP method like "GET".', 16384)
 2 APPPATH/Config/Routes.php(146): CodeIgniter\Router\RouteCollection->match([...], 'mesociclos/nuevo', 'GimnasioMesociclos::nuevo')
 3 SYSTEMPATH/Router/RouteCollection.php(799): CodeIgniter\Router\RouteCollection::{closure}(Object(CodeIgniter\Router\RouteCollection))
 4 APPPATH/Config/Routes.php(144): CodeIgniter\Router\RouteCollection->group('gimnasio', [...], Object(Closure))
 5 SYSTEMPATH/Router/RouteCollection.php(339): require('/Applications/ServBay/www/trackbitos/app/Config/Routes.php')
 6 SYSTEMPATH/CodeIgniter.php(821): CodeIgniter\Router\RouteCollection->loadRoutes()
 7 SYSTEMPATH/CodeIgniter.php(455): CodeIgniter\CodeIgniter->tryToRouteIt(null)
 8 SYSTEMPATH/CodeIgniter.php(354): CodeIgniter\CodeIgniter->handleRequest(null, Object(Config\Cache), false)
 9 SYSTEMPATH/Boot.php(363): CodeIgniter\CodeIgniter->run()
10 SYSTEMPATH/Boot.php(68): CodeIgniter\Boot::runCodeIgniter(Object(CodeIgniter\CodeIgniter))
11 FCPATH/index.php(59): CodeIgniter\Boot::bootWeb(Object(Config\Paths))
WARNING - 2025-09-05 06:25:51 --> [DEPRECATED] Passing lowercase HTTP method "post" is deprecated. Use uppercase HTTP method like "POST". in SYSTEMPATH/Router/RouteCollection.php on line 1026.
 1 SYSTEMPATH/Router/RouteCollection.php(1026): trigger_error('Passing lowercase HTTP method "post" is deprecated. Use uppercase HTTP method like "POST".', 16384)
 2 APPPATH/Config/Routes.php(146): CodeIgniter\Router\RouteCollection->match([...], 'mesociclos/nuevo', 'GimnasioMesociclos::nuevo')
 3 SYSTEMPATH/Router/RouteCollection.php(799): CodeIgniter\Router\RouteCollection::{closure}(Object(CodeIgniter\Router\RouteCollection))
 4 APPPATH/Config/Routes.php(144): CodeIgniter\Router\RouteCollection->group('gimnasio', [...], Object(Closure))
 5 SYSTEMPATH/Router/RouteCollection.php(339): require('/Applications/ServBay/www/trackbitos/app/Config/Routes.php')
 6 SYSTEMPATH/CodeIgniter.php(821): CodeIgniter\Router\RouteCollection->loadRoutes()
 7 SYSTEMPATH/CodeIgniter.php(455): CodeIgniter\CodeIgniter->tryToRouteIt(null)
 8 SYSTEMPATH/CodeIgniter.php(354): CodeIgniter\CodeIgniter->handleRequest(null, Object(Config\Cache), false)
 9 SYSTEMPATH/Boot.php(363): CodeIgniter\CodeIgniter->run()
10 SYSTEMPATH/Boot.php(68): CodeIgniter\Boot::runCodeIgniter(Object(CodeIgniter\CodeIgniter))
11 FCPATH/index.php(59): CodeIgniter\Boot::bootWeb(Object(Config\Paths))
WARNING - 2025-09-05 06:25:51 --> [DEPRECATED] Passing lowercase HTTP method "get" is deprecated. Use uppercase HTTP method like "GET". in SYSTEMPATH/Router/RouteCollection.php on line 1026.
 1 SYSTEMPATH/Router/RouteCollection.php(1026): trigger_error('Passing lowercase HTTP method "get" is deprecated. Use uppercase HTTP method like "GET".', 16384)
 2 APPPATH/Config/Routes.php(148): CodeIgniter\Router\RouteCollection->match([...], 'mesociclos/(:num)/bloque/nuevo', 'GimnasioMesociclos::bloqueNuevo/$1')
 3 SYSTEMPATH/Router/RouteCollection.php(799): CodeIgniter\Router\RouteCollection::{closure}(Object(CodeIgniter\Router\RouteCollection))
 4 APPPATH/Config/Routes.php(144): CodeIgniter\Router\RouteCollection->group('gimnasio', [...], Object(Closure))
 5 SYSTEMPATH/Router/RouteCollection.php(339): require('/Applications/ServBay/www/trackbitos/app/Config/Routes.php')
 6 SYSTEMPATH/CodeIgniter.php(821): CodeIgniter\Router\RouteCollection->loadRoutes()
 7 SYSTEMPATH/CodeIgniter.php(455): CodeIgniter\CodeIgniter->tryToRouteIt(null)
 8 SYSTEMPATH/CodeIgniter.php(354): CodeIgniter\CodeIgniter->handleRequest(null, Object(Config\Cache), false)
 9 SYSTEMPATH/Boot.php(363): CodeIgniter\CodeIgniter->run()
10 SYSTEMPATH/Boot.php(68): CodeIgniter\Boot::runCodeIgniter(Object(CodeIgniter\CodeIgniter))
11 FCPATH/index.php(59): CodeIgniter\Boot::bootWeb(Object(Config\Paths))
WARNING - 2025-09-05 06:25:51 --> [DEPRECATED] Passing lowercase HTTP method "post" is deprecated. Use uppercase HTTP method like "POST". in SYSTEMPATH/Router/RouteCollection.php on line 1026.
 1 SYSTEMPATH/Router/RouteCollection.php(1026): trigger_error('Passing lowercase HTTP method "post" is deprecated. Use uppercase HTTP method like "POST".', 16384)
 2 APPPATH/Config/Routes.php(148): CodeIgniter\Router\RouteCollection->match([...], 'mesociclos/(:num)/bloque/nuevo', 'GimnasioMesociclos::bloqueNuevo/$1')
 3 SYSTEMPATH/Router/RouteCollection.php(799): CodeIgniter\Router\RouteCollection::{closure}(Object(CodeIgniter\Router\RouteCollection))
 4 APPPATH/Config/Routes.php(144): CodeIgniter\Router\RouteCollection->group('gimnasio', [...], Object(Closure))
 5 SYSTEMPATH/Router/RouteCollection.php(339): require('/Applications/ServBay/www/trackbitos/app/Config/Routes.php')
 6 SYSTEMPATH/CodeIgniter.php(821): CodeIgniter\Router\RouteCollection->loadRoutes()
 7 SYSTEMPATH/CodeIgniter.php(455): CodeIgniter\CodeIgniter->tryToRouteIt(null)
 8 SYSTEMPATH/CodeIgniter.php(354): CodeIgniter\CodeIgniter->handleRequest(null, Object(Config\Cache), false)
 9 SYSTEMPATH/Boot.php(363): CodeIgniter\CodeIgniter->run()
10 SYSTEMPATH/Boot.php(68): CodeIgniter\Boot::runCodeIgniter(Object(CodeIgniter\CodeIgniter))
11 FCPATH/index.php(59): CodeIgniter\Boot::bootWeb(Object(Config\Paths))
WARNING - 2025-09-05 06:25:51 --> [DEPRECATED] Passing lowercase HTTP method "get" is deprecated. Use uppercase HTTP method like "GET". in SYSTEMPATH/Router/RouteCollection.php on line 1026.
 1 SYSTEMPATH/Router/RouteCollection.php(1026): trigger_error('Passing lowercase HTTP method "get" is deprecated. Use uppercase HTTP method like "GET".', 16384)
 2 APPPATH/Config/Routes.php(150): CodeIgniter\Router\RouteCollection->match([...], 'mesociclos/(:num)/asignar/(:num)', 'GimnasioMesociclos::asignar/$1/$2')
 3 SYSTEMPATH/Router/RouteCollection.php(799): CodeIgniter\Router\RouteCollection::{closure}(Object(CodeIgniter\Router\RouteCollection))
 4 APPPATH/Config/Routes.php(144): CodeIgniter\Router\RouteCollection->group('gimnasio', [...], Object(Closure))
 5 SYSTEMPATH/Router/RouteCollection.php(339): require('/Applications/ServBay/www/trackbitos/app/Config/Routes.php')
 6 SYSTEMPATH/CodeIgniter.php(821): CodeIgniter\Router\RouteCollection->loadRoutes()
 7 SYSTEMPATH/CodeIgniter.php(455): CodeIgniter\CodeIgniter->tryToRouteIt(null)
 8 SYSTEMPATH/CodeIgniter.php(354): CodeIgniter\CodeIgniter->handleRequest(null, Object(Config\Cache), false)
 9 SYSTEMPATH/Boot.php(363): CodeIgniter\CodeIgniter->run()
10 SYSTEMPATH/Boot.php(68): CodeIgniter\Boot::runCodeIgniter(Object(CodeIgniter\CodeIgniter))
11 FCPATH/index.php(59): CodeIgniter\Boot::bootWeb(Object(Config\Paths))
WARNING - 2025-09-05 06:25:51 --> [DEPRECATED] Passing lowercase HTTP method "post" is deprecated. Use uppercase HTTP method like "POST". in SYSTEMPATH/Router/RouteCollection.php on line 1026.
 1 SYSTEMPATH/Router/RouteCollection.php(1026): trigger_error('Passing lowercase HTTP method "post" is deprecated. Use uppercase HTTP method like "POST".', 16384)
 2 APPPATH/Config/Routes.php(150): CodeIgniter\Router\RouteCollection->match([...], 'mesociclos/(:num)/asignar/(:num)', 'GimnasioMesociclos::asignar/$1/$2')
 3 SYSTEMPATH/Router/RouteCollection.php(799): CodeIgniter\Router\RouteCollection::{closure}(Object(CodeIgniter\Router\RouteCollection))
 4 APPPATH/Config/Routes.php(144): CodeIgniter\Router\RouteCollection->group('gimnasio', [...], Object(Closure))
 5 SYSTEMPATH/Router/RouteCollection.php(339): require('/Applications/ServBay/www/trackbitos/app/Config/Routes.php')
 6 SYSTEMPATH/CodeIgniter.php(821): CodeIgniter\Router\RouteCollection->loadRoutes()
 7 SYSTEMPATH/CodeIgniter.php(455): CodeIgniter\CodeIgniter->tryToRouteIt(null)
 8 SYSTEMPATH/CodeIgniter.php(354): CodeIgniter\CodeIgniter->handleRequest(null, Object(Config\Cache), false)
 9 SYSTEMPATH/Boot.php(363): CodeIgniter\CodeIgniter->run()
10 SYSTEMPATH/Boot.php(68): CodeIgniter\Boot::runCodeIgniter(Object(CodeIgniter\CodeIgniter))
11 FCPATH/index.php(59): CodeIgniter\Boot::bootWeb(Object(Config\Paths))
WARNING - 2025-09-05 06:25:51 --> [DEPRECATED] Passing lowercase HTTP method "get" is deprecated. Use uppercase HTTP method like "GET". in SYSTEMPATH/Router/RouteCollection.php on line 1026.
 1 SYSTEMPATH/Router/RouteCollection.php(1026): trigger_error('Passing lowercase HTTP method "get" is deprecated. Use uppercase HTTP method like "GET".', 16384)
 2 APPPATH/Config/Routes.php(153): CodeIgniter\Router\RouteCollection->match([...], 'mesociclos/(:num)/generar', 'GimnasioMesociclos::generar/$1')
 3 SYSTEMPATH/Router/RouteCollection.php(799): CodeIgniter\Router\RouteCollection::{closure}(Object(CodeIgniter\Router\RouteCollection))
 4 APPPATH/Config/Routes.php(144): CodeIgniter\Router\RouteCollection->group('gimnasio', [...], Object(Closure))
 5 SYSTEMPATH/Router/RouteCollection.php(339): require('/Applications/ServBay/www/trackbitos/app/Config/Routes.php')
 6 SYSTEMPATH/CodeIgniter.php(821): CodeIgniter\Router\RouteCollection->loadRoutes()
 7 SYSTEMPATH/CodeIgniter.php(455): CodeIgniter\CodeIgniter->tryToRouteIt(null)
 8 SYSTEMPATH/CodeIgniter.php(354): CodeIgniter\CodeIgniter->handleRequest(null, Object(Config\Cache), false)
 9 SYSTEMPATH/Boot.php(363): CodeIgniter\CodeIgniter->run()
10 SYSTEMPATH/Boot.php(68): CodeIgniter\Boot::runCodeIgniter(Object(CodeIgniter\CodeIgniter))
11 FCPATH/index.php(59): CodeIgniter\Boot::bootWeb(Object(Config\Paths))
WARNING - 2025-09-05 06:25:51 --> [DEPRECATED] Passing lowercase HTTP method "post" is deprecated. Use uppercase HTTP method like "POST". in SYSTEMPATH/Router/RouteCollection.php on line 1026.
 1 SYSTEMPATH/Router/RouteCollection.php(1026): trigger_error('Passing lowercase HTTP method "post" is deprecated. Use uppercase HTTP method like "POST".', 16384)
 2 APPPATH/Config/Routes.php(153): CodeIgniter\Router\RouteCollection->match([...], 'mesociclos/(:num)/generar', 'GimnasioMesociclos::generar/$1')
 3 SYSTEMPATH/Router/RouteCollection.php(799): CodeIgniter\Router\RouteCollection::{closure}(Object(CodeIgniter\Router\RouteCollection))
 4 APPPATH/Config/Routes.php(144): CodeIgniter\Router\RouteCollection->group('gimnasio', [...], Object(Closure))
 5 SYSTEMPATH/Router/RouteCollection.php(339): require('/Applications/ServBay/www/trackbitos/app/Config/Routes.php')
 6 SYSTEMPATH/CodeIgniter.php(821): CodeIgniter\Router\RouteCollection->loadRoutes()
 7 SYSTEMPATH/CodeIgniter.php(455): CodeIgniter\CodeIgniter->tryToRouteIt(null)
 8 SYSTEMPATH/CodeIgniter.php(354): CodeIgniter\CodeIgniter->handleRequest(null, Object(Config\Cache), false)
 9 SYSTEMPATH/Boot.php(363): CodeIgniter\CodeIgniter->run()
10 SYSTEMPATH/Boot.php(68): CodeIgniter\Boot::runCodeIgniter(Object(CodeIgniter\CodeIgniter))
11 FCPATH/index.php(59): CodeIgniter\Boot::bootWeb(Object(Config\Paths))
WARNING - 2025-09-05 06:25:51 --> [DEPRECATED] Passing lowercase HTTP method "get" is deprecated. Use uppercase HTTP method like "GET". in SYSTEMPATH/Router/RouteCollection.php on line 1026.
 1 SYSTEMPATH/Router/RouteCollection.php(1026): trigger_error('Passing lowercase HTTP method "get" is deprecated. Use uppercase HTTP method like "GET".', 16384)
 2 APPPATH/Config/Routes.php(161): CodeIgniter\Router\RouteCollection->match([...], 'mesociclos/(:num)/generar/bilbo', 'GimnasioMesociclos::generarBilbo/$1')
 3 SYSTEMPATH/Router/RouteCollection.php(799): CodeIgniter\Router\RouteCollection::{closure}(Object(CodeIgniter\Router\RouteCollection))
 4 APPPATH/Config/Routes.php(144): CodeIgniter\Router\RouteCollection->group('gimnasio', [...], Object(Closure))
 5 SYSTEMPATH/Router/RouteCollection.php(339): require('/Applications/ServBay/www/trackbitos/app/Config/Routes.php')
 6 SYSTEMPATH/CodeIgniter.php(821): CodeIgniter\Router\RouteCollection->loadRoutes()
 7 SYSTEMPATH/CodeIgniter.php(455): CodeIgniter\CodeIgniter->tryToRouteIt(null)
 8 SYSTEMPATH/CodeIgniter.php(354): CodeIgniter\CodeIgniter->handleRequest(null, Object(Config\Cache), false)
 9 SYSTEMPATH/Boot.php(363): CodeIgniter\CodeIgniter->run()
10 SYSTEMPATH/Boot.php(68): CodeIgniter\Boot::runCodeIgniter(Object(CodeIgniter\CodeIgniter))
11 FCPATH/index.php(59): CodeIgniter\Boot::bootWeb(Object(Config\Paths))
WARNING - 2025-09-05 06:25:51 --> [DEPRECATED] Passing lowercase HTTP method "post" is deprecated. Use uppercase HTTP method like "POST". in SYSTEMPATH/Router/RouteCollection.php on line 1026.
 1 SYSTEMPATH/Router/RouteCollection.php(1026): trigger_error('Passing lowercase HTTP method "post" is deprecated. Use uppercase HTTP method like "POST".', 16384)
 2 APPPATH/Config/Routes.php(161): CodeIgniter\Router\RouteCollection->match([...], 'mesociclos/(:num)/generar/bilbo', 'GimnasioMesociclos::generarBilbo/$1')
 3 SYSTEMPATH/Router/RouteCollection.php(799): CodeIgniter\Router\RouteCollection::{closure}(Object(CodeIgniter\Router\RouteCollection))
 4 APPPATH/Config/Routes.php(144): CodeIgniter\Router\RouteCollection->group('gimnasio', [...], Object(Closure))
 5 SYSTEMPATH/Router/RouteCollection.php(339): require('/Applications/ServBay/www/trackbitos/app/Config/Routes.php')
 6 SYSTEMPATH/CodeIgniter.php(821): CodeIgniter\Router\RouteCollection->loadRoutes()
 7 SYSTEMPATH/CodeIgniter.php(455): CodeIgniter\CodeIgniter->tryToRouteIt(null)
 8 SYSTEMPATH/CodeIgniter.php(354): CodeIgniter\CodeIgniter->handleRequest(null, Object(Config\Cache), false)
 9 SYSTEMPATH/Boot.php(363): CodeIgniter\CodeIgniter->run()
10 SYSTEMPATH/Boot.php(68): CodeIgniter\Boot::runCodeIgniter(Object(CodeIgniter\CodeIgniter))
11 FCPATH/index.php(59): CodeIgniter\Boot::bootWeb(Object(Config\Paths))
WARNING - 2025-09-05 06:25:51 --> [DEPRECATED] Passing lowercase HTTP method "get" is deprecated. Use uppercase HTTP method like "GET". in SYSTEMPATH/Router/RouteCollection.php on line 1026.
 1 SYSTEMPATH/Router/RouteCollection.php(1026): trigger_error('Passing lowercase HTTP method "get" is deprecated. Use uppercase HTTP method like "GET".', 16384)
 2 APPPATH/Config/Routes.php(261): CodeIgniter\Router\RouteCollection->match([...], 'crear', 'Youtube::crearLista')
 3 SYSTEMPATH/Router/RouteCollection.php(799): CodeIgniter\Router\RouteCollection::{closure}(Object(CodeIgniter\Router\RouteCollection))
 4 APPPATH/Config/Routes.php(259): CodeIgniter\Router\RouteCollection->group('youtube', [...], Object(Closure))
 5 SYSTEMPATH/Router/RouteCollection.php(339): require('/Applications/ServBay/www/trackbitos/app/Config/Routes.php')
 6 SYSTEMPATH/CodeIgniter.php(821): CodeIgniter\Router\RouteCollection->loadRoutes()
 7 SYSTEMPATH/CodeIgniter.php(455): CodeIgniter\CodeIgniter->tryToRouteIt(null)
 8 SYSTEMPATH/CodeIgniter.php(354): CodeIgniter\CodeIgniter->handleRequest(null, Object(Config\Cache), false)
 9 SYSTEMPATH/Boot.php(363): CodeIgniter\CodeIgniter->run()
10 SYSTEMPATH/Boot.php(68): CodeIgniter\Boot::runCodeIgniter(Object(CodeIgniter\CodeIgniter))
11 FCPATH/index.php(59): CodeIgniter\Boot::bootWeb(Object(Config\Paths))
WARNING - 2025-09-05 06:25:51 --> [DEPRECATED] Passing lowercase HTTP method "post" is deprecated. Use uppercase HTTP method like "POST". in SYSTEMPATH/Router/RouteCollection.php on line 1026.
 1 SYSTEMPATH/Router/RouteCollection.php(1026): trigger_error('Passing lowercase HTTP method "post" is deprecated. Use uppercase HTTP method like "POST".', 16384)
 2 APPPATH/Config/Routes.php(261): CodeIgniter\Router\RouteCollection->match([...], 'crear', 'Youtube::crearLista')
 3 SYSTEMPATH/Router/RouteCollection.php(799): CodeIgniter\Router\RouteCollection::{closure}(Object(CodeIgniter\Router\RouteCollection))
 4 APPPATH/Config/Routes.php(259): CodeIgniter\Router\RouteCollection->group('youtube', [...], Object(Closure))
 5 SYSTEMPATH/Router/RouteCollection.php(339): require('/Applications/ServBay/www/trackbitos/app/Config/Routes.php')
 6 SYSTEMPATH/CodeIgniter.php(821): CodeIgniter\Router\RouteCollection->loadRoutes()
 7 SYSTEMPATH/CodeIgniter.php(455): CodeIgniter\CodeIgniter->tryToRouteIt(null)
 8 SYSTEMPATH/CodeIgniter.php(354): CodeIgniter\CodeIgniter->handleRequest(null, Object(Config\Cache), false)
 9 SYSTEMPATH/Boot.php(363): CodeIgniter\CodeIgniter->run()
10 SYSTEMPATH/Boot.php(68): CodeIgniter\Boot::runCodeIgniter(Object(CodeIgniter\CodeIgniter))
11 FCPATH/index.php(59): CodeIgniter\Boot::bootWeb(Object(Config\Paths))
DEBUG - 2025-09-05 06:25:51 --> Session: Class initialized using 'CodeIgniter\Session\Handlers\FileHandler' driver.
WARNING - 2025-09-05 06:26:04 --> [DEPRECATED] Passing lowercase HTTP method "get" is deprecated. Use uppercase HTTP method like "GET". in SYSTEMPATH/Router/RouteCollection.php on line 1026.
 1 SYSTEMPATH/Router/RouteCollection.php(1026): trigger_error('Passing lowercase HTTP method "get" is deprecated. Use uppercase HTTP method like "GET".', 16384)
 2 APPPATH/Config/Routes.php(146): CodeIgniter\Router\RouteCollection->match([...], 'mesociclos/nuevo', 'GimnasioMesociclos::nuevo')
 3 SYSTEMPATH/Router/RouteCollection.php(799): CodeIgniter\Router\RouteCollection::{closure}(Object(CodeIgniter\Router\RouteCollection))
 4 APPPATH/Config/Routes.php(144): CodeIgniter\Router\RouteCollection->group('gimnasio', [...], Object(Closure))
 5 SYSTEMPATH/Router/RouteCollection.php(339): require('/Applications/ServBay/www/trackbitos/app/Config/Routes.php')
 6 SYSTEMPATH/CodeIgniter.php(821): CodeIgniter\Router\RouteCollection->loadRoutes()
 7 SYSTEMPATH/CodeIgniter.php(455): CodeIgniter\CodeIgniter->tryToRouteIt(null)
 8 SYSTEMPATH/CodeIgniter.php(354): CodeIgniter\CodeIgniter->handleRequest(null, Object(Config\Cache), false)
 9 SYSTEMPATH/Boot.php(363): CodeIgniter\CodeIgniter->run()
10 SYSTEMPATH/Boot.php(68): CodeIgniter\Boot::runCodeIgniter(Object(CodeIgniter\CodeIgniter))
11 FCPATH/index.php(59): CodeIgniter\Boot::bootWeb(Object(Config\Paths))
WARNING - 2025-09-05 06:26:04 --> [DEPRECATED] Passing lowercase HTTP method "post" is deprecated. Use uppercase HTTP method like "POST". in SYSTEMPATH/Router/RouteCollection.php on line 1026.
 1 SYSTEMPATH/Router/RouteCollection.php(1026): trigger_error('Passing lowercase HTTP method "post" is deprecated. Use uppercase HTTP method like "POST".', 16384)
 2 APPPATH/Config/Routes.php(146): CodeIgniter\Router\RouteCollection->match([...], 'mesociclos/nuevo', 'GimnasioMesociclos::nuevo')
 3 SYSTEMPATH/Router/RouteCollection.php(799): CodeIgniter\Router\RouteCollection::{closure}(Object(CodeIgniter\Router\RouteCollection))
 4 APPPATH/Config/Routes.php(144): CodeIgniter\Router\RouteCollection->group('gimnasio', [...], Object(Closure))
 5 SYSTEMPATH/Router/RouteCollection.php(339): require('/Applications/ServBay/www/trackbitos/app/Config/Routes.php')
 6 SYSTEMPATH/CodeIgniter.php(821): CodeIgniter\Router\RouteCollection->loadRoutes()
 7 SYSTEMPATH/CodeIgniter.php(455): CodeIgniter\CodeIgniter->tryToRouteIt(null)
 8 SYSTEMPATH/CodeIgniter.php(354): CodeIgniter\CodeIgniter->handleRequest(null, Object(Config\Cache), false)
 9 SYSTEMPATH/Boot.php(363): CodeIgniter\CodeIgniter->run()
10 SYSTEMPATH/Boot.php(68): CodeIgniter\Boot::runCodeIgniter(Object(CodeIgniter\CodeIgniter))
11 FCPATH/index.php(59): CodeIgniter\Boot::bootWeb(Object(Config\Paths))
WARNING - 2025-09-05 06:26:04 --> [DEPRECATED] Passing lowercase HTTP method "get" is deprecated. Use uppercase HTTP method like "GET". in SYSTEMPATH/Router/RouteCollection.php on line 1026.
 1 SYSTEMPATH/Router/RouteCollection.php(1026): trigger_error('Passing lowercase HTTP method "get" is deprecated. Use uppercase HTTP method like "GET".', 16384)
 2 APPPATH/Config/Routes.php(148): CodeIgniter\Router\RouteCollection->match([...], 'mesociclos/(:num)/bloque/nuevo', 'GimnasioMesociclos::bloqueNuevo/$1')
 3 SYSTEMPATH/Router/RouteCollection.php(799): CodeIgniter\Router\RouteCollection::{closure}(Object(CodeIgniter\Router\RouteCollection))
 4 APPPATH/Config/Routes.php(144): CodeIgniter\Router\RouteCollection->group('gimnasio', [...], Object(Closure))
 5 SYSTEMPATH/Router/RouteCollection.php(339): require('/Applications/ServBay/www/trackbitos/app/Config/Routes.php')
 6 SYSTEMPATH/CodeIgniter.php(821): CodeIgniter\Router\RouteCollection->loadRoutes()
 7 SYSTEMPATH/CodeIgniter.php(455): CodeIgniter\CodeIgniter->tryToRouteIt(null)
 8 SYSTEMPATH/CodeIgniter.php(354): CodeIgniter\CodeIgniter->handleRequest(null, Object(Config\Cache), false)
 9 SYSTEMPATH/Boot.php(363): CodeIgniter\CodeIgniter->run()
10 SYSTEMPATH/Boot.php(68): CodeIgniter\Boot::runCodeIgniter(Object(CodeIgniter\CodeIgniter))
11 FCPATH/index.php(59): CodeIgniter\Boot::bootWeb(Object(Config\Paths))
WARNING - 2025-09-05 06:26:04 --> [DEPRECATED] Passing lowercase HTTP method "post" is deprecated. Use uppercase HTTP method like "POST". in SYSTEMPATH/Router/RouteCollection.php on line 1026.
 1 SYSTEMPATH/Router/RouteCollection.php(1026): trigger_error('Passing lowercase HTTP method "post" is deprecated. Use uppercase HTTP method like "POST".', 16384)
 2 APPPATH/Config/Routes.php(148): CodeIgniter\Router\RouteCollection->match([...], 'mesociclos/(:num)/bloque/nuevo', 'GimnasioMesociclos::bloqueNuevo/$1')
 3 SYSTEMPATH/Router/RouteCollection.php(799): CodeIgniter\Router\RouteCollection::{closure}(Object(CodeIgniter\Router\RouteCollection))
 4 APPPATH/Config/Routes.php(144): CodeIgniter\Router\RouteCollection->group('gimnasio', [...], Object(Closure))
 5 SYSTEMPATH/Router/RouteCollection.php(339): require('/Applications/ServBay/www/trackbitos/app/Config/Routes.php')
 6 SYSTEMPATH/CodeIgniter.php(821): CodeIgniter\Router\RouteCollection->loadRoutes()
 7 SYSTEMPATH/CodeIgniter.php(455): CodeIgniter\CodeIgniter->tryToRouteIt(null)
 8 SYSTEMPATH/CodeIgniter.php(354): CodeIgniter\CodeIgniter->handleRequest(null, Object(Config\Cache), false)
 9 SYSTEMPATH/Boot.php(363): CodeIgniter\CodeIgniter->run()
10 SYSTEMPATH/Boot.php(68): CodeIgniter\Boot::runCodeIgniter(Object(CodeIgniter\CodeIgniter))
11 FCPATH/index.php(59): CodeIgniter\Boot::bootWeb(Object(Config\Paths))
WARNING - 2025-09-05 06:26:04 --> [DEPRECATED] Passing lowercase HTTP method "get" is deprecated. Use uppercase HTTP method like "GET". in SYSTEMPATH/Router/RouteCollection.php on line 1026.
 1 SYSTEMPATH/Router/RouteCollection.php(1026): trigger_error('Passing lowercase HTTP method "get" is deprecated. Use uppercase HTTP method like "GET".', 16384)
 2 APPPATH/Config/Routes.php(150): CodeIgniter\Router\RouteCollection->match([...], 'mesociclos/(:num)/asignar/(:num)', 'GimnasioMesociclos::asignar/$1/$2')
 3 SYSTEMPATH/Router/RouteCollection.php(799): CodeIgniter\Router\RouteCollection::{closure}(Object(CodeIgniter\Router\RouteCollection))
 4 APPPATH/Config/Routes.php(144): CodeIgniter\Router\RouteCollection->group('gimnasio', [...], Object(Closure))
 5 SYSTEMPATH/Router/RouteCollection.php(339): require('/Applications/ServBay/www/trackbitos/app/Config/Routes.php')
 6 SYSTEMPATH/CodeIgniter.php(821): CodeIgniter\Router\RouteCollection->loadRoutes()
 7 SYSTEMPATH/CodeIgniter.php(455): CodeIgniter\CodeIgniter->tryToRouteIt(null)
 8 SYSTEMPATH/CodeIgniter.php(354): CodeIgniter\CodeIgniter->handleRequest(null, Object(Config\Cache), false)
 9 SYSTEMPATH/Boot.php(363): CodeIgniter\CodeIgniter->run()
10 SYSTEMPATH/Boot.php(68): CodeIgniter\Boot::runCodeIgniter(Object(CodeIgniter\CodeIgniter))
11 FCPATH/index.php(59): CodeIgniter\Boot::bootWeb(Object(Config\Paths))
WARNING - 2025-09-05 06:26:04 --> [DEPRECATED] Passing lowercase HTTP method "post" is deprecated. Use uppercase HTTP method like "POST". in SYSTEMPATH/Router/RouteCollection.php on line 1026.
 1 SYSTEMPATH/Router/RouteCollection.php(1026): trigger_error('Passing lowercase HTTP method "post" is deprecated. Use uppercase HTTP method like "POST".', 16384)
 2 APPPATH/Config/Routes.php(150): CodeIgniter\Router\RouteCollection->match([...], 'mesociclos/(:num)/asignar/(:num)', 'GimnasioMesociclos::asignar/$1/$2')
 3 SYSTEMPATH/Router/RouteCollection.php(799): CodeIgniter\Router\RouteCollection::{closure}(Object(CodeIgniter\Router\RouteCollection))
 4 APPPATH/Config/Routes.php(144): CodeIgniter\Router\RouteCollection->group('gimnasio', [...], Object(Closure))
 5 SYSTEMPATH/Router/RouteCollection.php(339): require('/Applications/ServBay/www/trackbitos/app/Config/Routes.php')
 6 SYSTEMPATH/CodeIgniter.php(821): CodeIgniter\Router\RouteCollection->loadRoutes()
 7 SYSTEMPATH/CodeIgniter.php(455): CodeIgniter\CodeIgniter->tryToRouteIt(null)
 8 SYSTEMPATH/CodeIgniter.php(354): CodeIgniter\CodeIgniter->handleRequest(null, Object(Config\Cache), false)
 9 SYSTEMPATH/Boot.php(363): CodeIgniter\CodeIgniter->run()
10 SYSTEMPATH/Boot.php(68): CodeIgniter\Boot::runCodeIgniter(Object(CodeIgniter\CodeIgniter))
11 FCPATH/index.php(59): CodeIgniter\Boot::bootWeb(Object(Config\Paths))
WARNING - 2025-09-05 06:26:04 --> [DEPRECATED] Passing lowercase HTTP method "get" is deprecated. Use uppercase HTTP method like "GET". in SYSTEMPATH/Router/RouteCollection.php on line 1026.
 1 SYSTEMPATH/Router/RouteCollection.php(1026): trigger_error('Passing lowercase HTTP method "get" is deprecated. Use uppercase HTTP method like "GET".', 16384)
 2 APPPATH/Config/Routes.php(153): CodeIgniter\Router\RouteCollection->match([...], 'mesociclos/(:num)/generar', 'GimnasioMesociclos::generar/$1')
 3 SYSTEMPATH/Router/RouteCollection.php(799): CodeIgniter\Router\RouteCollection::{closure}(Object(CodeIgniter\Router\RouteCollection))
 4 APPPATH/Config/Routes.php(144): CodeIgniter\Router\RouteCollection->group('gimnasio', [...], Object(Closure))
 5 SYSTEMPATH/Router/RouteCollection.php(339): require('/Applications/ServBay/www/trackbitos/app/Config/Routes.php')
 6 SYSTEMPATH/CodeIgniter.php(821): CodeIgniter\Router\RouteCollection->loadRoutes()
 7 SYSTEMPATH/CodeIgniter.php(455): CodeIgniter\CodeIgniter->tryToRouteIt(null)
 8 SYSTEMPATH/CodeIgniter.php(354): CodeIgniter\CodeIgniter->handleRequest(null, Object(Config\Cache), false)
 9 SYSTEMPATH/Boot.php(363): CodeIgniter\CodeIgniter->run()
10 SYSTEMPATH/Boot.php(68): CodeIgniter\Boot::runCodeIgniter(Object(CodeIgniter\CodeIgniter))
11 FCPATH/index.php(59): CodeIgniter\Boot::bootWeb(Object(Config\Paths))
WARNING - 2025-09-05 06:26:04 --> [DEPRECATED] Passing lowercase HTTP method "post" is deprecated. Use uppercase HTTP method like "POST". in SYSTEMPATH/Router/RouteCollection.php on line 1026.
 1 SYSTEMPATH/Router/RouteCollection.php(1026): trigger_error('Passing lowercase HTTP method "post" is deprecated. Use uppercase HTTP method like "POST".', 16384)
 2 APPPATH/Config/Routes.php(153): CodeIgniter\Router\RouteCollection->match([...], 'mesociclos/(:num)/generar', 'GimnasioMesociclos::generar/$1')
 3 SYSTEMPATH/Router/RouteCollection.php(799): CodeIgniter\Router\RouteCollection::{closure}(Object(CodeIgniter\Router\RouteCollection))
 4 APPPATH/Config/Routes.php(144): CodeIgniter\Router\RouteCollection->group('gimnasio', [...], Object(Closure))
 5 SYSTEMPATH/Router/RouteCollection.php(339): require('/Applications/ServBay/www/trackbitos/app/Config/Routes.php')
 6 SYSTEMPATH/CodeIgniter.php(821): CodeIgniter\Router\RouteCollection->loadRoutes()
 7 SYSTEMPATH/CodeIgniter.php(455): CodeIgniter\CodeIgniter->tryToRouteIt(null)
 8 SYSTEMPATH/CodeIgniter.php(354): CodeIgniter\CodeIgniter->handleRequest(null, Object(Config\Cache), false)
 9 SYSTEMPATH/Boot.php(363): CodeIgniter\CodeIgniter->run()
10 SYSTEMPATH/Boot.php(68): CodeIgniter\Boot::runCodeIgniter(Object(CodeIgniter\CodeIgniter))
11 FCPATH/index.php(59): CodeIgniter\Boot::bootWeb(Object(Config\Paths))
WARNING - 2025-09-05 06:26:04 --> [DEPRECATED] Passing lowercase HTTP method "get" is deprecated. Use uppercase HTTP method like "GET". in SYSTEMPATH/Router/RouteCollection.php on line 1026.
 1 SYSTEMPATH/Router/RouteCollection.php(1026): trigger_error('Passing lowercase HTTP method "get" is deprecated. Use uppercase HTTP method like "GET".', 16384)
 2 APPPATH/Config/Routes.php(161): CodeIgniter\Router\RouteCollection->match([...], 'mesociclos/(:num)/generar/bilbo', 'GimnasioMesociclos::generarBilbo/$1')
 3 SYSTEMPATH/Router/RouteCollection.php(799): CodeIgniter\Router\RouteCollection::{closure}(Object(CodeIgniter\Router\RouteCollection))
 4 APPPATH/Config/Routes.php(144): CodeIgniter\Router\RouteCollection->group('gimnasio', [...], Object(Closure))
 5 SYSTEMPATH/Router/RouteCollection.php(339): require('/Applications/ServBay/www/trackbitos/app/Config/Routes.php')
 6 SYSTEMPATH/CodeIgniter.php(821): CodeIgniter\Router\RouteCollection->loadRoutes()
 7 SYSTEMPATH/CodeIgniter.php(455): CodeIgniter\CodeIgniter->tryToRouteIt(null)
 8 SYSTEMPATH/CodeIgniter.php(354): CodeIgniter\CodeIgniter->handleRequest(null, Object(Config\Cache), false)
 9 SYSTEMPATH/Boot.php(363): CodeIgniter\CodeIgniter->run()
10 SYSTEMPATH/Boot.php(68): CodeIgniter\Boot::runCodeIgniter(Object(CodeIgniter\CodeIgniter))
11 FCPATH/index.php(59): CodeIgniter\Boot::bootWeb(Object(Config\Paths))
WARNING - 2025-09-05 06:26:04 --> [DEPRECATED] Passing lowercase HTTP method "post" is deprecated. Use uppercase HTTP method like "POST". in SYSTEMPATH/Router/RouteCollection.php on line 1026.
 1 SYSTEMPATH/Router/RouteCollection.php(1026): trigger_error('Passing lowercase HTTP method "post" is deprecated. Use uppercase HTTP method like "POST".', 16384)
 2 APPPATH/Config/Routes.php(161): CodeIgniter\Router\RouteCollection->match([...], 'mesociclos/(:num)/generar/bilbo', 'GimnasioMesociclos::generarBilbo/$1')
 3 SYSTEMPATH/Router/RouteCollection.php(799): CodeIgniter\Router\RouteCollection::{closure}(Object(CodeIgniter\Router\RouteCollection))
 4 APPPATH/Config/Routes.php(144): CodeIgniter\Router\RouteCollection->group('gimnasio', [...], Object(Closure))
 5 SYSTEMPATH/Router/RouteCollection.php(339): require('/Applications/ServBay/www/trackbitos/app/Config/Routes.php')
 6 SYSTEMPATH/CodeIgniter.php(821): CodeIgniter\Router\RouteCollection->loadRoutes()
 7 SYSTEMPATH/CodeIgniter.php(455): CodeIgniter\CodeIgniter->tryToRouteIt(null)
 8 SYSTEMPATH/CodeIgniter.php(354): CodeIgniter\CodeIgniter->handleRequest(null, Object(Config\Cache), false)
 9 SYSTEMPATH/Boot.php(363): CodeIgniter\CodeIgniter->run()
10 SYSTEMPATH/Boot.php(68): CodeIgniter\Boot::runCodeIgniter(Object(CodeIgniter\CodeIgniter))
11 FCPATH/index.php(59): CodeIgniter\Boot::bootWeb(Object(Config\Paths))
WARNING - 2025-09-05 06:26:04 --> [DEPRECATED] Passing lowercase HTTP method "get" is deprecated. Use uppercase HTTP method like "GET". in SYSTEMPATH/Router/RouteCollection.php on line 1026.
 1 SYSTEMPATH/Router/RouteCollection.php(1026): trigger_error('Passing lowercase HTTP method "get" is deprecated. Use uppercase HTTP method like "GET".', 16384)
 2 APPPATH/Config/Routes.php(261): CodeIgniter\Router\RouteCollection->match([...], 'crear', 'Youtube::crearLista')
 3 SYSTEMPATH/Router/RouteCollection.php(799): CodeIgniter\Router\RouteCollection::{closure}(Object(CodeIgniter\Router\RouteCollection))
 4 APPPATH/Config/Routes.php(259): CodeIgniter\Router\RouteCollection->group('youtube', [...], Object(Closure))
 5 SYSTEMPATH/Router/RouteCollection.php(339): require('/Applications/ServBay/www/trackbitos/app/Config/Routes.php')
 6 SYSTEMPATH/CodeIgniter.php(821): CodeIgniter\Router\RouteCollection->loadRoutes()
 7 SYSTEMPATH/CodeIgniter.php(455): CodeIgniter\CodeIgniter->tryToRouteIt(null)
 8 SYSTEMPATH/CodeIgniter.php(354): CodeIgniter\CodeIgniter->handleRequest(null, Object(Config\Cache), false)
 9 SYSTEMPATH/Boot.php(363): CodeIgniter\CodeIgniter->run()
10 SYSTEMPATH/Boot.php(68): CodeIgniter\Boot::runCodeIgniter(Object(CodeIgniter\CodeIgniter))
11 FCPATH/index.php(59): CodeIgniter\Boot::bootWeb(Object(Config\Paths))
WARNING - 2025-09-05 06:26:04 --> [DEPRECATED] Passing lowercase HTTP method "post" is deprecated. Use uppercase HTTP method like "POST". in SYSTEMPATH/Router/RouteCollection.php on line 1026.
 1 SYSTEMPATH/Router/RouteCollection.php(1026): trigger_error('Passing lowercase HTTP method "post" is deprecated. Use uppercase HTTP method like "POST".', 16384)
 2 APPPATH/Config/Routes.php(261): CodeIgniter\Router\RouteCollection->match([...], 'crear', 'Youtube::crearLista')
 3 SYSTEMPATH/Router/RouteCollection.php(799): CodeIgniter\Router\RouteCollection::{closure}(Object(CodeIgniter\Router\RouteCollection))
 4 APPPATH/Config/Routes.php(259): CodeIgniter\Router\RouteCollection->group('youtube', [...], Object(Closure))
 5 SYSTEMPATH/Router/RouteCollection.php(339): require('/Applications/ServBay/www/trackbitos/app/Config/Routes.php')
 6 SYSTEMPATH/CodeIgniter.php(821): CodeIgniter\Router\RouteCollection->loadRoutes()
 7 SYSTEMPATH/CodeIgniter.php(455): CodeIgniter\CodeIgniter->tryToRouteIt(null)
 8 SYSTEMPATH/CodeIgniter.php(354): CodeIgniter\CodeIgniter->handleRequest(null, Object(Config\Cache), false)
 9 SYSTEMPATH/Boot.php(363): CodeIgniter\CodeIgniter->run()
10 SYSTEMPATH/Boot.php(68): CodeIgniter\Boot::runCodeIgniter(Object(CodeIgniter\CodeIgniter))
11 FCPATH/index.php(59): CodeIgniter\Boot::bootWeb(Object(Config\Paths))
DEBUG - 2025-09-05 06:26:04 --> Session: Class initialized using 'CodeIgniter\Session\Handlers\FileHandler' driver.
WARNING - 2025-09-05 06:26:12 --> [DEPRECATED] Passing lowercase HTTP method "get" is deprecated. Use uppercase HTTP method like "GET". in SYSTEMPATH/Router/RouteCollection.php on line 1026.
 1 SYSTEMPATH/Router/RouteCollection.php(1026): trigger_error('Passing lowercase HTTP method "get" is deprecated. Use uppercase HTTP method like "GET".', 16384)
 2 APPPATH/Config/Routes.php(146): CodeIgniter\Router\RouteCollection->match([...], 'mesociclos/nuevo', 'GimnasioMesociclos::nuevo')
 3 SYSTEMPATH/Router/RouteCollection.php(799): CodeIgniter\Router\RouteCollection::{closure}(Object(CodeIgniter\Router\RouteCollection))
 4 APPPATH/Config/Routes.php(144): CodeIgniter\Router\RouteCollection->group('gimnasio', [...], Object(Closure))
 5 SYSTEMPATH/Router/RouteCollection.php(339): require('/Applications/ServBay/www/trackbitos/app/Config/Routes.php')
 6 SYSTEMPATH/CodeIgniter.php(821): CodeIgniter\Router\RouteCollection->loadRoutes()
 7 SYSTEMPATH/CodeIgniter.php(455): CodeIgniter\CodeIgniter->tryToRouteIt(null)
 8 SYSTEMPATH/CodeIgniter.php(354): CodeIgniter\CodeIgniter->handleRequest(null, Object(Config\Cache), false)
 9 SYSTEMPATH/Boot.php(363): CodeIgniter\CodeIgniter->run()
10 SYSTEMPATH/Boot.php(68): CodeIgniter\Boot::runCodeIgniter(Object(CodeIgniter\CodeIgniter))
11 FCPATH/index.php(59): CodeIgniter\Boot::bootWeb(Object(Config\Paths))
WARNING - 2025-09-05 06:26:12 --> [DEPRECATED] Passing lowercase HTTP method "post" is deprecated. Use uppercase HTTP method like "POST". in SYSTEMPATH/Router/RouteCollection.php on line 1026.
 1 SYSTEMPATH/Router/RouteCollection.php(1026): trigger_error('Passing lowercase HTTP method "post" is deprecated. Use uppercase HTTP method like "POST".', 16384)
 2 APPPATH/Config/Routes.php(146): CodeIgniter\Router\RouteCollection->match([...], 'mesociclos/nuevo', 'GimnasioMesociclos::nuevo')
 3 SYSTEMPATH/Router/RouteCollection.php(799): CodeIgniter\Router\RouteCollection::{closure}(Object(CodeIgniter\Router\RouteCollection))
 4 APPPATH/Config/Routes.php(144): CodeIgniter\Router\RouteCollection->group('gimnasio', [...], Object(Closure))
 5 SYSTEMPATH/Router/RouteCollection.php(339): require('/Applications/ServBay/www/trackbitos/app/Config/Routes.php')
 6 SYSTEMPATH/CodeIgniter.php(821): CodeIgniter\Router\RouteCollection->loadRoutes()
 7 SYSTEMPATH/CodeIgniter.php(455): CodeIgniter\CodeIgniter->tryToRouteIt(null)
 8 SYSTEMPATH/CodeIgniter.php(354): CodeIgniter\CodeIgniter->handleRequest(null, Object(Config\Cache), false)
 9 SYSTEMPATH/Boot.php(363): CodeIgniter\CodeIgniter->run()
10 SYSTEMPATH/Boot.php(68): CodeIgniter\Boot::runCodeIgniter(Object(CodeIgniter\CodeIgniter))
11 FCPATH/index.php(59): CodeIgniter\Boot::bootWeb(Object(Config\Paths))
WARNING - 2025-09-05 06:26:12 --> [DEPRECATED] Passing lowercase HTTP method "get" is deprecated. Use uppercase HTTP method like "GET". in SYSTEMPATH/Router/RouteCollection.php on line 1026.
 1 SYSTEMPATH/Router/RouteCollection.php(1026): trigger_error('Passing lowercase HTTP method "get" is deprecated. Use uppercase HTTP method like "GET".', 16384)
 2 APPPATH/Config/Routes.php(148): CodeIgniter\Router\RouteCollection->match([...], 'mesociclos/(:num)/bloque/nuevo', 'GimnasioMesociclos::bloqueNuevo/$1')
 3 SYSTEMPATH/Router/RouteCollection.php(799): CodeIgniter\Router\RouteCollection::{closure}(Object(CodeIgniter\Router\RouteCollection))
 4 APPPATH/Config/Routes.php(144): CodeIgniter\Router\RouteCollection->group('gimnasio', [...], Object(Closure))
 5 SYSTEMPATH/Router/RouteCollection.php(339): require('/Applications/ServBay/www/trackbitos/app/Config/Routes.php')
 6 SYSTEMPATH/CodeIgniter.php(821): CodeIgniter\Router\RouteCollection->loadRoutes()
 7 SYSTEMPATH/CodeIgniter.php(455): CodeIgniter\CodeIgniter->tryToRouteIt(null)
 8 SYSTEMPATH/CodeIgniter.php(354): CodeIgniter\CodeIgniter->handleRequest(null, Object(Config\Cache), false)
 9 SYSTEMPATH/Boot.php(363): CodeIgniter\CodeIgniter->run()
10 SYSTEMPATH/Boot.php(68): CodeIgniter\Boot::runCodeIgniter(Object(CodeIgniter\CodeIgniter))
11 FCPATH/index.php(59): CodeIgniter\Boot::bootWeb(Object(Config\Paths))
WARNING - 2025-09-05 06:26:12 --> [DEPRECATED] Passing lowercase HTTP method "post" is deprecated. Use uppercase HTTP method like "POST". in SYSTEMPATH/Router/RouteCollection.php on line 1026.
 1 SYSTEMPATH/Router/RouteCollection.php(1026): trigger_error('Passing lowercase HTTP method "post" is deprecated. Use uppercase HTTP method like "POST".', 16384)
 2 APPPATH/Config/Routes.php(148): CodeIgniter\Router\RouteCollection->match([...], 'mesociclos/(:num)/bloque/nuevo', 'GimnasioMesociclos::bloqueNuevo/$1')
 3 SYSTEMPATH/Router/RouteCollection.php(799): CodeIgniter\Router\RouteCollection::{closure}(Object(CodeIgniter\Router\RouteCollection))
 4 APPPATH/Config/Routes.php(144): CodeIgniter\Router\RouteCollection->group('gimnasio', [...], Object(Closure))
 5 SYSTEMPATH/Router/RouteCollection.php(339): require('/Applications/ServBay/www/trackbitos/app/Config/Routes.php')
 6 SYSTEMPATH/CodeIgniter.php(821): CodeIgniter\Router\RouteCollection->loadRoutes()
 7 SYSTEMPATH/CodeIgniter.php(455): CodeIgniter\CodeIgniter->tryToRouteIt(null)
 8 SYSTEMPATH/CodeIgniter.php(354): CodeIgniter\CodeIgniter->handleRequest(null, Object(Config\Cache), false)
 9 SYSTEMPATH/Boot.php(363): CodeIgniter\CodeIgniter->run()
10 SYSTEMPATH/Boot.php(68): CodeIgniter\Boot::runCodeIgniter(Object(CodeIgniter\CodeIgniter))
11 FCPATH/index.php(59): CodeIgniter\Boot::bootWeb(Object(Config\Paths))
WARNING - 2025-09-05 06:26:12 --> [DEPRECATED] Passing lowercase HTTP method "get" is deprecated. Use uppercase HTTP method like "GET". in SYSTEMPATH/Router/RouteCollection.php on line 1026.
 1 SYSTEMPATH/Router/RouteCollection.php(1026): trigger_error('Passing lowercase HTTP method "get" is deprecated. Use uppercase HTTP method like "GET".', 16384)
 2 APPPATH/Config/Routes.php(150): CodeIgniter\Router\RouteCollection->match([...], 'mesociclos/(:num)/asignar/(:num)', 'GimnasioMesociclos::asignar/$1/$2')
 3 SYSTEMPATH/Router/RouteCollection.php(799): CodeIgniter\Router\RouteCollection::{closure}(Object(CodeIgniter\Router\RouteCollection))
 4 APPPATH/Config/Routes.php(144): CodeIgniter\Router\RouteCollection->group('gimnasio', [...], Object(Closure))
 5 SYSTEMPATH/Router/RouteCollection.php(339): require('/Applications/ServBay/www/trackbitos/app/Config/Routes.php')
 6 SYSTEMPATH/CodeIgniter.php(821): CodeIgniter\Router\RouteCollection->loadRoutes()
 7 SYSTEMPATH/CodeIgniter.php(455): CodeIgniter\CodeIgniter->tryToRouteIt(null)
 8 SYSTEMPATH/CodeIgniter.php(354): CodeIgniter\CodeIgniter->handleRequest(null, Object(Config\Cache), false)
 9 SYSTEMPATH/Boot.php(363): CodeIgniter\CodeIgniter->run()
10 SYSTEMPATH/Boot.php(68): CodeIgniter\Boot::runCodeIgniter(Object(CodeIgniter\CodeIgniter))
11 FCPATH/index.php(59): CodeIgniter\Boot::bootWeb(Object(Config\Paths))
WARNING - 2025-09-05 06:26:12 --> [DEPRECATED] Passing lowercase HTTP method "post" is deprecated. Use uppercase HTTP method like "POST". in SYSTEMPATH/Router/RouteCollection.php on line 1026.
 1 SYSTEMPATH/Router/RouteCollection.php(1026): trigger_error('Passing lowercase HTTP method "post" is deprecated. Use uppercase HTTP method like "POST".', 16384)
 2 APPPATH/Config/Routes.php(150): CodeIgniter\Router\RouteCollection->match([...], 'mesociclos/(:num)/asignar/(:num)', 'GimnasioMesociclos::asignar/$1/$2')
 3 SYSTEMPATH/Router/RouteCollection.php(799): CodeIgniter\Router\RouteCollection::{closure}(Object(CodeIgniter\Router\RouteCollection))
 4 APPPATH/Config/Routes.php(144): CodeIgniter\Router\RouteCollection->group('gimnasio', [...], Object(Closure))
 5 SYSTEMPATH/Router/RouteCollection.php(339): require('/Applications/ServBay/www/trackbitos/app/Config/Routes.php')
 6 SYSTEMPATH/CodeIgniter.php(821): CodeIgniter\Router\RouteCollection->loadRoutes()
 7 SYSTEMPATH/CodeIgniter.php(455): CodeIgniter\CodeIgniter->tryToRouteIt(null)
 8 SYSTEMPATH/CodeIgniter.php(354): CodeIgniter\CodeIgniter->handleRequest(null, Object(Config\Cache), false)
 9 SYSTEMPATH/Boot.php(363): CodeIgniter\CodeIgniter->run()
10 SYSTEMPATH/Boot.php(68): CodeIgniter\Boot::runCodeIgniter(Object(CodeIgniter\CodeIgniter))
11 FCPATH/index.php(59): CodeIgniter\Boot::bootWeb(Object(Config\Paths))
WARNING - 2025-09-05 06:26:12 --> [DEPRECATED] Passing lowercase HTTP method "get" is deprecated. Use uppercase HTTP method like "GET". in SYSTEMPATH/Router/RouteCollection.php on line 1026.
 1 SYSTEMPATH/Router/RouteCollection.php(1026): trigger_error('Passing lowercase HTTP method "get" is deprecated. Use uppercase HTTP method like "GET".', 16384)
 2 APPPATH/Config/Routes.php(153): CodeIgniter\Router\RouteCollection->match([...], 'mesociclos/(:num)/generar', 'GimnasioMesociclos::generar/$1')
 3 SYSTEMPATH/Router/RouteCollection.php(799): CodeIgniter\Router\RouteCollection::{closure}(Object(CodeIgniter\Router\RouteCollection))
 4 APPPATH/Config/Routes.php(144): CodeIgniter\Router\RouteCollection->group('gimnasio', [...], Object(Closure))
 5 SYSTEMPATH/Router/RouteCollection.php(339): require('/Applications/ServBay/www/trackbitos/app/Config/Routes.php')
 6 SYSTEMPATH/CodeIgniter.php(821): CodeIgniter\Router\RouteCollection->loadRoutes()
 7 SYSTEMPATH/CodeIgniter.php(455): CodeIgniter\CodeIgniter->tryToRouteIt(null)
 8 SYSTEMPATH/CodeIgniter.php(354): CodeIgniter\CodeIgniter->handleRequest(null, Object(Config\Cache), false)
 9 SYSTEMPATH/Boot.php(363): CodeIgniter\CodeIgniter->run()
10 SYSTEMPATH/Boot.php(68): CodeIgniter\Boot::runCodeIgniter(Object(CodeIgniter\CodeIgniter))
11 FCPATH/index.php(59): CodeIgniter\Boot::bootWeb(Object(Config\Paths))
WARNING - 2025-09-05 06:26:12 --> [DEPRECATED] Passing lowercase HTTP method "post" is deprecated. Use uppercase HTTP method like "POST". in SYSTEMPATH/Router/RouteCollection.php on line 1026.
 1 SYSTEMPATH/Router/RouteCollection.php(1026): trigger_error('Passing lowercase HTTP method "post" is deprecated. Use uppercase HTTP method like "POST".', 16384)
 2 APPPATH/Config/Routes.php(153): CodeIgniter\Router\RouteCollection->match([...], 'mesociclos/(:num)/generar', 'GimnasioMesociclos::generar/$1')
 3 SYSTEMPATH/Router/RouteCollection.php(799): CodeIgniter\Router\RouteCollection::{closure}(Object(CodeIgniter\Router\RouteCollection))
 4 APPPATH/Config/Routes.php(144): CodeIgniter\Router\RouteCollection->group('gimnasio', [...], Object(Closure))
 5 SYSTEMPATH/Router/RouteCollection.php(339): require('/Applications/ServBay/www/trackbitos/app/Config/Routes.php')
 6 SYSTEMPATH/CodeIgniter.php(821): CodeIgniter\Router\RouteCollection->loadRoutes()
 7 SYSTEMPATH/CodeIgniter.php(455): CodeIgniter\CodeIgniter->tryToRouteIt(null)
 8 SYSTEMPATH/CodeIgniter.php(354): CodeIgniter\CodeIgniter->handleRequest(null, Object(Config\Cache), false)
 9 SYSTEMPATH/Boot.php(363): CodeIgniter\CodeIgniter->run()
10 SYSTEMPATH/Boot.php(68): CodeIgniter\Boot::runCodeIgniter(Object(CodeIgniter\CodeIgniter))
11 FCPATH/index.php(59): CodeIgniter\Boot::bootWeb(Object(Config\Paths))
WARNING - 2025-09-05 06:26:12 --> [DEPRECATED] Passing lowercase HTTP method "get" is deprecated. Use uppercase HTTP method like "GET". in SYSTEMPATH/Router/RouteCollection.php on line 1026.
 1 SYSTEMPATH/Router/RouteCollection.php(1026): trigger_error('Passing lowercase HTTP method "get" is deprecated. Use uppercase HTTP method like "GET".', 16384)
 2 APPPATH/Config/Routes.php(161): CodeIgniter\Router\RouteCollection->match([...], 'mesociclos/(:num)/generar/bilbo', 'GimnasioMesociclos::generarBilbo/$1')
 3 SYSTEMPATH/Router/RouteCollection.php(799): CodeIgniter\Router\RouteCollection::{closure}(Object(CodeIgniter\Router\RouteCollection))
 4 APPPATH/Config/Routes.php(144): CodeIgniter\Router\RouteCollection->group('gimnasio', [...], Object(Closure))
 5 SYSTEMPATH/Router/RouteCollection.php(339): require('/Applications/ServBay/www/trackbitos/app/Config/Routes.php')
 6 SYSTEMPATH/CodeIgniter.php(821): CodeIgniter\Router\RouteCollection->loadRoutes()
 7 SYSTEMPATH/CodeIgniter.php(455): CodeIgniter\CodeIgniter->tryToRouteIt(null)
 8 SYSTEMPATH/CodeIgniter.php(354): CodeIgniter\CodeIgniter->handleRequest(null, Object(Config\Cache), false)
 9 SYSTEMPATH/Boot.php(363): CodeIgniter\CodeIgniter->run()
10 SYSTEMPATH/Boot.php(68): CodeIgniter\Boot::runCodeIgniter(Object(CodeIgniter\CodeIgniter))
11 FCPATH/index.php(59): CodeIgniter\Boot::bootWeb(Object(Config\Paths))
WARNING - 2025-09-05 06:26:12 --> [DEPRECATED] Passing lowercase HTTP method "post" is deprecated. Use uppercase HTTP method like "POST". in SYSTEMPATH/Router/RouteCollection.php on line 1026.
 1 SYSTEMPATH/Router/RouteCollection.php(1026): trigger_error('Passing lowercase HTTP method "post" is deprecated. Use uppercase HTTP method like "POST".', 16384)
 2 APPPATH/Config/Routes.php(161): CodeIgniter\Router\RouteCollection->match([...], 'mesociclos/(:num)/generar/bilbo', 'GimnasioMesociclos::generarBilbo/$1')
 3 SYSTEMPATH/Router/RouteCollection.php(799): CodeIgniter\Router\RouteCollection::{closure}(Object(CodeIgniter\Router\RouteCollection))
 4 APPPATH/Config/Routes.php(144): CodeIgniter\Router\RouteCollection->group('gimnasio', [...], Object(Closure))
 5 SYSTEMPATH/Router/RouteCollection.php(339): require('/Applications/ServBay/www/trackbitos/app/Config/Routes.php')
 6 SYSTEMPATH/CodeIgniter.php(821): CodeIgniter\Router\RouteCollection->loadRoutes()
 7 SYSTEMPATH/CodeIgniter.php(455): CodeIgniter\CodeIgniter->tryToRouteIt(null)
 8 SYSTEMPATH/CodeIgniter.php(354): CodeIgniter\CodeIgniter->handleRequest(null, Object(Config\Cache), false)
 9 SYSTEMPATH/Boot.php(363): CodeIgniter\CodeIgniter->run()
10 SYSTEMPATH/Boot.php(68): CodeIgniter\Boot::runCodeIgniter(Object(CodeIgniter\CodeIgniter))
11 FCPATH/index.php(59): CodeIgniter\Boot::bootWeb(Object(Config\Paths))
WARNING - 2025-09-05 06:26:12 --> [DEPRECATED] Passing lowercase HTTP method "get" is deprecated. Use uppercase HTTP method like "GET". in SYSTEMPATH/Router/RouteCollection.php on line 1026.
 1 SYSTEMPATH/Router/RouteCollection.php(1026): trigger_error('Passing lowercase HTTP method "get" is deprecated. Use uppercase HTTP method like "GET".', 16384)
 2 APPPATH/Config/Routes.php(261): CodeIgniter\Router\RouteCollection->match([...], 'crear', 'Youtube::crearLista')
 3 SYSTEMPATH/Router/RouteCollection.php(799): CodeIgniter\Router\RouteCollection::{closure}(Object(CodeIgniter\Router\RouteCollection))
 4 APPPATH/Config/Routes.php(259): CodeIgniter\Router\RouteCollection->group('youtube', [...], Object(Closure))
 5 SYSTEMPATH/Router/RouteCollection.php(339): require('/Applications/ServBay/www/trackbitos/app/Config/Routes.php')
 6 SYSTEMPATH/CodeIgniter.php(821): CodeIgniter\Router\RouteCollection->loadRoutes()
 7 SYSTEMPATH/CodeIgniter.php(455): CodeIgniter\CodeIgniter->tryToRouteIt(null)
 8 SYSTEMPATH/CodeIgniter.php(354): CodeIgniter\CodeIgniter->handleRequest(null, Object(Config\Cache), false)
 9 SYSTEMPATH/Boot.php(363): CodeIgniter\CodeIgniter->run()
10 SYSTEMPATH/Boot.php(68): CodeIgniter\Boot::runCodeIgniter(Object(CodeIgniter\CodeIgniter))
11 FCPATH/index.php(59): CodeIgniter\Boot::bootWeb(Object(Config\Paths))
WARNING - 2025-09-05 06:26:12 --> [DEPRECATED] Passing lowercase HTTP method "post" is deprecated. Use uppercase HTTP method like "POST". in SYSTEMPATH/Router/RouteCollection.php on line 1026.
 1 SYSTEMPATH/Router/RouteCollection.php(1026): trigger_error('Passing lowercase HTTP method "post" is deprecated. Use uppercase HTTP method like "POST".', 16384)
 2 APPPATH/Config/Routes.php(261): CodeIgniter\Router\RouteCollection->match([...], 'crear', 'Youtube::crearLista')
 3 SYSTEMPATH/Router/RouteCollection.php(799): CodeIgniter\Router\RouteCollection::{closure}(Object(CodeIgniter\Router\RouteCollection))
 4 APPPATH/Config/Routes.php(259): CodeIgniter\Router\RouteCollection->group('youtube', [...], Object(Closure))
 5 SYSTEMPATH/Router/RouteCollection.php(339): require('/Applications/ServBay/www/trackbitos/app/Config/Routes.php')
 6 SYSTEMPATH/CodeIgniter.php(821): CodeIgniter\Router\RouteCollection->loadRoutes()
 7 SYSTEMPATH/CodeIgniter.php(455): CodeIgniter\CodeIgniter->tryToRouteIt(null)
 8 SYSTEMPATH/CodeIgniter.php(354): CodeIgniter\CodeIgniter->handleRequest(null, Object(Config\Cache), false)
 9 SYSTEMPATH/Boot.php(363): CodeIgniter\CodeIgniter->run()
10 SYSTEMPATH/Boot.php(68): CodeIgniter\Boot::runCodeIgniter(Object(CodeIgniter\CodeIgniter))
11 FCPATH/index.php(59): CodeIgniter\Boot::bootWeb(Object(Config\Paths))
DEBUG - 2025-09-05 06:26:12 --> Session: Class initialized using 'CodeIgniter\Session\Handlers\FileHandler' driver.
WARNING - 2025-09-05 06:26:16 --> [DEPRECATED] Passing lowercase HTTP method "get" is deprecated. Use uppercase HTTP method like "GET". in SYSTEMPATH/Router/RouteCollection.php on line 1026.
 1 SYSTEMPATH/Router/RouteCollection.php(1026): trigger_error('Passing lowercase HTTP method "get" is deprecated. Use uppercase HTTP method like "GET".', 16384)
 2 APPPATH/Config/Routes.php(146): CodeIgniter\Router\RouteCollection->match([...], 'mesociclos/nuevo', 'GimnasioMesociclos::nuevo')
 3 SYSTEMPATH/Router/RouteCollection.php(799): CodeIgniter\Router\RouteCollection::{closure}(Object(CodeIgniter\Router\RouteCollection))
 4 APPPATH/Config/Routes.php(144): CodeIgniter\Router\RouteCollection->group('gimnasio', [...], Object(Closure))
 5 SYSTEMPATH/Router/RouteCollection.php(339): require('/Applications/ServBay/www/trackbitos/app/Config/Routes.php')
 6 SYSTEMPATH/CodeIgniter.php(821): CodeIgniter\Router\RouteCollection->loadRoutes()
 7 SYSTEMPATH/CodeIgniter.php(455): CodeIgniter\CodeIgniter->tryToRouteIt(null)
 8 SYSTEMPATH/CodeIgniter.php(354): CodeIgniter\CodeIgniter->handleRequest(null, Object(Config\Cache), false)
 9 SYSTEMPATH/Boot.php(363): CodeIgniter\CodeIgniter->run()
10 SYSTEMPATH/Boot.php(68): CodeIgniter\Boot::runCodeIgniter(Object(CodeIgniter\CodeIgniter))
11 FCPATH/index.php(59): CodeIgniter\Boot::bootWeb(Object(Config\Paths))
WARNING - 2025-09-05 06:26:16 --> [DEPRECATED] Passing lowercase HTTP method "post" is deprecated. Use uppercase HTTP method like "POST". in SYSTEMPATH/Router/RouteCollection.php on line 1026.
 1 SYSTEMPATH/Router/RouteCollection.php(1026): trigger_error('Passing lowercase HTTP method "post" is deprecated. Use uppercase HTTP method like "POST".', 16384)
 2 APPPATH/Config/Routes.php(146): CodeIgniter\Router\RouteCollection->match([...], 'mesociclos/nuevo', 'GimnasioMesociclos::nuevo')
 3 SYSTEMPATH/Router/RouteCollection.php(799): CodeIgniter\Router\RouteCollection::{closure}(Object(CodeIgniter\Router\RouteCollection))
 4 APPPATH/Config/Routes.php(144): CodeIgniter\Router\RouteCollection->group('gimnasio', [...], Object(Closure))
 5 SYSTEMPATH/Router/RouteCollection.php(339): require('/Applications/ServBay/www/trackbitos/app/Config/Routes.php')
 6 SYSTEMPATH/CodeIgniter.php(821): CodeIgniter\Router\RouteCollection->loadRoutes()
 7 SYSTEMPATH/CodeIgniter.php(455): CodeIgniter\CodeIgniter->tryToRouteIt(null)
 8 SYSTEMPATH/CodeIgniter.php(354): CodeIgniter\CodeIgniter->handleRequest(null, Object(Config\Cache), false)
 9 SYSTEMPATH/Boot.php(363): CodeIgniter\CodeIgniter->run()
10 SYSTEMPATH/Boot.php(68): CodeIgniter\Boot::runCodeIgniter(Object(CodeIgniter\CodeIgniter))
11 FCPATH/index.php(59): CodeIgniter\Boot::bootWeb(Object(Config\Paths))
WARNING - 2025-09-05 06:26:16 --> [DEPRECATED] Passing lowercase HTTP method "get" is deprecated. Use uppercase HTTP method like "GET". in SYSTEMPATH/Router/RouteCollection.php on line 1026.
 1 SYSTEMPATH/Router/RouteCollection.php(1026): trigger_error('Passing lowercase HTTP method "get" is deprecated. Use uppercase HTTP method like "GET".', 16384)
 2 APPPATH/Config/Routes.php(148): CodeIgniter\Router\RouteCollection->match([...], 'mesociclos/(:num)/bloque/nuevo', 'GimnasioMesociclos::bloqueNuevo/$1')
 3 SYSTEMPATH/Router/RouteCollection.php(799): CodeIgniter\Router\RouteCollection::{closure}(Object(CodeIgniter\Router\RouteCollection))
 4 APPPATH/Config/Routes.php(144): CodeIgniter\Router\RouteCollection->group('gimnasio', [...], Object(Closure))
 5 SYSTEMPATH/Router/RouteCollection.php(339): require('/Applications/ServBay/www/trackbitos/app/Config/Routes.php')
 6 SYSTEMPATH/CodeIgniter.php(821): CodeIgniter\Router\RouteCollection->loadRoutes()
 7 SYSTEMPATH/CodeIgniter.php(455): CodeIgniter\CodeIgniter->tryToRouteIt(null)
 8 SYSTEMPATH/CodeIgniter.php(354): CodeIgniter\CodeIgniter->handleRequest(null, Object(Config\Cache), false)
 9 SYSTEMPATH/Boot.php(363): CodeIgniter\CodeIgniter->run()
10 SYSTEMPATH/Boot.php(68): CodeIgniter\Boot::runCodeIgniter(Object(CodeIgniter\CodeIgniter))
11 FCPATH/index.php(59): CodeIgniter\Boot::bootWeb(Object(Config\Paths))
WARNING - 2025-09-05 06:26:16 --> [DEPRECATED] Passing lowercase HTTP method "post" is deprecated. Use uppercase HTTP method like "POST". in SYSTEMPATH/Router/RouteCollection.php on line 1026.
 1 SYSTEMPATH/Router/RouteCollection.php(1026): trigger_error('Passing lowercase HTTP method "post" is deprecated. Use uppercase HTTP method like "POST".', 16384)
 2 APPPATH/Config/Routes.php(148): CodeIgniter\Router\RouteCollection->match([...], 'mesociclos/(:num)/bloque/nuevo', 'GimnasioMesociclos::bloqueNuevo/$1')
 3 SYSTEMPATH/Router/RouteCollection.php(799): CodeIgniter\Router\RouteCollection::{closure}(Object(CodeIgniter\Router\RouteCollection))
 4 APPPATH/Config/Routes.php(144): CodeIgniter\Router\RouteCollection->group('gimnasio', [...], Object(Closure))
 5 SYSTEMPATH/Router/RouteCollection.php(339): require('/Applications/ServBay/www/trackbitos/app/Config/Routes.php')
 6 SYSTEMPATH/CodeIgniter.php(821): CodeIgniter\Router\RouteCollection->loadRoutes()
 7 SYSTEMPATH/CodeIgniter.php(455): CodeIgniter\CodeIgniter->tryToRouteIt(null)
 8 SYSTEMPATH/CodeIgniter.php(354): CodeIgniter\CodeIgniter->handleRequest(null, Object(Config\Cache), false)
 9 SYSTEMPATH/Boot.php(363): CodeIgniter\CodeIgniter->run()
10 SYSTEMPATH/Boot.php(68): CodeIgniter\Boot::runCodeIgniter(Object(CodeIgniter\CodeIgniter))
11 FCPATH/index.php(59): CodeIgniter\Boot::bootWeb(Object(Config\Paths))
WARNING - 2025-09-05 06:26:16 --> [DEPRECATED] Passing lowercase HTTP method "get" is deprecated. Use uppercase HTTP method like "GET". in SYSTEMPATH/Router/RouteCollection.php on line 1026.
 1 SYSTEMPATH/Router/RouteCollection.php(1026): trigger_error('Passing lowercase HTTP method "get" is deprecated. Use uppercase HTTP method like "GET".', 16384)
 2 APPPATH/Config/Routes.php(150): CodeIgniter\Router\RouteCollection->match([...], 'mesociclos/(:num)/asignar/(:num)', 'GimnasioMesociclos::asignar/$1/$2')
 3 SYSTEMPATH/Router/RouteCollection.php(799): CodeIgniter\Router\RouteCollection::{closure}(Object(CodeIgniter\Router\RouteCollection))
 4 APPPATH/Config/Routes.php(144): CodeIgniter\Router\RouteCollection->group('gimnasio', [...], Object(Closure))
 5 SYSTEMPATH/Router/RouteCollection.php(339): require('/Applications/ServBay/www/trackbitos/app/Config/Routes.php')
 6 SYSTEMPATH/CodeIgniter.php(821): CodeIgniter\Router\RouteCollection->loadRoutes()
 7 SYSTEMPATH/CodeIgniter.php(455): CodeIgniter\CodeIgniter->tryToRouteIt(null)
 8 SYSTEMPATH/CodeIgniter.php(354): CodeIgniter\CodeIgniter->handleRequest(null, Object(Config\Cache), false)
 9 SYSTEMPATH/Boot.php(363): CodeIgniter\CodeIgniter->run()
10 SYSTEMPATH/Boot.php(68): CodeIgniter\Boot::runCodeIgniter(Object(CodeIgniter\CodeIgniter))
11 FCPATH/index.php(59): CodeIgniter\Boot::bootWeb(Object(Config\Paths))
WARNING - 2025-09-05 06:26:16 --> [DEPRECATED] Passing lowercase HTTP method "post" is deprecated. Use uppercase HTTP method like "POST". in SYSTEMPATH/Router/RouteCollection.php on line 1026.
 1 SYSTEMPATH/Router/RouteCollection.php(1026): trigger_error('Passing lowercase HTTP method "post" is deprecated. Use uppercase HTTP method like "POST".', 16384)
 2 APPPATH/Config/Routes.php(150): CodeIgniter\Router\RouteCollection->match([...], 'mesociclos/(:num)/asignar/(:num)', 'GimnasioMesociclos::asignar/$1/$2')
 3 SYSTEMPATH/Router/RouteCollection.php(799): CodeIgniter\Router\RouteCollection::{closure}(Object(CodeIgniter\Router\RouteCollection))
 4 APPPATH/Config/Routes.php(144): CodeIgniter\Router\RouteCollection->group('gimnasio', [...], Object(Closure))
 5 SYSTEMPATH/Router/RouteCollection.php(339): require('/Applications/ServBay/www/trackbitos/app/Config/Routes.php')
 6 SYSTEMPATH/CodeIgniter.php(821): CodeIgniter\Router\RouteCollection->loadRoutes()
 7 SYSTEMPATH/CodeIgniter.php(455): CodeIgniter\CodeIgniter->tryToRouteIt(null)
 8 SYSTEMPATH/CodeIgniter.php(354): CodeIgniter\CodeIgniter->handleRequest(null, Object(Config\Cache), false)
 9 SYSTEMPATH/Boot.php(363): CodeIgniter\CodeIgniter->run()
10 SYSTEMPATH/Boot.php(68): CodeIgniter\Boot::runCodeIgniter(Object(CodeIgniter\CodeIgniter))
11 FCPATH/index.php(59): CodeIgniter\Boot::bootWeb(Object(Config\Paths))
WARNING - 2025-09-05 06:26:16 --> [DEPRECATED] Passing lowercase HTTP method "get" is deprecated. Use uppercase HTTP method like "GET". in SYSTEMPATH/Router/RouteCollection.php on line 1026.
 1 SYSTEMPATH/Router/RouteCollection.php(1026): trigger_error('Passing lowercase HTTP method "get" is deprecated. Use uppercase HTTP method like "GET".', 16384)
 2 APPPATH/Config/Routes.php(153): CodeIgniter\Router\RouteCollection->match([...], 'mesociclos/(:num)/generar', 'GimnasioMesociclos::generar/$1')
 3 SYSTEMPATH/Router/RouteCollection.php(799): CodeIgniter\Router\RouteCollection::{closure}(Object(CodeIgniter\Router\RouteCollection))
 4 APPPATH/Config/Routes.php(144): CodeIgniter\Router\RouteCollection->group('gimnasio', [...], Object(Closure))
 5 SYSTEMPATH/Router/RouteCollection.php(339): require('/Applications/ServBay/www/trackbitos/app/Config/Routes.php')
 6 SYSTEMPATH/CodeIgniter.php(821): CodeIgniter\Router\RouteCollection->loadRoutes()
 7 SYSTEMPATH/CodeIgniter.php(455): CodeIgniter\CodeIgniter->tryToRouteIt(null)
 8 SYSTEMPATH/CodeIgniter.php(354): CodeIgniter\CodeIgniter->handleRequest(null, Object(Config\Cache), false)
 9 SYSTEMPATH/Boot.php(363): CodeIgniter\CodeIgniter->run()
10 SYSTEMPATH/Boot.php(68): CodeIgniter\Boot::runCodeIgniter(Object(CodeIgniter\CodeIgniter))
11 FCPATH/index.php(59): CodeIgniter\Boot::bootWeb(Object(Config\Paths))
WARNING - 2025-09-05 06:26:16 --> [DEPRECATED] Passing lowercase HTTP method "post" is deprecated. Use uppercase HTTP method like "POST". in SYSTEMPATH/Router/RouteCollection.php on line 1026.
 1 SYSTEMPATH/Router/RouteCollection.php(1026): trigger_error('Passing lowercase HTTP method "post" is deprecated. Use uppercase HTTP method like "POST".', 16384)
 2 APPPATH/Config/Routes.php(153): CodeIgniter\Router\RouteCollection->match([...], 'mesociclos/(:num)/generar', 'GimnasioMesociclos::generar/$1')
 3 SYSTEMPATH/Router/RouteCollection.php(799): CodeIgniter\Router\RouteCollection::{closure}(Object(CodeIgniter\Router\RouteCollection))
 4 APPPATH/Config/Routes.php(144): CodeIgniter\Router\RouteCollection->group('gimnasio', [...], Object(Closure))
 5 SYSTEMPATH/Router/RouteCollection.php(339): require('/Applications/ServBay/www/trackbitos/app/Config/Routes.php')
 6 SYSTEMPATH/CodeIgniter.php(821): CodeIgniter\Router\RouteCollection->loadRoutes()
 7 SYSTEMPATH/CodeIgniter.php(455): CodeIgniter\CodeIgniter->tryToRouteIt(null)
 8 SYSTEMPATH/CodeIgniter.php(354): CodeIgniter\CodeIgniter->handleRequest(null, Object(Config\Cache), false)
 9 SYSTEMPATH/Boot.php(363): CodeIgniter\CodeIgniter->run()
10 SYSTEMPATH/Boot.php(68): CodeIgniter\Boot::runCodeIgniter(Object(CodeIgniter\CodeIgniter))
11 FCPATH/index.php(59): CodeIgniter\Boot::bootWeb(Object(Config\Paths))
WARNING - 2025-09-05 06:26:16 --> [DEPRECATED] Passing lowercase HTTP method "get" is deprecated. Use uppercase HTTP method like "GET". in SYSTEMPATH/Router/RouteCollection.php on line 1026.
 1 SYSTEMPATH/Router/RouteCollection.php(1026): trigger_error('Passing lowercase HTTP method "get" is deprecated. Use uppercase HTTP method like "GET".', 16384)
 2 APPPATH/Config/Routes.php(161): CodeIgniter\Router\RouteCollection->match([...], 'mesociclos/(:num)/generar/bilbo', 'GimnasioMesociclos::generarBilbo/$1')
 3 SYSTEMPATH/Router/RouteCollection.php(799): CodeIgniter\Router\RouteCollection::{closure}(Object(CodeIgniter\Router\RouteCollection))
 4 APPPATH/Config/Routes.php(144): CodeIgniter\Router\RouteCollection->group('gimnasio', [...], Object(Closure))
 5 SYSTEMPATH/Router/RouteCollection.php(339): require('/Applications/ServBay/www/trackbitos/app/Config/Routes.php')
 6 SYSTEMPATH/CodeIgniter.php(821): CodeIgniter\Router\RouteCollection->loadRoutes()
 7 SYSTEMPATH/CodeIgniter.php(455): CodeIgniter\CodeIgniter->tryToRouteIt(null)
 8 SYSTEMPATH/CodeIgniter.php(354): CodeIgniter\CodeIgniter->handleRequest(null, Object(Config\Cache), false)
 9 SYSTEMPATH/Boot.php(363): CodeIgniter\CodeIgniter->run()
10 SYSTEMPATH/Boot.php(68): CodeIgniter\Boot::runCodeIgniter(Object(CodeIgniter\CodeIgniter))
11 FCPATH/index.php(59): CodeIgniter\Boot::bootWeb(Object(Config\Paths))
WARNING - 2025-09-05 06:26:16 --> [DEPRECATED] Passing lowercase HTTP method "post" is deprecated. Use uppercase HTTP method like "POST". in SYSTEMPATH/Router/RouteCollection.php on line 1026.
 1 SYSTEMPATH/Router/RouteCollection.php(1026): trigger_error('Passing lowercase HTTP method "post" is deprecated. Use uppercase HTTP method like "POST".', 16384)
 2 APPPATH/Config/Routes.php(161): CodeIgniter\Router\RouteCollection->match([...], 'mesociclos/(:num)/generar/bilbo', 'GimnasioMesociclos::generarBilbo/$1')
 3 SYSTEMPATH/Router/RouteCollection.php(799): CodeIgniter\Router\RouteCollection::{closure}(Object(CodeIgniter\Router\RouteCollection))
 4 APPPATH/Config/Routes.php(144): CodeIgniter\Router\RouteCollection->group('gimnasio', [...], Object(Closure))
 5 SYSTEMPATH/Router/RouteCollection.php(339): require('/Applications/ServBay/www/trackbitos/app/Config/Routes.php')
 6 SYSTEMPATH/CodeIgniter.php(821): CodeIgniter\Router\RouteCollection->loadRoutes()
 7 SYSTEMPATH/CodeIgniter.php(455): CodeIgniter\CodeIgniter->tryToRouteIt(null)
 8 SYSTEMPATH/CodeIgniter.php(354): CodeIgniter\CodeIgniter->handleRequest(null, Object(Config\Cache), false)
 9 SYSTEMPATH/Boot.php(363): CodeIgniter\CodeIgniter->run()
10 SYSTEMPATH/Boot.php(68): CodeIgniter\Boot::runCodeIgniter(Object(CodeIgniter\CodeIgniter))
11 FCPATH/index.php(59): CodeIgniter\Boot::bootWeb(Object(Config\Paths))
WARNING - 2025-09-05 06:26:16 --> [DEPRECATED] Passing lowercase HTTP method "get" is deprecated. Use uppercase HTTP method like "GET". in SYSTEMPATH/Router/RouteCollection.php on line 1026.
 1 SYSTEMPATH/Router/RouteCollection.php(1026): trigger_error('Passing lowercase HTTP method "get" is deprecated. Use uppercase HTTP method like "GET".', 16384)
 2 APPPATH/Config/Routes.php(261): CodeIgniter\Router\RouteCollection->match([...], 'crear', 'Youtube::crearLista')
 3 SYSTEMPATH/Router/RouteCollection.php(799): CodeIgniter\Router\RouteCollection::{closure}(Object(CodeIgniter\Router\RouteCollection))
 4 APPPATH/Config/Routes.php(259): CodeIgniter\Router\RouteCollection->group('youtube', [...], Object(Closure))
 5 SYSTEMPATH/Router/RouteCollection.php(339): require('/Applications/ServBay/www/trackbitos/app/Config/Routes.php')
 6 SYSTEMPATH/CodeIgniter.php(821): CodeIgniter\Router\RouteCollection->loadRoutes()
 7 SYSTEMPATH/CodeIgniter.php(455): CodeIgniter\CodeIgniter->tryToRouteIt(null)
 8 SYSTEMPATH/CodeIgniter.php(354): CodeIgniter\CodeIgniter->handleRequest(null, Object(Config\Cache), false)
 9 SYSTEMPATH/Boot.php(363): CodeIgniter\CodeIgniter->run()
10 SYSTEMPATH/Boot.php(68): CodeIgniter\Boot::runCodeIgniter(Object(CodeIgniter\CodeIgniter))
11 FCPATH/index.php(59): CodeIgniter\Boot::bootWeb(Object(Config\Paths))
WARNING - 2025-09-05 06:26:16 --> [DEPRECATED] Passing lowercase HTTP method "post" is deprecated. Use uppercase HTTP method like "POST". in SYSTEMPATH/Router/RouteCollection.php on line 1026.
 1 SYSTEMPATH/Router/RouteCollection.php(1026): trigger_error('Passing lowercase HTTP method "post" is deprecated. Use uppercase HTTP method like "POST".', 16384)
 2 APPPATH/Config/Routes.php(261): CodeIgniter\Router\RouteCollection->match([...], 'crear', 'Youtube::crearLista')
 3 SYSTEMPATH/Router/RouteCollection.php(799): CodeIgniter\Router\RouteCollection::{closure}(Object(CodeIgniter\Router\RouteCollection))
 4 APPPATH/Config/Routes.php(259): CodeIgniter\Router\RouteCollection->group('youtube', [...], Object(Closure))
 5 SYSTEMPATH/Router/RouteCollection.php(339): require('/Applications/ServBay/www/trackbitos/app/Config/Routes.php')
 6 SYSTEMPATH/CodeIgniter.php(821): CodeIgniter\Router\RouteCollection->loadRoutes()
 7 SYSTEMPATH/CodeIgniter.php(455): CodeIgniter\CodeIgniter->tryToRouteIt(null)
 8 SYSTEMPATH/CodeIgniter.php(354): CodeIgniter\CodeIgniter->handleRequest(null, Object(Config\Cache), false)
 9 SYSTEMPATH/Boot.php(363): CodeIgniter\CodeIgniter->run()
10 SYSTEMPATH/Boot.php(68): CodeIgniter\Boot::runCodeIgniter(Object(CodeIgniter\CodeIgniter))
11 FCPATH/index.php(59): CodeIgniter\Boot::bootWeb(Object(Config\Paths))
DEBUG - 2025-09-05 06:26:16 --> Session: Class initialized using 'CodeIgniter\Session\Handlers\FileHandler' driver.
WARNING - 2025-09-05 06:26:17 --> [DEPRECATED] Passing lowercase HTTP method "get" is deprecated. Use uppercase HTTP method like "GET". in SYSTEMPATH/Router/RouteCollection.php on line 1026.
 1 SYSTEMPATH/Router/RouteCollection.php(1026): trigger_error('Passing lowercase HTTP method "get" is deprecated. Use uppercase HTTP method like "GET".', 16384)
 2 APPPATH/Config/Routes.php(146): CodeIgniter\Router\RouteCollection->match([...], 'mesociclos/nuevo', 'GimnasioMesociclos::nuevo')
 3 SYSTEMPATH/Router/RouteCollection.php(799): CodeIgniter\Router\RouteCollection::{closure}(Object(CodeIgniter\Router\RouteCollection))
 4 APPPATH/Config/Routes.php(144): CodeIgniter\Router\RouteCollection->group('gimnasio', [...], Object(Closure))
 5 SYSTEMPATH/Router/RouteCollection.php(339): require('/Applications/ServBay/www/trackbitos/app/Config/Routes.php')
 6 SYSTEMPATH/CodeIgniter.php(821): CodeIgniter\Router\RouteCollection->loadRoutes()
 7 SYSTEMPATH/CodeIgniter.php(455): CodeIgniter\CodeIgniter->tryToRouteIt(null)
 8 SYSTEMPATH/CodeIgniter.php(354): CodeIgniter\CodeIgniter->handleRequest(null, Object(Config\Cache), false)
 9 SYSTEMPATH/Boot.php(363): CodeIgniter\CodeIgniter->run()
10 SYSTEMPATH/Boot.php(68): CodeIgniter\Boot::runCodeIgniter(Object(CodeIgniter\CodeIgniter))
11 FCPATH/index.php(59): CodeIgniter\Boot::bootWeb(Object(Config\Paths))
WARNING - 2025-09-05 06:26:17 --> [DEPRECATED] Passing lowercase HTTP method "post" is deprecated. Use uppercase HTTP method like "POST". in SYSTEMPATH/Router/RouteCollection.php on line 1026.
 1 SYSTEMPATH/Router/RouteCollection.php(1026): trigger_error('Passing lowercase HTTP method "post" is deprecated. Use uppercase HTTP method like "POST".', 16384)
 2 APPPATH/Config/Routes.php(146): CodeIgniter\Router\RouteCollection->match([...], 'mesociclos/nuevo', 'GimnasioMesociclos::nuevo')
 3 SYSTEMPATH/Router/RouteCollection.php(799): CodeIgniter\Router\RouteCollection::{closure}(Object(CodeIgniter\Router\RouteCollection))
 4 APPPATH/Config/Routes.php(144): CodeIgniter\Router\RouteCollection->group('gimnasio', [...], Object(Closure))
 5 SYSTEMPATH/Router/RouteCollection.php(339): require('/Applications/ServBay/www/trackbitos/app/Config/Routes.php')
 6 SYSTEMPATH/CodeIgniter.php(821): CodeIgniter\Router\RouteCollection->loadRoutes()
 7 SYSTEMPATH/CodeIgniter.php(455): CodeIgniter\CodeIgniter->tryToRouteIt(null)
 8 SYSTEMPATH/CodeIgniter.php(354): CodeIgniter\CodeIgniter->handleRequest(null, Object(Config\Cache), false)
 9 SYSTEMPATH/Boot.php(363): CodeIgniter\CodeIgniter->run()
10 SYSTEMPATH/Boot.php(68): CodeIgniter\Boot::runCodeIgniter(Object(CodeIgniter\CodeIgniter))
11 FCPATH/index.php(59): CodeIgniter\Boot::bootWeb(Object(Config\Paths))
WARNING - 2025-09-05 06:26:17 --> [DEPRECATED] Passing lowercase HTTP method "get" is deprecated. Use uppercase HTTP method like "GET". in SYSTEMPATH/Router/RouteCollection.php on line 1026.
 1 SYSTEMPATH/Router/RouteCollection.php(1026): trigger_error('Passing lowercase HTTP method "get" is deprecated. Use uppercase HTTP method like "GET".', 16384)
 2 APPPATH/Config/Routes.php(148): CodeIgniter\Router\RouteCollection->match([...], 'mesociclos/(:num)/bloque/nuevo', 'GimnasioMesociclos::bloqueNuevo/$1')
 3 SYSTEMPATH/Router/RouteCollection.php(799): CodeIgniter\Router\RouteCollection::{closure}(Object(CodeIgniter\Router\RouteCollection))
 4 APPPATH/Config/Routes.php(144): CodeIgniter\Router\RouteCollection->group('gimnasio', [...], Object(Closure))
 5 SYSTEMPATH/Router/RouteCollection.php(339): require('/Applications/ServBay/www/trackbitos/app/Config/Routes.php')
 6 SYSTEMPATH/CodeIgniter.php(821): CodeIgniter\Router\RouteCollection->loadRoutes()
 7 SYSTEMPATH/CodeIgniter.php(455): CodeIgniter\CodeIgniter->tryToRouteIt(null)
 8 SYSTEMPATH/CodeIgniter.php(354): CodeIgniter\CodeIgniter->handleRequest(null, Object(Config\Cache), false)
 9 SYSTEMPATH/Boot.php(363): CodeIgniter\CodeIgniter->run()
10 SYSTEMPATH/Boot.php(68): CodeIgniter\Boot::runCodeIgniter(Object(CodeIgniter\CodeIgniter))
11 FCPATH/index.php(59): CodeIgniter\Boot::bootWeb(Object(Config\Paths))
WARNING - 2025-09-05 06:26:17 --> [DEPRECATED] Passing lowercase HTTP method "post" is deprecated. Use uppercase HTTP method like "POST". in SYSTEMPATH/Router/RouteCollection.php on line 1026.
 1 SYSTEMPATH/Router/RouteCollection.php(1026): trigger_error('Passing lowercase HTTP method "post" is deprecated. Use uppercase HTTP method like "POST".', 16384)
 2 APPPATH/Config/Routes.php(148): CodeIgniter\Router\RouteCollection->match([...], 'mesociclos/(:num)/bloque/nuevo', 'GimnasioMesociclos::bloqueNuevo/$1')
 3 SYSTEMPATH/Router/RouteCollection.php(799): CodeIgniter\Router\RouteCollection::{closure}(Object(CodeIgniter\Router\RouteCollection))
 4 APPPATH/Config/Routes.php(144): CodeIgniter\Router\RouteCollection->group('gimnasio', [...], Object(Closure))
 5 SYSTEMPATH/Router/RouteCollection.php(339): require('/Applications/ServBay/www/trackbitos/app/Config/Routes.php')
 6 SYSTEMPATH/CodeIgniter.php(821): CodeIgniter\Router\RouteCollection->loadRoutes()
 7 SYSTEMPATH/CodeIgniter.php(455): CodeIgniter\CodeIgniter->tryToRouteIt(null)
 8 SYSTEMPATH/CodeIgniter.php(354): CodeIgniter\CodeIgniter->handleRequest(null, Object(Config\Cache), false)
 9 SYSTEMPATH/Boot.php(363): CodeIgniter\CodeIgniter->run()
10 SYSTEMPATH/Boot.php(68): CodeIgniter\Boot::runCodeIgniter(Object(CodeIgniter\CodeIgniter))
11 FCPATH/index.php(59): CodeIgniter\Boot::bootWeb(Object(Config\Paths))
WARNING - 2025-09-05 06:26:17 --> [DEPRECATED] Passing lowercase HTTP method "get" is deprecated. Use uppercase HTTP method like "GET". in SYSTEMPATH/Router/RouteCollection.php on line 1026.
 1 SYSTEMPATH/Router/RouteCollection.php(1026): trigger_error('Passing lowercase HTTP method "get" is deprecated. Use uppercase HTTP method like "GET".', 16384)
 2 APPPATH/Config/Routes.php(150): CodeIgniter\Router\RouteCollection->match([...], 'mesociclos/(:num)/asignar/(:num)', 'GimnasioMesociclos::asignar/$1/$2')
 3 SYSTEMPATH/Router/RouteCollection.php(799): CodeIgniter\Router\RouteCollection::{closure}(Object(CodeIgniter\Router\RouteCollection))
 4 APPPATH/Config/Routes.php(144): CodeIgniter\Router\RouteCollection->group('gimnasio', [...], Object(Closure))
 5 SYSTEMPATH/Router/RouteCollection.php(339): require('/Applications/ServBay/www/trackbitos/app/Config/Routes.php')
 6 SYSTEMPATH/CodeIgniter.php(821): CodeIgniter\Router\RouteCollection->loadRoutes()
 7 SYSTEMPATH/CodeIgniter.php(455): CodeIgniter\CodeIgniter->tryToRouteIt(null)
 8 SYSTEMPATH/CodeIgniter.php(354): CodeIgniter\CodeIgniter->handleRequest(null, Object(Config\Cache), false)
 9 SYSTEMPATH/Boot.php(363): CodeIgniter\CodeIgniter->run()
10 SYSTEMPATH/Boot.php(68): CodeIgniter\Boot::runCodeIgniter(Object(CodeIgniter\CodeIgniter))
11 FCPATH/index.php(59): CodeIgniter\Boot::bootWeb(Object(Config\Paths))
WARNING - 2025-09-05 06:26:17 --> [DEPRECATED] Passing lowercase HTTP method "post" is deprecated. Use uppercase HTTP method like "POST". in SYSTEMPATH/Router/RouteCollection.php on line 1026.
 1 SYSTEMPATH/Router/RouteCollection.php(1026): trigger_error('Passing lowercase HTTP method "post" is deprecated. Use uppercase HTTP method like "POST".', 16384)
 2 APPPATH/Config/Routes.php(150): CodeIgniter\Router\RouteCollection->match([...], 'mesociclos/(:num)/asignar/(:num)', 'GimnasioMesociclos::asignar/$1/$2')
 3 SYSTEMPATH/Router/RouteCollection.php(799): CodeIgniter\Router\RouteCollection::{closure}(Object(CodeIgniter\Router\RouteCollection))
 4 APPPATH/Config/Routes.php(144): CodeIgniter\Router\RouteCollection->group('gimnasio', [...], Object(Closure))
 5 SYSTEMPATH/Router/RouteCollection.php(339): require('/Applications/ServBay/www/trackbitos/app/Config/Routes.php')
 6 SYSTEMPATH/CodeIgniter.php(821): CodeIgniter\Router\RouteCollection->loadRoutes()
 7 SYSTEMPATH/CodeIgniter.php(455): CodeIgniter\CodeIgniter->tryToRouteIt(null)
 8 SYSTEMPATH/CodeIgniter.php(354): CodeIgniter\CodeIgniter->handleRequest(null, Object(Config\Cache), false)
 9 SYSTEMPATH/Boot.php(363): CodeIgniter\CodeIgniter->run()
10 SYSTEMPATH/Boot.php(68): CodeIgniter\Boot::runCodeIgniter(Object(CodeIgniter\CodeIgniter))
11 FCPATH/index.php(59): CodeIgniter\Boot::bootWeb(Object(Config\Paths))
WARNING - 2025-09-05 06:26:17 --> [DEPRECATED] Passing lowercase HTTP method "get" is deprecated. Use uppercase HTTP method like "GET". in SYSTEMPATH/Router/RouteCollection.php on line 1026.
 1 SYSTEMPATH/Router/RouteCollection.php(1026): trigger_error('Passing lowercase HTTP method "get" is deprecated. Use uppercase HTTP method like "GET".', 16384)
 2 APPPATH/Config/Routes.php(153): CodeIgniter\Router\RouteCollection->match([...], 'mesociclos/(:num)/generar', 'GimnasioMesociclos::generar/$1')
 3 SYSTEMPATH/Router/RouteCollection.php(799): CodeIgniter\Router\RouteCollection::{closure}(Object(CodeIgniter\Router\RouteCollection))
 4 APPPATH/Config/Routes.php(144): CodeIgniter\Router\RouteCollection->group('gimnasio', [...], Object(Closure))
 5 SYSTEMPATH/Router/RouteCollection.php(339): require('/Applications/ServBay/www/trackbitos/app/Config/Routes.php')
 6 SYSTEMPATH/CodeIgniter.php(821): CodeIgniter\Router\RouteCollection->loadRoutes()
 7 SYSTEMPATH/CodeIgniter.php(455): CodeIgniter\CodeIgniter->tryToRouteIt(null)
 8 SYSTEMPATH/CodeIgniter.php(354): CodeIgniter\CodeIgniter->handleRequest(null, Object(Config\Cache), false)
 9 SYSTEMPATH/Boot.php(363): CodeIgniter\CodeIgniter->run()
10 SYSTEMPATH/Boot.php(68): CodeIgniter\Boot::runCodeIgniter(Object(CodeIgniter\CodeIgniter))
11 FCPATH/index.php(59): CodeIgniter\Boot::bootWeb(Object(Config\Paths))
WARNING - 2025-09-05 06:26:17 --> [DEPRECATED] Passing lowercase HTTP method "post" is deprecated. Use uppercase HTTP method like "POST". in SYSTEMPATH/Router/RouteCollection.php on line 1026.
 1 SYSTEMPATH/Router/RouteCollection.php(1026): trigger_error('Passing lowercase HTTP method "post" is deprecated. Use uppercase HTTP method like "POST".', 16384)
 2 APPPATH/Config/Routes.php(153): CodeIgniter\Router\RouteCollection->match([...], 'mesociclos/(:num)/generar', 'GimnasioMesociclos::generar/$1')
 3 SYSTEMPATH/Router/RouteCollection.php(799): CodeIgniter\Router\RouteCollection::{closure}(Object(CodeIgniter\Router\RouteCollection))
 4 APPPATH/Config/Routes.php(144): CodeIgniter\Router\RouteCollection->group('gimnasio', [...], Object(Closure))
 5 SYSTEMPATH/Router/RouteCollection.php(339): require('/Applications/ServBay/www/trackbitos/app/Config/Routes.php')
 6 SYSTEMPATH/CodeIgniter.php(821): CodeIgniter\Router\RouteCollection->loadRoutes()
 7 SYSTEMPATH/CodeIgniter.php(455): CodeIgniter\CodeIgniter->tryToRouteIt(null)
 8 SYSTEMPATH/CodeIgniter.php(354): CodeIgniter\CodeIgniter->handleRequest(null, Object(Config\Cache), false)
 9 SYSTEMPATH/Boot.php(363): CodeIgniter\CodeIgniter->run()
10 SYSTEMPATH/Boot.php(68): CodeIgniter\Boot::runCodeIgniter(Object(CodeIgniter\CodeIgniter))
11 FCPATH/index.php(59): CodeIgniter\Boot::bootWeb(Object(Config\Paths))
WARNING - 2025-09-05 06:26:17 --> [DEPRECATED] Passing lowercase HTTP method "get" is deprecated. Use uppercase HTTP method like "GET". in SYSTEMPATH/Router/RouteCollection.php on line 1026.
 1 SYSTEMPATH/Router/RouteCollection.php(1026): trigger_error('Passing lowercase HTTP method "get" is deprecated. Use uppercase HTTP method like "GET".', 16384)
 2 APPPATH/Config/Routes.php(161): CodeIgniter\Router\RouteCollection->match([...], 'mesociclos/(:num)/generar/bilbo', 'GimnasioMesociclos::generarBilbo/$1')
 3 SYSTEMPATH/Router/RouteCollection.php(799): CodeIgniter\Router\RouteCollection::{closure}(Object(CodeIgniter\Router\RouteCollection))
 4 APPPATH/Config/Routes.php(144): CodeIgniter\Router\RouteCollection->group('gimnasio', [...], Object(Closure))
 5 SYSTEMPATH/Router/RouteCollection.php(339): require('/Applications/ServBay/www/trackbitos/app/Config/Routes.php')
 6 SYSTEMPATH/CodeIgniter.php(821): CodeIgniter\Router\RouteCollection->loadRoutes()
 7 SYSTEMPATH/CodeIgniter.php(455): CodeIgniter\CodeIgniter->tryToRouteIt(null)
 8 SYSTEMPATH/CodeIgniter.php(354): CodeIgniter\CodeIgniter->handleRequest(null, Object(Config\Cache), false)
 9 SYSTEMPATH/Boot.php(363): CodeIgniter\CodeIgniter->run()
10 SYSTEMPATH/Boot.php(68): CodeIgniter\Boot::runCodeIgniter(Object(CodeIgniter\CodeIgniter))
11 FCPATH/index.php(59): CodeIgniter\Boot::bootWeb(Object(Config\Paths))
WARNING - 2025-09-05 06:26:17 --> [DEPRECATED] Passing lowercase HTTP method "post" is deprecated. Use uppercase HTTP method like "POST". in SYSTEMPATH/Router/RouteCollection.php on line 1026.
 1 SYSTEMPATH/Router/RouteCollection.php(1026): trigger_error('Passing lowercase HTTP method "post" is deprecated. Use uppercase HTTP method like "POST".', 16384)
 2 APPPATH/Config/Routes.php(161): CodeIgniter\Router\RouteCollection->match([...], 'mesociclos/(:num)/generar/bilbo', 'GimnasioMesociclos::generarBilbo/$1')
 3 SYSTEMPATH/Router/RouteCollection.php(799): CodeIgniter\Router\RouteCollection::{closure}(Object(CodeIgniter\Router\RouteCollection))
 4 APPPATH/Config/Routes.php(144): CodeIgniter\Router\RouteCollection->group('gimnasio', [...], Object(Closure))
 5 SYSTEMPATH/Router/RouteCollection.php(339): require('/Applications/ServBay/www/trackbitos/app/Config/Routes.php')
 6 SYSTEMPATH/CodeIgniter.php(821): CodeIgniter\Router\RouteCollection->loadRoutes()
 7 SYSTEMPATH/CodeIgniter.php(455): CodeIgniter\CodeIgniter->tryToRouteIt(null)
 8 SYSTEMPATH/CodeIgniter.php(354): CodeIgniter\CodeIgniter->handleRequest(null, Object(Config\Cache), false)
 9 SYSTEMPATH/Boot.php(363): CodeIgniter\CodeIgniter->run()
10 SYSTEMPATH/Boot.php(68): CodeIgniter\Boot::runCodeIgniter(Object(CodeIgniter\CodeIgniter))
11 FCPATH/index.php(59): CodeIgniter\Boot::bootWeb(Object(Config\Paths))
WARNING - 2025-09-05 06:26:17 --> [DEPRECATED] Passing lowercase HTTP method "get" is deprecated. Use uppercase HTTP method like "GET". in SYSTEMPATH/Router/RouteCollection.php on line 1026.
 1 SYSTEMPATH/Router/RouteCollection.php(1026): trigger_error('Passing lowercase HTTP method "get" is deprecated. Use uppercase HTTP method like "GET".', 16384)
 2 APPPATH/Config/Routes.php(261): CodeIgniter\Router\RouteCollection->match([...], 'crear', 'Youtube::crearLista')
 3 SYSTEMPATH/Router/RouteCollection.php(799): CodeIgniter\Router\RouteCollection::{closure}(Object(CodeIgniter\Router\RouteCollection))
 4 APPPATH/Config/Routes.php(259): CodeIgniter\Router\RouteCollection->group('youtube', [...], Object(Closure))
 5 SYSTEMPATH/Router/RouteCollection.php(339): require('/Applications/ServBay/www/trackbitos/app/Config/Routes.php')
 6 SYSTEMPATH/CodeIgniter.php(821): CodeIgniter\Router\RouteCollection->loadRoutes()
 7 SYSTEMPATH/CodeIgniter.php(455): CodeIgniter\CodeIgniter->tryToRouteIt(null)
 8 SYSTEMPATH/CodeIgniter.php(354): CodeIgniter\CodeIgniter->handleRequest(null, Object(Config\Cache), false)
 9 SYSTEMPATH/Boot.php(363): CodeIgniter\CodeIgniter->run()
10 SYSTEMPATH/Boot.php(68): CodeIgniter\Boot::runCodeIgniter(Object(CodeIgniter\CodeIgniter))
11 FCPATH/index.php(59): CodeIgniter\Boot::bootWeb(Object(Config\Paths))
WARNING - 2025-09-05 06:26:17 --> [DEPRECATED] Passing lowercase HTTP method "post" is deprecated. Use uppercase HTTP method like "POST". in SYSTEMPATH/Router/RouteCollection.php on line 1026.
 1 SYSTEMPATH/Router/RouteCollection.php(1026): trigger_error('Passing lowercase HTTP method "post" is deprecated. Use uppercase HTTP method like "POST".', 16384)
 2 APPPATH/Config/Routes.php(261): CodeIgniter\Router\RouteCollection->match([...], 'crear', 'Youtube::crearLista')
 3 SYSTEMPATH/Router/RouteCollection.php(799): CodeIgniter\Router\RouteCollection::{closure}(Object(CodeIgniter\Router\RouteCollection))
 4 APPPATH/Config/Routes.php(259): CodeIgniter\Router\RouteCollection->group('youtube', [...], Object(Closure))
 5 SYSTEMPATH/Router/RouteCollection.php(339): require('/Applications/ServBay/www/trackbitos/app/Config/Routes.php')
 6 SYSTEMPATH/CodeIgniter.php(821): CodeIgniter\Router\RouteCollection->loadRoutes()
 7 SYSTEMPATH/CodeIgniter.php(455): CodeIgniter\CodeIgniter->tryToRouteIt(null)
 8 SYSTEMPATH/CodeIgniter.php(354): CodeIgniter\CodeIgniter->handleRequest(null, Object(Config\Cache), false)
 9 SYSTEMPATH/Boot.php(363): CodeIgniter\CodeIgniter->run()
10 SYSTEMPATH/Boot.php(68): CodeIgniter\Boot::runCodeIgniter(Object(CodeIgniter\CodeIgniter))
11 FCPATH/index.php(59): CodeIgniter\Boot::bootWeb(Object(Config\Paths))
DEBUG - 2025-09-05 06:26:17 --> Session: Class initialized using 'CodeIgniter\Session\Handlers\FileHandler' driver.
WARNING - 2025-09-05 06:26:22 --> [DEPRECATED] Passing lowercase HTTP method "get" is deprecated. Use uppercase HTTP method like "GET". in SYSTEMPATH/Router/RouteCollection.php on line 1026.
 1 SYSTEMPATH/Router/RouteCollection.php(1026): trigger_error('Passing lowercase HTTP method "get" is deprecated. Use uppercase HTTP method like "GET".', 16384)
 2 APPPATH/Config/Routes.php(146): CodeIgniter\Router\RouteCollection->match([...], 'mesociclos/nuevo', 'GimnasioMesociclos::nuevo')
 3 SYSTEMPATH/Router/RouteCollection.php(799): CodeIgniter\Router\RouteCollection::{closure}(Object(CodeIgniter\Router\RouteCollection))
 4 APPPATH/Config/Routes.php(144): CodeIgniter\Router\RouteCollection->group('gimnasio', [...], Object(Closure))
 5 SYSTEMPATH/Router/RouteCollection.php(339): require('/Applications/ServBay/www/trackbitos/app/Config/Routes.php')
 6 SYSTEMPATH/CodeIgniter.php(821): CodeIgniter\Router\RouteCollection->loadRoutes()
 7 SYSTEMPATH/CodeIgniter.php(455): CodeIgniter\CodeIgniter->tryToRouteIt(null)
 8 SYSTEMPATH/CodeIgniter.php(354): CodeIgniter\CodeIgniter->handleRequest(null, Object(Config\Cache), false)
 9 SYSTEMPATH/Boot.php(363): CodeIgniter\CodeIgniter->run()
10 SYSTEMPATH/Boot.php(68): CodeIgniter\Boot::runCodeIgniter(Object(CodeIgniter\CodeIgniter))
11 FCPATH/index.php(59): CodeIgniter\Boot::bootWeb(Object(Config\Paths))
WARNING - 2025-09-05 06:26:22 --> [DEPRECATED] Passing lowercase HTTP method "post" is deprecated. Use uppercase HTTP method like "POST". in SYSTEMPATH/Router/RouteCollection.php on line 1026.
 1 SYSTEMPATH/Router/RouteCollection.php(1026): trigger_error('Passing lowercase HTTP method "post" is deprecated. Use uppercase HTTP method like "POST".', 16384)
 2 APPPATH/Config/Routes.php(146): CodeIgniter\Router\RouteCollection->match([...], 'mesociclos/nuevo', 'GimnasioMesociclos::nuevo')
 3 SYSTEMPATH/Router/RouteCollection.php(799): CodeIgniter\Router\RouteCollection::{closure}(Object(CodeIgniter\Router\RouteCollection))
 4 APPPATH/Config/Routes.php(144): CodeIgniter\Router\RouteCollection->group('gimnasio', [...], Object(Closure))
 5 SYSTEMPATH/Router/RouteCollection.php(339): require('/Applications/ServBay/www/trackbitos/app/Config/Routes.php')
 6 SYSTEMPATH/CodeIgniter.php(821): CodeIgniter\Router\RouteCollection->loadRoutes()
 7 SYSTEMPATH/CodeIgniter.php(455): CodeIgniter\CodeIgniter->tryToRouteIt(null)
 8 SYSTEMPATH/CodeIgniter.php(354): CodeIgniter\CodeIgniter->handleRequest(null, Object(Config\Cache), false)
 9 SYSTEMPATH/Boot.php(363): CodeIgniter\CodeIgniter->run()
10 SYSTEMPATH/Boot.php(68): CodeIgniter\Boot::runCodeIgniter(Object(CodeIgniter\CodeIgniter))
11 FCPATH/index.php(59): CodeIgniter\Boot::bootWeb(Object(Config\Paths))
WARNING - 2025-09-05 06:26:22 --> [DEPRECATED] Passing lowercase HTTP method "get" is deprecated. Use uppercase HTTP method like "GET". in SYSTEMPATH/Router/RouteCollection.php on line 1026.
 1 SYSTEMPATH/Router/RouteCollection.php(1026): trigger_error('Passing lowercase HTTP method "get" is deprecated. Use uppercase HTTP method like "GET".', 16384)
 2 APPPATH/Config/Routes.php(148): CodeIgniter\Router\RouteCollection->match([...], 'mesociclos/(:num)/bloque/nuevo', 'GimnasioMesociclos::bloqueNuevo/$1')
 3 SYSTEMPATH/Router/RouteCollection.php(799): CodeIgniter\Router\RouteCollection::{closure}(Object(CodeIgniter\Router\RouteCollection))
 4 APPPATH/Config/Routes.php(144): CodeIgniter\Router\RouteCollection->group('gimnasio', [...], Object(Closure))
 5 SYSTEMPATH/Router/RouteCollection.php(339): require('/Applications/ServBay/www/trackbitos/app/Config/Routes.php')
 6 SYSTEMPATH/CodeIgniter.php(821): CodeIgniter\Router\RouteCollection->loadRoutes()
 7 SYSTEMPATH/CodeIgniter.php(455): CodeIgniter\CodeIgniter->tryToRouteIt(null)
 8 SYSTEMPATH/CodeIgniter.php(354): CodeIgniter\CodeIgniter->handleRequest(null, Object(Config\Cache), false)
 9 SYSTEMPATH/Boot.php(363): CodeIgniter\CodeIgniter->run()
10 SYSTEMPATH/Boot.php(68): CodeIgniter\Boot::runCodeIgniter(Object(CodeIgniter\CodeIgniter))
11 FCPATH/index.php(59): CodeIgniter\Boot::bootWeb(Object(Config\Paths))
WARNING - 2025-09-05 06:26:22 --> [DEPRECATED] Passing lowercase HTTP method "post" is deprecated. Use uppercase HTTP method like "POST". in SYSTEMPATH/Router/RouteCollection.php on line 1026.
 1 SYSTEMPATH/Router/RouteCollection.php(1026): trigger_error('Passing lowercase HTTP method "post" is deprecated. Use uppercase HTTP method like "POST".', 16384)
 2 APPPATH/Config/Routes.php(148): CodeIgniter\Router\RouteCollection->match([...], 'mesociclos/(:num)/bloque/nuevo', 'GimnasioMesociclos::bloqueNuevo/$1')
 3 SYSTEMPATH/Router/RouteCollection.php(799): CodeIgniter\Router\RouteCollection::{closure}(Object(CodeIgniter\Router\RouteCollection))
 4 APPPATH/Config/Routes.php(144): CodeIgniter\Router\RouteCollection->group('gimnasio', [...], Object(Closure))
 5 SYSTEMPATH/Router/RouteCollection.php(339): require('/Applications/ServBay/www/trackbitos/app/Config/Routes.php')
 6 SYSTEMPATH/CodeIgniter.php(821): CodeIgniter\Router\RouteCollection->loadRoutes()
 7 SYSTEMPATH/CodeIgniter.php(455): CodeIgniter\CodeIgniter->tryToRouteIt(null)
 8 SYSTEMPATH/CodeIgniter.php(354): CodeIgniter\CodeIgniter->handleRequest(null, Object(Config\Cache), false)
 9 SYSTEMPATH/Boot.php(363): CodeIgniter\CodeIgniter->run()
10 SYSTEMPATH/Boot.php(68): CodeIgniter\Boot::runCodeIgniter(Object(CodeIgniter\CodeIgniter))
11 FCPATH/index.php(59): CodeIgniter\Boot::bootWeb(Object(Config\Paths))
WARNING - 2025-09-05 06:26:22 --> [DEPRECATED] Passing lowercase HTTP method "get" is deprecated. Use uppercase HTTP method like "GET". in SYSTEMPATH/Router/RouteCollection.php on line 1026.
 1 SYSTEMPATH/Router/RouteCollection.php(1026): trigger_error('Passing lowercase HTTP method "get" is deprecated. Use uppercase HTTP method like "GET".', 16384)
 2 APPPATH/Config/Routes.php(150): CodeIgniter\Router\RouteCollection->match([...], 'mesociclos/(:num)/asignar/(:num)', 'GimnasioMesociclos::asignar/$1/$2')
 3 SYSTEMPATH/Router/RouteCollection.php(799): CodeIgniter\Router\RouteCollection::{closure}(Object(CodeIgniter\Router\RouteCollection))
 4 APPPATH/Config/Routes.php(144): CodeIgniter\Router\RouteCollection->group('gimnasio', [...], Object(Closure))
 5 SYSTEMPATH/Router/RouteCollection.php(339): require('/Applications/ServBay/www/trackbitos/app/Config/Routes.php')
 6 SYSTEMPATH/CodeIgniter.php(821): CodeIgniter\Router\RouteCollection->loadRoutes()
 7 SYSTEMPATH/CodeIgniter.php(455): CodeIgniter\CodeIgniter->tryToRouteIt(null)
 8 SYSTEMPATH/CodeIgniter.php(354): CodeIgniter\CodeIgniter->handleRequest(null, Object(Config\Cache), false)
 9 SYSTEMPATH/Boot.php(363): CodeIgniter\CodeIgniter->run()
10 SYSTEMPATH/Boot.php(68): CodeIgniter\Boot::runCodeIgniter(Object(CodeIgniter\CodeIgniter))
11 FCPATH/index.php(59): CodeIgniter\Boot::bootWeb(Object(Config\Paths))
WARNING - 2025-09-05 06:26:22 --> [DEPRECATED] Passing lowercase HTTP method "post" is deprecated. Use uppercase HTTP method like "POST". in SYSTEMPATH/Router/RouteCollection.php on line 1026.
 1 SYSTEMPATH/Router/RouteCollection.php(1026): trigger_error('Passing lowercase HTTP method "post" is deprecated. Use uppercase HTTP method like "POST".', 16384)
 2 APPPATH/Config/Routes.php(150): CodeIgniter\Router\RouteCollection->match([...], 'mesociclos/(:num)/asignar/(:num)', 'GimnasioMesociclos::asignar/$1/$2')
 3 SYSTEMPATH/Router/RouteCollection.php(799): CodeIgniter\Router\RouteCollection::{closure}(Object(CodeIgniter\Router\RouteCollection))
 4 APPPATH/Config/Routes.php(144): CodeIgniter\Router\RouteCollection->group('gimnasio', [...], Object(Closure))
 5 SYSTEMPATH/Router/RouteCollection.php(339): require('/Applications/ServBay/www/trackbitos/app/Config/Routes.php')
 6 SYSTEMPATH/CodeIgniter.php(821): CodeIgniter\Router\RouteCollection->loadRoutes()
 7 SYSTEMPATH/CodeIgniter.php(455): CodeIgniter\CodeIgniter->tryToRouteIt(null)
 8 SYSTEMPATH/CodeIgniter.php(354): CodeIgniter\CodeIgniter->handleRequest(null, Object(Config\Cache), false)
 9 SYSTEMPATH/Boot.php(363): CodeIgniter\CodeIgniter->run()
10 SYSTEMPATH/Boot.php(68): CodeIgniter\Boot::runCodeIgniter(Object(CodeIgniter\CodeIgniter))
11 FCPATH/index.php(59): CodeIgniter\Boot::bootWeb(Object(Config\Paths))
WARNING - 2025-09-05 06:26:22 --> [DEPRECATED] Passing lowercase HTTP method "get" is deprecated. Use uppercase HTTP method like "GET". in SYSTEMPATH/Router/RouteCollection.php on line 1026.
 1 SYSTEMPATH/Router/RouteCollection.php(1026): trigger_error('Passing lowercase HTTP method "get" is deprecated. Use uppercase HTTP method like "GET".', 16384)
 2 APPPATH/Config/Routes.php(153): CodeIgniter\Router\RouteCollection->match([...], 'mesociclos/(:num)/generar', 'GimnasioMesociclos::generar/$1')
 3 SYSTEMPATH/Router/RouteCollection.php(799): CodeIgniter\Router\RouteCollection::{closure}(Object(CodeIgniter\Router\RouteCollection))
 4 APPPATH/Config/Routes.php(144): CodeIgniter\Router\RouteCollection->group('gimnasio', [...], Object(Closure))
 5 SYSTEMPATH/Router/RouteCollection.php(339): require('/Applications/ServBay/www/trackbitos/app/Config/Routes.php')
 6 SYSTEMPATH/CodeIgniter.php(821): CodeIgniter\Router\RouteCollection->loadRoutes()
 7 SYSTEMPATH/CodeIgniter.php(455): CodeIgniter\CodeIgniter->tryToRouteIt(null)
 8 SYSTEMPATH/CodeIgniter.php(354): CodeIgniter\CodeIgniter->handleRequest(null, Object(Config\Cache), false)
 9 SYSTEMPATH/Boot.php(363): CodeIgniter\CodeIgniter->run()
10 SYSTEMPATH/Boot.php(68): CodeIgniter\Boot::runCodeIgniter(Object(CodeIgniter\CodeIgniter))
11 FCPATH/index.php(59): CodeIgniter\Boot::bootWeb(Object(Config\Paths))
WARNING - 2025-09-05 06:26:22 --> [DEPRECATED] Passing lowercase HTTP method "post" is deprecated. Use uppercase HTTP method like "POST". in SYSTEMPATH/Router/RouteCollection.php on line 1026.
 1 SYSTEMPATH/Router/RouteCollection.php(1026): trigger_error('Passing lowercase HTTP method "post" is deprecated. Use uppercase HTTP method like "POST".', 16384)
 2 APPPATH/Config/Routes.php(153): CodeIgniter\Router\RouteCollection->match([...], 'mesociclos/(:num)/generar', 'GimnasioMesociclos::generar/$1')
 3 SYSTEMPATH/Router/RouteCollection.php(799): CodeIgniter\Router\RouteCollection::{closure}(Object(CodeIgniter\Router\RouteCollection))
 4 APPPATH/Config/Routes.php(144): CodeIgniter\Router\RouteCollection->group('gimnasio', [...], Object(Closure))
 5 SYSTEMPATH/Router/RouteCollection.php(339): require('/Applications/ServBay/www/trackbitos/app/Config/Routes.php')
 6 SYSTEMPATH/CodeIgniter.php(821): CodeIgniter\Router\RouteCollection->loadRoutes()
 7 SYSTEMPATH/CodeIgniter.php(455): CodeIgniter\CodeIgniter->tryToRouteIt(null)
 8 SYSTEMPATH/CodeIgniter.php(354): CodeIgniter\CodeIgniter->handleRequest(null, Object(Config\Cache), false)
 9 SYSTEMPATH/Boot.php(363): CodeIgniter\CodeIgniter->run()
10 SYSTEMPATH/Boot.php(68): CodeIgniter\Boot::runCodeIgniter(Object(CodeIgniter\CodeIgniter))
11 FCPATH/index.php(59): CodeIgniter\Boot::bootWeb(Object(Config\Paths))
WARNING - 2025-09-05 06:26:22 --> [DEPRECATED] Passing lowercase HTTP method "get" is deprecated. Use uppercase HTTP method like "GET". in SYSTEMPATH/Router/RouteCollection.php on line 1026.
 1 SYSTEMPATH/Router/RouteCollection.php(1026): trigger_error('Passing lowercase HTTP method "get" is deprecated. Use uppercase HTTP method like "GET".', 16384)
 2 APPPATH/Config/Routes.php(161): CodeIgniter\Router\RouteCollection->match([...], 'mesociclos/(:num)/generar/bilbo', 'GimnasioMesociclos::generarBilbo/$1')
 3 SYSTEMPATH/Router/RouteCollection.php(799): CodeIgniter\Router\RouteCollection::{closure}(Object(CodeIgniter\Router\RouteCollection))
 4 APPPATH/Config/Routes.php(144): CodeIgniter\Router\RouteCollection->group('gimnasio', [...], Object(Closure))
 5 SYSTEMPATH/Router/RouteCollection.php(339): require('/Applications/ServBay/www/trackbitos/app/Config/Routes.php')
 6 SYSTEMPATH/CodeIgniter.php(821): CodeIgniter\Router\RouteCollection->loadRoutes()
 7 SYSTEMPATH/CodeIgniter.php(455): CodeIgniter\CodeIgniter->tryToRouteIt(null)
 8 SYSTEMPATH/CodeIgniter.php(354): CodeIgniter\CodeIgniter->handleRequest(null, Object(Config\Cache), false)
 9 SYSTEMPATH/Boot.php(363): CodeIgniter\CodeIgniter->run()
10 SYSTEMPATH/Boot.php(68): CodeIgniter\Boot::runCodeIgniter(Object(CodeIgniter\CodeIgniter))
11 FCPATH/index.php(59): CodeIgniter\Boot::bootWeb(Object(Config\Paths))
WARNING - 2025-09-05 06:26:22 --> [DEPRECATED] Passing lowercase HTTP method "post" is deprecated. Use uppercase HTTP method like "POST". in SYSTEMPATH/Router/RouteCollection.php on line 1026.
 1 SYSTEMPATH/Router/RouteCollection.php(1026): trigger_error('Passing lowercase HTTP method "post" is deprecated. Use uppercase HTTP method like "POST".', 16384)
 2 APPPATH/Config/Routes.php(161): CodeIgniter\Router\RouteCollection->match([...], 'mesociclos/(:num)/generar/bilbo', 'GimnasioMesociclos::generarBilbo/$1')
 3 SYSTEMPATH/Router/RouteCollection.php(799): CodeIgniter\Router\RouteCollection::{closure}(Object(CodeIgniter\Router\RouteCollection))
 4 APPPATH/Config/Routes.php(144): CodeIgniter\Router\RouteCollection->group('gimnasio', [...], Object(Closure))
 5 SYSTEMPATH/Router/RouteCollection.php(339): require('/Applications/ServBay/www/trackbitos/app/Config/Routes.php')
 6 SYSTEMPATH/CodeIgniter.php(821): CodeIgniter\Router\RouteCollection->loadRoutes()
 7 SYSTEMPATH/CodeIgniter.php(455): CodeIgniter\CodeIgniter->tryToRouteIt(null)
 8 SYSTEMPATH/CodeIgniter.php(354): CodeIgniter\CodeIgniter->handleRequest(null, Object(Config\Cache), false)
 9 SYSTEMPATH/Boot.php(363): CodeIgniter\CodeIgniter->run()
10 SYSTEMPATH/Boot.php(68): CodeIgniter\Boot::runCodeIgniter(Object(CodeIgniter\CodeIgniter))
11 FCPATH/index.php(59): CodeIgniter\Boot::bootWeb(Object(Config\Paths))
WARNING - 2025-09-05 06:26:22 --> [DEPRECATED] Passing lowercase HTTP method "get" is deprecated. Use uppercase HTTP method like "GET". in SYSTEMPATH/Router/RouteCollection.php on line 1026.
 1 SYSTEMPATH/Router/RouteCollection.php(1026): trigger_error('Passing lowercase HTTP method "get" is deprecated. Use uppercase HTTP method like "GET".', 16384)
 2 APPPATH/Config/Routes.php(261): CodeIgniter\Router\RouteCollection->match([...], 'crear', 'Youtube::crearLista')
 3 SYSTEMPATH/Router/RouteCollection.php(799): CodeIgniter\Router\RouteCollection::{closure}(Object(CodeIgniter\Router\RouteCollection))
 4 APPPATH/Config/Routes.php(259): CodeIgniter\Router\RouteCollection->group('youtube', [...], Object(Closure))
 5 SYSTEMPATH/Router/RouteCollection.php(339): require('/Applications/ServBay/www/trackbitos/app/Config/Routes.php')
 6 SYSTEMPATH/CodeIgniter.php(821): CodeIgniter\Router\RouteCollection->loadRoutes()
 7 SYSTEMPATH/CodeIgniter.php(455): CodeIgniter\CodeIgniter->tryToRouteIt(null)
 8 SYSTEMPATH/CodeIgniter.php(354): CodeIgniter\CodeIgniter->handleRequest(null, Object(Config\Cache), false)
 9 SYSTEMPATH/Boot.php(363): CodeIgniter\CodeIgniter->run()
10 SYSTEMPATH/Boot.php(68): CodeIgniter\Boot::runCodeIgniter(Object(CodeIgniter\CodeIgniter))
11 FCPATH/index.php(59): CodeIgniter\Boot::bootWeb(Object(Config\Paths))
WARNING - 2025-09-05 06:26:22 --> [DEPRECATED] Passing lowercase HTTP method "post" is deprecated. Use uppercase HTTP method like "POST". in SYSTEMPATH/Router/RouteCollection.php on line 1026.
 1 SYSTEMPATH/Router/RouteCollection.php(1026): trigger_error('Passing lowercase HTTP method "post" is deprecated. Use uppercase HTTP method like "POST".', 16384)
 2 APPPATH/Config/Routes.php(261): CodeIgniter\Router\RouteCollection->match([...], 'crear', 'Youtube::crearLista')
 3 SYSTEMPATH/Router/RouteCollection.php(799): CodeIgniter\Router\RouteCollection::{closure}(Object(CodeIgniter\Router\RouteCollection))
 4 APPPATH/Config/Routes.php(259): CodeIgniter\Router\RouteCollection->group('youtube', [...], Object(Closure))
 5 SYSTEMPATH/Router/RouteCollection.php(339): require('/Applications/ServBay/www/trackbitos/app/Config/Routes.php')
 6 SYSTEMPATH/CodeIgniter.php(821): CodeIgniter\Router\RouteCollection->loadRoutes()
 7 SYSTEMPATH/CodeIgniter.php(455): CodeIgniter\CodeIgniter->tryToRouteIt(null)
 8 SYSTEMPATH/CodeIgniter.php(354): CodeIgniter\CodeIgniter->handleRequest(null, Object(Config\Cache), false)
 9 SYSTEMPATH/Boot.php(363): CodeIgniter\CodeIgniter->run()
10 SYSTEMPATH/Boot.php(68): CodeIgniter\Boot::runCodeIgniter(Object(CodeIgniter\CodeIgniter))
11 FCPATH/index.php(59): CodeIgniter\Boot::bootWeb(Object(Config\Paths))
DEBUG - 2025-09-05 06:26:22 --> Session: Class initialized using 'CodeIgniter\Session\Handlers\FileHandler' driver.
WARNING - 2025-09-05 06:26:25 --> [DEPRECATED] Passing lowercase HTTP method "get" is deprecated. Use uppercase HTTP method like "GET". in SYSTEMPATH/Router/RouteCollection.php on line 1026.
 1 SYSTEMPATH/Router/RouteCollection.php(1026): trigger_error('Passing lowercase HTTP method "get" is deprecated. Use uppercase HTTP method like "GET".', 16384)
 2 APPPATH/Config/Routes.php(146): CodeIgniter\Router\RouteCollection->match([...], 'mesociclos/nuevo', 'GimnasioMesociclos::nuevo')
 3 SYSTEMPATH/Router/RouteCollection.php(799): CodeIgniter\Router\RouteCollection::{closure}(Object(CodeIgniter\Router\RouteCollection))
 4 APPPATH/Config/Routes.php(144): CodeIgniter\Router\RouteCollection->group('gimnasio', [...], Object(Closure))
 5 SYSTEMPATH/Router/RouteCollection.php(339): require('/Applications/ServBay/www/trackbitos/app/Config/Routes.php')
 6 SYSTEMPATH/CodeIgniter.php(821): CodeIgniter\Router\RouteCollection->loadRoutes()
 7 SYSTEMPATH/CodeIgniter.php(455): CodeIgniter\CodeIgniter->tryToRouteIt(null)
 8 SYSTEMPATH/CodeIgniter.php(354): CodeIgniter\CodeIgniter->handleRequest(null, Object(Config\Cache), false)
 9 SYSTEMPATH/Boot.php(363): CodeIgniter\CodeIgniter->run()
10 SYSTEMPATH/Boot.php(68): CodeIgniter\Boot::runCodeIgniter(Object(CodeIgniter\CodeIgniter))
11 FCPATH/index.php(59): CodeIgniter\Boot::bootWeb(Object(Config\Paths))
WARNING - 2025-09-05 06:26:25 --> [DEPRECATED] Passing lowercase HTTP method "post" is deprecated. Use uppercase HTTP method like "POST". in SYSTEMPATH/Router/RouteCollection.php on line 1026.
 1 SYSTEMPATH/Router/RouteCollection.php(1026): trigger_error('Passing lowercase HTTP method "post" is deprecated. Use uppercase HTTP method like "POST".', 16384)
 2 APPPATH/Config/Routes.php(146): CodeIgniter\Router\RouteCollection->match([...], 'mesociclos/nuevo', 'GimnasioMesociclos::nuevo')
 3 SYSTEMPATH/Router/RouteCollection.php(799): CodeIgniter\Router\RouteCollection::{closure}(Object(CodeIgniter\Router\RouteCollection))
 4 APPPATH/Config/Routes.php(144): CodeIgniter\Router\RouteCollection->group('gimnasio', [...], Object(Closure))
 5 SYSTEMPATH/Router/RouteCollection.php(339): require('/Applications/ServBay/www/trackbitos/app/Config/Routes.php')
 6 SYSTEMPATH/CodeIgniter.php(821): CodeIgniter\Router\RouteCollection->loadRoutes()
 7 SYSTEMPATH/CodeIgniter.php(455): CodeIgniter\CodeIgniter->tryToRouteIt(null)
 8 SYSTEMPATH/CodeIgniter.php(354): CodeIgniter\CodeIgniter->handleRequest(null, Object(Config\Cache), false)
 9 SYSTEMPATH/Boot.php(363): CodeIgniter\CodeIgniter->run()
10 SYSTEMPATH/Boot.php(68): CodeIgniter\Boot::runCodeIgniter(Object(CodeIgniter\CodeIgniter))
11 FCPATH/index.php(59): CodeIgniter\Boot::bootWeb(Object(Config\Paths))
WARNING - 2025-09-05 06:26:25 --> [DEPRECATED] Passing lowercase HTTP method "get" is deprecated. Use uppercase HTTP method like "GET". in SYSTEMPATH/Router/RouteCollection.php on line 1026.
 1 SYSTEMPATH/Router/RouteCollection.php(1026): trigger_error('Passing lowercase HTTP method "get" is deprecated. Use uppercase HTTP method like "GET".', 16384)
 2 APPPATH/Config/Routes.php(148): CodeIgniter\Router\RouteCollection->match([...], 'mesociclos/(:num)/bloque/nuevo', 'GimnasioMesociclos::bloqueNuevo/$1')
 3 SYSTEMPATH/Router/RouteCollection.php(799): CodeIgniter\Router\RouteCollection::{closure}(Object(CodeIgniter\Router\RouteCollection))
 4 APPPATH/Config/Routes.php(144): CodeIgniter\Router\RouteCollection->group('gimnasio', [...], Object(Closure))
 5 SYSTEMPATH/Router/RouteCollection.php(339): require('/Applications/ServBay/www/trackbitos/app/Config/Routes.php')
 6 SYSTEMPATH/CodeIgniter.php(821): CodeIgniter\Router\RouteCollection->loadRoutes()
 7 SYSTEMPATH/CodeIgniter.php(455): CodeIgniter\CodeIgniter->tryToRouteIt(null)
 8 SYSTEMPATH/CodeIgniter.php(354): CodeIgniter\CodeIgniter->handleRequest(null, Object(Config\Cache), false)
 9 SYSTEMPATH/Boot.php(363): CodeIgniter\CodeIgniter->run()
10 SYSTEMPATH/Boot.php(68): CodeIgniter\Boot::runCodeIgniter(Object(CodeIgniter\CodeIgniter))
11 FCPATH/index.php(59): CodeIgniter\Boot::bootWeb(Object(Config\Paths))
WARNING - 2025-09-05 06:26:25 --> [DEPRECATED] Passing lowercase HTTP method "post" is deprecated. Use uppercase HTTP method like "POST". in SYSTEMPATH/Router/RouteCollection.php on line 1026.
 1 SYSTEMPATH/Router/RouteCollection.php(1026): trigger_error('Passing lowercase HTTP method "post" is deprecated. Use uppercase HTTP method like "POST".', 16384)
 2 APPPATH/Config/Routes.php(148): CodeIgniter\Router\RouteCollection->match([...], 'mesociclos/(:num)/bloque/nuevo', 'GimnasioMesociclos::bloqueNuevo/$1')
 3 SYSTEMPATH/Router/RouteCollection.php(799): CodeIgniter\Router\RouteCollection::{closure}(Object(CodeIgniter\Router\RouteCollection))
 4 APPPATH/Config/Routes.php(144): CodeIgniter\Router\RouteCollection->group('gimnasio', [...], Object(Closure))
 5 SYSTEMPATH/Router/RouteCollection.php(339): require('/Applications/ServBay/www/trackbitos/app/Config/Routes.php')
 6 SYSTEMPATH/CodeIgniter.php(821): CodeIgniter\Router\RouteCollection->loadRoutes()
 7 SYSTEMPATH/CodeIgniter.php(455): CodeIgniter\CodeIgniter->tryToRouteIt(null)
 8 SYSTEMPATH/CodeIgniter.php(354): CodeIgniter\CodeIgniter->handleRequest(null, Object(Config\Cache), false)
 9 SYSTEMPATH/Boot.php(363): CodeIgniter\CodeIgniter->run()
10 SYSTEMPATH/Boot.php(68): CodeIgniter\Boot::runCodeIgniter(Object(CodeIgniter\CodeIgniter))
11 FCPATH/index.php(59): CodeIgniter\Boot::bootWeb(Object(Config\Paths))
WARNING - 2025-09-05 06:26:25 --> [DEPRECATED] Passing lowercase HTTP method "get" is deprecated. Use uppercase HTTP method like "GET". in SYSTEMPATH/Router/RouteCollection.php on line 1026.
 1 SYSTEMPATH/Router/RouteCollection.php(1026): trigger_error('Passing lowercase HTTP method "get" is deprecated. Use uppercase HTTP method like "GET".', 16384)
 2 APPPATH/Config/Routes.php(150): CodeIgniter\Router\RouteCollection->match([...], 'mesociclos/(:num)/asignar/(:num)', 'GimnasioMesociclos::asignar/$1/$2')
 3 SYSTEMPATH/Router/RouteCollection.php(799): CodeIgniter\Router\RouteCollection::{closure}(Object(CodeIgniter\Router\RouteCollection))
 4 APPPATH/Config/Routes.php(144): CodeIgniter\Router\RouteCollection->group('gimnasio', [...], Object(Closure))
 5 SYSTEMPATH/Router/RouteCollection.php(339): require('/Applications/ServBay/www/trackbitos/app/Config/Routes.php')
 6 SYSTEMPATH/CodeIgniter.php(821): CodeIgniter\Router\RouteCollection->loadRoutes()
 7 SYSTEMPATH/CodeIgniter.php(455): CodeIgniter\CodeIgniter->tryToRouteIt(null)
 8 SYSTEMPATH/CodeIgniter.php(354): CodeIgniter\CodeIgniter->handleRequest(null, Object(Config\Cache), false)
 9 SYSTEMPATH/Boot.php(363): CodeIgniter\CodeIgniter->run()
10 SYSTEMPATH/Boot.php(68): CodeIgniter\Boot::runCodeIgniter(Object(CodeIgniter\CodeIgniter))
11 FCPATH/index.php(59): CodeIgniter\Boot::bootWeb(Object(Config\Paths))
WARNING - 2025-09-05 06:26:25 --> [DEPRECATED] Passing lowercase HTTP method "post" is deprecated. Use uppercase HTTP method like "POST". in SYSTEMPATH/Router/RouteCollection.php on line 1026.
 1 SYSTEMPATH/Router/RouteCollection.php(1026): trigger_error('Passing lowercase HTTP method "post" is deprecated. Use uppercase HTTP method like "POST".', 16384)
 2 APPPATH/Config/Routes.php(150): CodeIgniter\Router\RouteCollection->match([...], 'mesociclos/(:num)/asignar/(:num)', 'GimnasioMesociclos::asignar/$1/$2')
 3 SYSTEMPATH/Router/RouteCollection.php(799): CodeIgniter\Router\RouteCollection::{closure}(Object(CodeIgniter\Router\RouteCollection))
 4 APPPATH/Config/Routes.php(144): CodeIgniter\Router\RouteCollection->group('gimnasio', [...], Object(Closure))
 5 SYSTEMPATH/Router/RouteCollection.php(339): require('/Applications/ServBay/www/trackbitos/app/Config/Routes.php')
 6 SYSTEMPATH/CodeIgniter.php(821): CodeIgniter\Router\RouteCollection->loadRoutes()
 7 SYSTEMPATH/CodeIgniter.php(455): CodeIgniter\CodeIgniter->tryToRouteIt(null)
 8 SYSTEMPATH/CodeIgniter.php(354): CodeIgniter\CodeIgniter->handleRequest(null, Object(Config\Cache), false)
 9 SYSTEMPATH/Boot.php(363): CodeIgniter\CodeIgniter->run()
10 SYSTEMPATH/Boot.php(68): CodeIgniter\Boot::runCodeIgniter(Object(CodeIgniter\CodeIgniter))
11 FCPATH/index.php(59): CodeIgniter\Boot::bootWeb(Object(Config\Paths))
WARNING - 2025-09-05 06:26:25 --> [DEPRECATED] Passing lowercase HTTP method "get" is deprecated. Use uppercase HTTP method like "GET". in SYSTEMPATH/Router/RouteCollection.php on line 1026.
 1 SYSTEMPATH/Router/RouteCollection.php(1026): trigger_error('Passing lowercase HTTP method "get" is deprecated. Use uppercase HTTP method like "GET".', 16384)
 2 APPPATH/Config/Routes.php(153): CodeIgniter\Router\RouteCollection->match([...], 'mesociclos/(:num)/generar', 'GimnasioMesociclos::generar/$1')
 3 SYSTEMPATH/Router/RouteCollection.php(799): CodeIgniter\Router\RouteCollection::{closure}(Object(CodeIgniter\Router\RouteCollection))
 4 APPPATH/Config/Routes.php(144): CodeIgniter\Router\RouteCollection->group('gimnasio', [...], Object(Closure))
 5 SYSTEMPATH/Router/RouteCollection.php(339): require('/Applications/ServBay/www/trackbitos/app/Config/Routes.php')
 6 SYSTEMPATH/CodeIgniter.php(821): CodeIgniter\Router\RouteCollection->loadRoutes()
 7 SYSTEMPATH/CodeIgniter.php(455): CodeIgniter\CodeIgniter->tryToRouteIt(null)
 8 SYSTEMPATH/CodeIgniter.php(354): CodeIgniter\CodeIgniter->handleRequest(null, Object(Config\Cache), false)
 9 SYSTEMPATH/Boot.php(363): CodeIgniter\CodeIgniter->run()
10 SYSTEMPATH/Boot.php(68): CodeIgniter\Boot::runCodeIgniter(Object(CodeIgniter\CodeIgniter))
11 FCPATH/index.php(59): CodeIgniter\Boot::bootWeb(Object(Config\Paths))
WARNING - 2025-09-05 06:26:25 --> [DEPRECATED] Passing lowercase HTTP method "post" is deprecated. Use uppercase HTTP method like "POST". in SYSTEMPATH/Router/RouteCollection.php on line 1026.
 1 SYSTEMPATH/Router/RouteCollection.php(1026): trigger_error('Passing lowercase HTTP method "post" is deprecated. Use uppercase HTTP method like "POST".', 16384)
 2 APPPATH/Config/Routes.php(153): CodeIgniter\Router\RouteCollection->match([...], 'mesociclos/(:num)/generar', 'GimnasioMesociclos::generar/$1')
 3 SYSTEMPATH/Router/RouteCollection.php(799): CodeIgniter\Router\RouteCollection::{closure}(Object(CodeIgniter\Router\RouteCollection))
 4 APPPATH/Config/Routes.php(144): CodeIgniter\Router\RouteCollection->group('gimnasio', [...], Object(Closure))
 5 SYSTEMPATH/Router/RouteCollection.php(339): require('/Applications/ServBay/www/trackbitos/app/Config/Routes.php')
 6 SYSTEMPATH/CodeIgniter.php(821): CodeIgniter\Router\RouteCollection->loadRoutes()
 7 SYSTEMPATH/CodeIgniter.php(455): CodeIgniter\CodeIgniter->tryToRouteIt(null)
 8 SYSTEMPATH/CodeIgniter.php(354): CodeIgniter\CodeIgniter->handleRequest(null, Object(Config\Cache), false)
 9 SYSTEMPATH/Boot.php(363): CodeIgniter\CodeIgniter->run()
10 SYSTEMPATH/Boot.php(68): CodeIgniter\Boot::runCodeIgniter(Object(CodeIgniter\CodeIgniter))
11 FCPATH/index.php(59): CodeIgniter\Boot::bootWeb(Object(Config\Paths))
WARNING - 2025-09-05 06:26:25 --> [DEPRECATED] Passing lowercase HTTP method "get" is deprecated. Use uppercase HTTP method like "GET". in SYSTEMPATH/Router/RouteCollection.php on line 1026.
 1 SYSTEMPATH/Router/RouteCollection.php(1026): trigger_error('Passing lowercase HTTP method "get" is deprecated. Use uppercase HTTP method like "GET".', 16384)
 2 APPPATH/Config/Routes.php(161): CodeIgniter\Router\RouteCollection->match([...], 'mesociclos/(:num)/generar/bilbo', 'GimnasioMesociclos::generarBilbo/$1')
 3 SYSTEMPATH/Router/RouteCollection.php(799): CodeIgniter\Router\RouteCollection::{closure}(Object(CodeIgniter\Router\RouteCollection))
 4 APPPATH/Config/Routes.php(144): CodeIgniter\Router\RouteCollection->group('gimnasio', [...], Object(Closure))
 5 SYSTEMPATH/Router/RouteCollection.php(339): require('/Applications/ServBay/www/trackbitos/app/Config/Routes.php')
 6 SYSTEMPATH/CodeIgniter.php(821): CodeIgniter\Router\RouteCollection->loadRoutes()
 7 SYSTEMPATH/CodeIgniter.php(455): CodeIgniter\CodeIgniter->tryToRouteIt(null)
 8 SYSTEMPATH/CodeIgniter.php(354): CodeIgniter\CodeIgniter->handleRequest(null, Object(Config\Cache), false)
 9 SYSTEMPATH/Boot.php(363): CodeIgniter\CodeIgniter->run()
10 SYSTEMPATH/Boot.php(68): CodeIgniter\Boot::runCodeIgniter(Object(CodeIgniter\CodeIgniter))
11 FCPATH/index.php(59): CodeIgniter\Boot::bootWeb(Object(Config\Paths))
WARNING - 2025-09-05 06:26:25 --> [DEPRECATED] Passing lowercase HTTP method "post" is deprecated. Use uppercase HTTP method like "POST". in SYSTEMPATH/Router/RouteCollection.php on line 1026.
 1 SYSTEMPATH/Router/RouteCollection.php(1026): trigger_error('Passing lowercase HTTP method "post" is deprecated. Use uppercase HTTP method like "POST".', 16384)
 2 APPPATH/Config/Routes.php(161): CodeIgniter\Router\RouteCollection->match([...], 'mesociclos/(:num)/generar/bilbo', 'GimnasioMesociclos::generarBilbo/$1')
 3 SYSTEMPATH/Router/RouteCollection.php(799): CodeIgniter\Router\RouteCollection::{closure}(Object(CodeIgniter\Router\RouteCollection))
 4 APPPATH/Config/Routes.php(144): CodeIgniter\Router\RouteCollection->group('gimnasio', [...], Object(Closure))
 5 SYSTEMPATH/Router/RouteCollection.php(339): require('/Applications/ServBay/www/trackbitos/app/Config/Routes.php')
 6 SYSTEMPATH/CodeIgniter.php(821): CodeIgniter\Router\RouteCollection->loadRoutes()
 7 SYSTEMPATH/CodeIgniter.php(455): CodeIgniter\CodeIgniter->tryToRouteIt(null)
 8 SYSTEMPATH/CodeIgniter.php(354): CodeIgniter\CodeIgniter->handleRequest(null, Object(Config\Cache), false)
 9 SYSTEMPATH/Boot.php(363): CodeIgniter\CodeIgniter->run()
10 SYSTEMPATH/Boot.php(68): CodeIgniter\Boot::runCodeIgniter(Object(CodeIgniter\CodeIgniter))
11 FCPATH/index.php(59): CodeIgniter\Boot::bootWeb(Object(Config\Paths))
WARNING - 2025-09-05 06:26:25 --> [DEPRECATED] Passing lowercase HTTP method "get" is deprecated. Use uppercase HTTP method like "GET". in SYSTEMPATH/Router/RouteCollection.php on line 1026.
 1 SYSTEMPATH/Router/RouteCollection.php(1026): trigger_error('Passing lowercase HTTP method "get" is deprecated. Use uppercase HTTP method like "GET".', 16384)
 2 APPPATH/Config/Routes.php(261): CodeIgniter\Router\RouteCollection->match([...], 'crear', 'Youtube::crearLista')
 3 SYSTEMPATH/Router/RouteCollection.php(799): CodeIgniter\Router\RouteCollection::{closure}(Object(CodeIgniter\Router\RouteCollection))
 4 APPPATH/Config/Routes.php(259): CodeIgniter\Router\RouteCollection->group('youtube', [...], Object(Closure))
 5 SYSTEMPATH/Router/RouteCollection.php(339): require('/Applications/ServBay/www/trackbitos/app/Config/Routes.php')
 6 SYSTEMPATH/CodeIgniter.php(821): CodeIgniter\Router\RouteCollection->loadRoutes()
 7 SYSTEMPATH/CodeIgniter.php(455): CodeIgniter\CodeIgniter->tryToRouteIt(null)
 8 SYSTEMPATH/CodeIgniter.php(354): CodeIgniter\CodeIgniter->handleRequest(null, Object(Config\Cache), false)
 9 SYSTEMPATH/Boot.php(363): CodeIgniter\CodeIgniter->run()
10 SYSTEMPATH/Boot.php(68): CodeIgniter\Boot::runCodeIgniter(Object(CodeIgniter\CodeIgniter))
11 FCPATH/index.php(59): CodeIgniter\Boot::bootWeb(Object(Config\Paths))
WARNING - 2025-09-05 06:26:25 --> [DEPRECATED] Passing lowercase HTTP method "post" is deprecated. Use uppercase HTTP method like "POST". in SYSTEMPATH/Router/RouteCollection.php on line 1026.
 1 SYSTEMPATH/Router/RouteCollection.php(1026): trigger_error('Passing lowercase HTTP method "post" is deprecated. Use uppercase HTTP method like "POST".', 16384)
 2 APPPATH/Config/Routes.php(261): CodeIgniter\Router\RouteCollection->match([...], 'crear', 'Youtube::crearLista')
 3 SYSTEMPATH/Router/RouteCollection.php(799): CodeIgniter\Router\RouteCollection::{closure}(Object(CodeIgniter\Router\RouteCollection))
 4 APPPATH/Config/Routes.php(259): CodeIgniter\Router\RouteCollection->group('youtube', [...], Object(Closure))
 5 SYSTEMPATH/Router/RouteCollection.php(339): require('/Applications/ServBay/www/trackbitos/app/Config/Routes.php')
 6 SYSTEMPATH/CodeIgniter.php(821): CodeIgniter\Router\RouteCollection->loadRoutes()
 7 SYSTEMPATH/CodeIgniter.php(455): CodeIgniter\CodeIgniter->tryToRouteIt(null)
 8 SYSTEMPATH/CodeIgniter.php(354): CodeIgniter\CodeIgniter->handleRequest(null, Object(Config\Cache), false)
 9 SYSTEMPATH/Boot.php(363): CodeIgniter\CodeIgniter->run()
10 SYSTEMPATH/Boot.php(68): CodeIgniter\Boot::runCodeIgniter(Object(CodeIgniter\CodeIgniter))
11 FCPATH/index.php(59): CodeIgniter\Boot::bootWeb(Object(Config\Paths))
DEBUG - 2025-09-05 06:26:25 --> Session: Class initialized using 'CodeIgniter\Session\Handlers\FileHandler' driver.
WARNING - 2025-09-05 06:26:29 --> [DEPRECATED] Passing lowercase HTTP method "get" is deprecated. Use uppercase HTTP method like "GET". in SYSTEMPATH/Router/RouteCollection.php on line 1026.
 1 SYSTEMPATH/Router/RouteCollection.php(1026): trigger_error('Passing lowercase HTTP method "get" is deprecated. Use uppercase HTTP method like "GET".', 16384)
 2 APPPATH/Config/Routes.php(146): CodeIgniter\Router\RouteCollection->match([...], 'mesociclos/nuevo', 'GimnasioMesociclos::nuevo')
 3 SYSTEMPATH/Router/RouteCollection.php(799): CodeIgniter\Router\RouteCollection::{closure}(Object(CodeIgniter\Router\RouteCollection))
 4 APPPATH/Config/Routes.php(144): CodeIgniter\Router\RouteCollection->group('gimnasio', [...], Object(Closure))
 5 SYSTEMPATH/Router/RouteCollection.php(339): require('/Applications/ServBay/www/trackbitos/app/Config/Routes.php')
 6 SYSTEMPATH/CodeIgniter.php(821): CodeIgniter\Router\RouteCollection->loadRoutes()
 7 SYSTEMPATH/CodeIgniter.php(455): CodeIgniter\CodeIgniter->tryToRouteIt(null)
 8 SYSTEMPATH/CodeIgniter.php(354): CodeIgniter\CodeIgniter->handleRequest(null, Object(Config\Cache), false)
 9 SYSTEMPATH/Boot.php(363): CodeIgniter\CodeIgniter->run()
10 SYSTEMPATH/Boot.php(68): CodeIgniter\Boot::runCodeIgniter(Object(CodeIgniter\CodeIgniter))
11 FCPATH/index.php(59): CodeIgniter\Boot::bootWeb(Object(Config\Paths))
WARNING - 2025-09-05 06:26:29 --> [DEPRECATED] Passing lowercase HTTP method "post" is deprecated. Use uppercase HTTP method like "POST". in SYSTEMPATH/Router/RouteCollection.php on line 1026.
 1 SYSTEMPATH/Router/RouteCollection.php(1026): trigger_error('Passing lowercase HTTP method "post" is deprecated. Use uppercase HTTP method like "POST".', 16384)
 2 APPPATH/Config/Routes.php(146): CodeIgniter\Router\RouteCollection->match([...], 'mesociclos/nuevo', 'GimnasioMesociclos::nuevo')
 3 SYSTEMPATH/Router/RouteCollection.php(799): CodeIgniter\Router\RouteCollection::{closure}(Object(CodeIgniter\Router\RouteCollection))
 4 APPPATH/Config/Routes.php(144): CodeIgniter\Router\RouteCollection->group('gimnasio', [...], Object(Closure))
 5 SYSTEMPATH/Router/RouteCollection.php(339): require('/Applications/ServBay/www/trackbitos/app/Config/Routes.php')
 6 SYSTEMPATH/CodeIgniter.php(821): CodeIgniter\Router\RouteCollection->loadRoutes()
 7 SYSTEMPATH/CodeIgniter.php(455): CodeIgniter\CodeIgniter->tryToRouteIt(null)
 8 SYSTEMPATH/CodeIgniter.php(354): CodeIgniter\CodeIgniter->handleRequest(null, Object(Config\Cache), false)
 9 SYSTEMPATH/Boot.php(363): CodeIgniter\CodeIgniter->run()
10 SYSTEMPATH/Boot.php(68): CodeIgniter\Boot::runCodeIgniter(Object(CodeIgniter\CodeIgniter))
11 FCPATH/index.php(59): CodeIgniter\Boot::bootWeb(Object(Config\Paths))
WARNING - 2025-09-05 06:26:29 --> [DEPRECATED] Passing lowercase HTTP method "get" is deprecated. Use uppercase HTTP method like "GET". in SYSTEMPATH/Router/RouteCollection.php on line 1026.
 1 SYSTEMPATH/Router/RouteCollection.php(1026): trigger_error('Passing lowercase HTTP method "get" is deprecated. Use uppercase HTTP method like "GET".', 16384)
 2 APPPATH/Config/Routes.php(148): CodeIgniter\Router\RouteCollection->match([...], 'mesociclos/(:num)/bloque/nuevo', 'GimnasioMesociclos::bloqueNuevo/$1')
 3 SYSTEMPATH/Router/RouteCollection.php(799): CodeIgniter\Router\RouteCollection::{closure}(Object(CodeIgniter\Router\RouteCollection))
 4 APPPATH/Config/Routes.php(144): CodeIgniter\Router\RouteCollection->group('gimnasio', [...], Object(Closure))
 5 SYSTEMPATH/Router/RouteCollection.php(339): require('/Applications/ServBay/www/trackbitos/app/Config/Routes.php')
 6 SYSTEMPATH/CodeIgniter.php(821): CodeIgniter\Router\RouteCollection->loadRoutes()
 7 SYSTEMPATH/CodeIgniter.php(455): CodeIgniter\CodeIgniter->tryToRouteIt(null)
 8 SYSTEMPATH/CodeIgniter.php(354): CodeIgniter\CodeIgniter->handleRequest(null, Object(Config\Cache), false)
 9 SYSTEMPATH/Boot.php(363): CodeIgniter\CodeIgniter->run()
10 SYSTEMPATH/Boot.php(68): CodeIgniter\Boot::runCodeIgniter(Object(CodeIgniter\CodeIgniter))
11 FCPATH/index.php(59): CodeIgniter\Boot::bootWeb(Object(Config\Paths))
WARNING - 2025-09-05 06:26:29 --> [DEPRECATED] Passing lowercase HTTP method "post" is deprecated. Use uppercase HTTP method like "POST". in SYSTEMPATH/Router/RouteCollection.php on line 1026.
 1 SYSTEMPATH/Router/RouteCollection.php(1026): trigger_error('Passing lowercase HTTP method "post" is deprecated. Use uppercase HTTP method like "POST".', 16384)
 2 APPPATH/Config/Routes.php(148): CodeIgniter\Router\RouteCollection->match([...], 'mesociclos/(:num)/bloque/nuevo', 'GimnasioMesociclos::bloqueNuevo/$1')
 3 SYSTEMPATH/Router/RouteCollection.php(799): CodeIgniter\Router\RouteCollection::{closure}(Object(CodeIgniter\Router\RouteCollection))
 4 APPPATH/Config/Routes.php(144): CodeIgniter\Router\RouteCollection->group('gimnasio', [...], Object(Closure))
 5 SYSTEMPATH/Router/RouteCollection.php(339): require('/Applications/ServBay/www/trackbitos/app/Config/Routes.php')
 6 SYSTEMPATH/CodeIgniter.php(821): CodeIgniter\Router\RouteCollection->loadRoutes()
 7 SYSTEMPATH/CodeIgniter.php(455): CodeIgniter\CodeIgniter->tryToRouteIt(null)
 8 SYSTEMPATH/CodeIgniter.php(354): CodeIgniter\CodeIgniter->handleRequest(null, Object(Config\Cache), false)
 9 SYSTEMPATH/Boot.php(363): CodeIgniter\CodeIgniter->run()
10 SYSTEMPATH/Boot.php(68): CodeIgniter\Boot::runCodeIgniter(Object(CodeIgniter\CodeIgniter))
11 FCPATH/index.php(59): CodeIgniter\Boot::bootWeb(Object(Config\Paths))
WARNING - 2025-09-05 06:26:29 --> [DEPRECATED] Passing lowercase HTTP method "get" is deprecated. Use uppercase HTTP method like "GET". in SYSTEMPATH/Router/RouteCollection.php on line 1026.
 1 SYSTEMPATH/Router/RouteCollection.php(1026): trigger_error('Passing lowercase HTTP method "get" is deprecated. Use uppercase HTTP method like "GET".', 16384)
 2 APPPATH/Config/Routes.php(150): CodeIgniter\Router\RouteCollection->match([...], 'mesociclos/(:num)/asignar/(:num)', 'GimnasioMesociclos::asignar/$1/$2')
 3 SYSTEMPATH/Router/RouteCollection.php(799): CodeIgniter\Router\RouteCollection::{closure}(Object(CodeIgniter\Router\RouteCollection))
 4 APPPATH/Config/Routes.php(144): CodeIgniter\Router\RouteCollection->group('gimnasio', [...], Object(Closure))
 5 SYSTEMPATH/Router/RouteCollection.php(339): require('/Applications/ServBay/www/trackbitos/app/Config/Routes.php')
 6 SYSTEMPATH/CodeIgniter.php(821): CodeIgniter\Router\RouteCollection->loadRoutes()
 7 SYSTEMPATH/CodeIgniter.php(455): CodeIgniter\CodeIgniter->tryToRouteIt(null)
 8 SYSTEMPATH/CodeIgniter.php(354): CodeIgniter\CodeIgniter->handleRequest(null, Object(Config\Cache), false)
 9 SYSTEMPATH/Boot.php(363): CodeIgniter\CodeIgniter->run()
10 SYSTEMPATH/Boot.php(68): CodeIgniter\Boot::runCodeIgniter(Object(CodeIgniter\CodeIgniter))
11 FCPATH/index.php(59): CodeIgniter\Boot::bootWeb(Object(Config\Paths))
WARNING - 2025-09-05 06:26:29 --> [DEPRECATED] Passing lowercase HTTP method "post" is deprecated. Use uppercase HTTP method like "POST". in SYSTEMPATH/Router/RouteCollection.php on line 1026.
 1 SYSTEMPATH/Router/RouteCollection.php(1026): trigger_error('Passing lowercase HTTP method "post" is deprecated. Use uppercase HTTP method like "POST".', 16384)
 2 APPPATH/Config/Routes.php(150): CodeIgniter\Router\RouteCollection->match([...], 'mesociclos/(:num)/asignar/(:num)', 'GimnasioMesociclos::asignar/$1/$2')
 3 SYSTEMPATH/Router/RouteCollection.php(799): CodeIgniter\Router\RouteCollection::{closure}(Object(CodeIgniter\Router\RouteCollection))
 4 APPPATH/Config/Routes.php(144): CodeIgniter\Router\RouteCollection->group('gimnasio', [...], Object(Closure))
 5 SYSTEMPATH/Router/RouteCollection.php(339): require('/Applications/ServBay/www/trackbitos/app/Config/Routes.php')
 6 SYSTEMPATH/CodeIgniter.php(821): CodeIgniter\Router\RouteCollection->loadRoutes()
 7 SYSTEMPATH/CodeIgniter.php(455): CodeIgniter\CodeIgniter->tryToRouteIt(null)
 8 SYSTEMPATH/CodeIgniter.php(354): CodeIgniter\CodeIgniter->handleRequest(null, Object(Config\Cache), false)
 9 SYSTEMPATH/Boot.php(363): CodeIgniter\CodeIgniter->run()
10 SYSTEMPATH/Boot.php(68): CodeIgniter\Boot::runCodeIgniter(Object(CodeIgniter\CodeIgniter))
11 FCPATH/index.php(59): CodeIgniter\Boot::bootWeb(Object(Config\Paths))
WARNING - 2025-09-05 06:26:29 --> [DEPRECATED] Passing lowercase HTTP method "get" is deprecated. Use uppercase HTTP method like "GET". in SYSTEMPATH/Router/RouteCollection.php on line 1026.
 1 SYSTEMPATH/Router/RouteCollection.php(1026): trigger_error('Passing lowercase HTTP method "get" is deprecated. Use uppercase HTTP method like "GET".', 16384)
 2 APPPATH/Config/Routes.php(153): CodeIgniter\Router\RouteCollection->match([...], 'mesociclos/(:num)/generar', 'GimnasioMesociclos::generar/$1')
 3 SYSTEMPATH/Router/RouteCollection.php(799): CodeIgniter\Router\RouteCollection::{closure}(Object(CodeIgniter\Router\RouteCollection))
 4 APPPATH/Config/Routes.php(144): CodeIgniter\Router\RouteCollection->group('gimnasio', [...], Object(Closure))
 5 SYSTEMPATH/Router/RouteCollection.php(339): require('/Applications/ServBay/www/trackbitos/app/Config/Routes.php')
 6 SYSTEMPATH/CodeIgniter.php(821): CodeIgniter\Router\RouteCollection->loadRoutes()
 7 SYSTEMPATH/CodeIgniter.php(455): CodeIgniter\CodeIgniter->tryToRouteIt(null)
 8 SYSTEMPATH/CodeIgniter.php(354): CodeIgniter\CodeIgniter->handleRequest(null, Object(Config\Cache), false)
 9 SYSTEMPATH/Boot.php(363): CodeIgniter\CodeIgniter->run()
10 SYSTEMPATH/Boot.php(68): CodeIgniter\Boot::runCodeIgniter(Object(CodeIgniter\CodeIgniter))
11 FCPATH/index.php(59): CodeIgniter\Boot::bootWeb(Object(Config\Paths))
WARNING - 2025-09-05 06:26:29 --> [DEPRECATED] Passing lowercase HTTP method "post" is deprecated. Use uppercase HTTP method like "POST". in SYSTEMPATH/Router/RouteCollection.php on line 1026.
 1 SYSTEMPATH/Router/RouteCollection.php(1026): trigger_error('Passing lowercase HTTP method "post" is deprecated. Use uppercase HTTP method like "POST".', 16384)
 2 APPPATH/Config/Routes.php(153): CodeIgniter\Router\RouteCollection->match([...], 'mesociclos/(:num)/generar', 'GimnasioMesociclos::generar/$1')
 3 SYSTEMPATH/Router/RouteCollection.php(799): CodeIgniter\Router\RouteCollection::{closure}(Object(CodeIgniter\Router\RouteCollection))
 4 APPPATH/Config/Routes.php(144): CodeIgniter\Router\RouteCollection->group('gimnasio', [...], Object(Closure))
 5 SYSTEMPATH/Router/RouteCollection.php(339): require('/Applications/ServBay/www/trackbitos/app/Config/Routes.php')
 6 SYSTEMPATH/CodeIgniter.php(821): CodeIgniter\Router\RouteCollection->loadRoutes()
 7 SYSTEMPATH/CodeIgniter.php(455): CodeIgniter\CodeIgniter->tryToRouteIt(null)
 8 SYSTEMPATH/CodeIgniter.php(354): CodeIgniter\CodeIgniter->handleRequest(null, Object(Config\Cache), false)
 9 SYSTEMPATH/Boot.php(363): CodeIgniter\CodeIgniter->run()
10 SYSTEMPATH/Boot.php(68): CodeIgniter\Boot::runCodeIgniter(Object(CodeIgniter\CodeIgniter))
11 FCPATH/index.php(59): CodeIgniter\Boot::bootWeb(Object(Config\Paths))
WARNING - 2025-09-05 06:26:29 --> [DEPRECATED] Passing lowercase HTTP method "get" is deprecated. Use uppercase HTTP method like "GET". in SYSTEMPATH/Router/RouteCollection.php on line 1026.
 1 SYSTEMPATH/Router/RouteCollection.php(1026): trigger_error('Passing lowercase HTTP method "get" is deprecated. Use uppercase HTTP method like "GET".', 16384)
 2 APPPATH/Config/Routes.php(161): CodeIgniter\Router\RouteCollection->match([...], 'mesociclos/(:num)/generar/bilbo', 'GimnasioMesociclos::generarBilbo/$1')
 3 SYSTEMPATH/Router/RouteCollection.php(799): CodeIgniter\Router\RouteCollection::{closure}(Object(CodeIgniter\Router\RouteCollection))
 4 APPPATH/Config/Routes.php(144): CodeIgniter\Router\RouteCollection->group('gimnasio', [...], Object(Closure))
 5 SYSTEMPATH/Router/RouteCollection.php(339): require('/Applications/ServBay/www/trackbitos/app/Config/Routes.php')
 6 SYSTEMPATH/CodeIgniter.php(821): CodeIgniter\Router\RouteCollection->loadRoutes()
 7 SYSTEMPATH/CodeIgniter.php(455): CodeIgniter\CodeIgniter->tryToRouteIt(null)
 8 SYSTEMPATH/CodeIgniter.php(354): CodeIgniter\CodeIgniter->handleRequest(null, Object(Config\Cache), false)
 9 SYSTEMPATH/Boot.php(363): CodeIgniter\CodeIgniter->run()
10 SYSTEMPATH/Boot.php(68): CodeIgniter\Boot::runCodeIgniter(Object(CodeIgniter\CodeIgniter))
11 FCPATH/index.php(59): CodeIgniter\Boot::bootWeb(Object(Config\Paths))
WARNING - 2025-09-05 06:26:29 --> [DEPRECATED] Passing lowercase HTTP method "post" is deprecated. Use uppercase HTTP method like "POST". in SYSTEMPATH/Router/RouteCollection.php on line 1026.
 1 SYSTEMPATH/Router/RouteCollection.php(1026): trigger_error('Passing lowercase HTTP method "post" is deprecated. Use uppercase HTTP method like "POST".', 16384)
 2 APPPATH/Config/Routes.php(161): CodeIgniter\Router\RouteCollection->match([...], 'mesociclos/(:num)/generar/bilbo', 'GimnasioMesociclos::generarBilbo/$1')
 3 SYSTEMPATH/Router/RouteCollection.php(799): CodeIgniter\Router\RouteCollection::{closure}(Object(CodeIgniter\Router\RouteCollection))
 4 APPPATH/Config/Routes.php(144): CodeIgniter\Router\RouteCollection->group('gimnasio', [...], Object(Closure))
 5 SYSTEMPATH/Router/RouteCollection.php(339): require('/Applications/ServBay/www/trackbitos/app/Config/Routes.php')
 6 SYSTEMPATH/CodeIgniter.php(821): CodeIgniter\Router\RouteCollection->loadRoutes()
 7 SYSTEMPATH/CodeIgniter.php(455): CodeIgniter\CodeIgniter->tryToRouteIt(null)
 8 SYSTEMPATH/CodeIgniter.php(354): CodeIgniter\CodeIgniter->handleRequest(null, Object(Config\Cache), false)
 9 SYSTEMPATH/Boot.php(363): CodeIgniter\CodeIgniter->run()
10 SYSTEMPATH/Boot.php(68): CodeIgniter\Boot::runCodeIgniter(Object(CodeIgniter\CodeIgniter))
11 FCPATH/index.php(59): CodeIgniter\Boot::bootWeb(Object(Config\Paths))
WARNING - 2025-09-05 06:26:29 --> [DEPRECATED] Passing lowercase HTTP method "get" is deprecated. Use uppercase HTTP method like "GET". in SYSTEMPATH/Router/RouteCollection.php on line 1026.
 1 SYSTEMPATH/Router/RouteCollection.php(1026): trigger_error('Passing lowercase HTTP method "get" is deprecated. Use uppercase HTTP method like "GET".', 16384)
 2 APPPATH/Config/Routes.php(261): CodeIgniter\Router\RouteCollection->match([...], 'crear', 'Youtube::crearLista')
 3 SYSTEMPATH/Router/RouteCollection.php(799): CodeIgniter\Router\RouteCollection::{closure}(Object(CodeIgniter\Router\RouteCollection))
 4 APPPATH/Config/Routes.php(259): CodeIgniter\Router\RouteCollection->group('youtube', [...], Object(Closure))
 5 SYSTEMPATH/Router/RouteCollection.php(339): require('/Applications/ServBay/www/trackbitos/app/Config/Routes.php')
 6 SYSTEMPATH/CodeIgniter.php(821): CodeIgniter\Router\RouteCollection->loadRoutes()
 7 SYSTEMPATH/CodeIgniter.php(455): CodeIgniter\CodeIgniter->tryToRouteIt(null)
 8 SYSTEMPATH/CodeIgniter.php(354): CodeIgniter\CodeIgniter->handleRequest(null, Object(Config\Cache), false)
 9 SYSTEMPATH/Boot.php(363): CodeIgniter\CodeIgniter->run()
10 SYSTEMPATH/Boot.php(68): CodeIgniter\Boot::runCodeIgniter(Object(CodeIgniter\CodeIgniter))
11 FCPATH/index.php(59): CodeIgniter\Boot::bootWeb(Object(Config\Paths))
WARNING - 2025-09-05 06:26:29 --> [DEPRECATED] Passing lowercase HTTP method "post" is deprecated. Use uppercase HTTP method like "POST". in SYSTEMPATH/Router/RouteCollection.php on line 1026.
 1 SYSTEMPATH/Router/RouteCollection.php(1026): trigger_error('Passing lowercase HTTP method "post" is deprecated. Use uppercase HTTP method like "POST".', 16384)
 2 APPPATH/Config/Routes.php(261): CodeIgniter\Router\RouteCollection->match([...], 'crear', 'Youtube::crearLista')
 3 SYSTEMPATH/Router/RouteCollection.php(799): CodeIgniter\Router\RouteCollection::{closure}(Object(CodeIgniter\Router\RouteCollection))
 4 APPPATH/Config/Routes.php(259): CodeIgniter\Router\RouteCollection->group('youtube', [...], Object(Closure))
 5 SYSTEMPATH/Router/RouteCollection.php(339): require('/Applications/ServBay/www/trackbitos/app/Config/Routes.php')
 6 SYSTEMPATH/CodeIgniter.php(821): CodeIgniter\Router\RouteCollection->loadRoutes()
 7 SYSTEMPATH/CodeIgniter.php(455): CodeIgniter\CodeIgniter->tryToRouteIt(null)
 8 SYSTEMPATH/CodeIgniter.php(354): CodeIgniter\CodeIgniter->handleRequest(null, Object(Config\Cache), false)
 9 SYSTEMPATH/Boot.php(363): CodeIgniter\CodeIgniter->run()
10 SYSTEMPATH/Boot.php(68): CodeIgniter\Boot::runCodeIgniter(Object(CodeIgniter\CodeIgniter))
11 FCPATH/index.php(59): CodeIgniter\Boot::bootWeb(Object(Config\Paths))
DEBUG - 2025-09-05 06:26:29 --> Session: Class initialized using 'CodeIgniter\Session\Handlers\FileHandler' driver.
WARNING - 2025-09-05 06:26:39 --> [DEPRECATED] Passing lowercase HTTP method "get" is deprecated. Use uppercase HTTP method like "GET". in SYSTEMPATH/Router/RouteCollection.php on line 1026.
 1 SYSTEMPATH/Router/RouteCollection.php(1026): trigger_error('Passing lowercase HTTP method "get" is deprecated. Use uppercase HTTP method like "GET".', 16384)
 2 APPPATH/Config/Routes.php(146): CodeIgniter\Router\RouteCollection->match([...], 'mesociclos/nuevo', 'GimnasioMesociclos::nuevo')
 3 SYSTEMPATH/Router/RouteCollection.php(799): CodeIgniter\Router\RouteCollection::{closure}(Object(CodeIgniter\Router\RouteCollection))
 4 APPPATH/Config/Routes.php(144): CodeIgniter\Router\RouteCollection->group('gimnasio', [...], Object(Closure))
 5 SYSTEMPATH/Router/RouteCollection.php(339): require('/Applications/ServBay/www/trackbitos/app/Config/Routes.php')
 6 SYSTEMPATH/CodeIgniter.php(821): CodeIgniter\Router\RouteCollection->loadRoutes()
 7 SYSTEMPATH/CodeIgniter.php(455): CodeIgniter\CodeIgniter->tryToRouteIt(null)
 8 SYSTEMPATH/CodeIgniter.php(354): CodeIgniter\CodeIgniter->handleRequest(null, Object(Config\Cache), false)
 9 SYSTEMPATH/Boot.php(363): CodeIgniter\CodeIgniter->run()
10 SYSTEMPATH/Boot.php(68): CodeIgniter\Boot::runCodeIgniter(Object(CodeIgniter\CodeIgniter))
11 FCPATH/index.php(59): CodeIgniter\Boot::bootWeb(Object(Config\Paths))
WARNING - 2025-09-05 06:26:39 --> [DEPRECATED] Passing lowercase HTTP method "post" is deprecated. Use uppercase HTTP method like "POST". in SYSTEMPATH/Router/RouteCollection.php on line 1026.
 1 SYSTEMPATH/Router/RouteCollection.php(1026): trigger_error('Passing lowercase HTTP method "post" is deprecated. Use uppercase HTTP method like "POST".', 16384)
 2 APPPATH/Config/Routes.php(146): CodeIgniter\Router\RouteCollection->match([...], 'mesociclos/nuevo', 'GimnasioMesociclos::nuevo')
 3 SYSTEMPATH/Router/RouteCollection.php(799): CodeIgniter\Router\RouteCollection::{closure}(Object(CodeIgniter\Router\RouteCollection))
 4 APPPATH/Config/Routes.php(144): CodeIgniter\Router\RouteCollection->group('gimnasio', [...], Object(Closure))
 5 SYSTEMPATH/Router/RouteCollection.php(339): require('/Applications/ServBay/www/trackbitos/app/Config/Routes.php')
 6 SYSTEMPATH/CodeIgniter.php(821): CodeIgniter\Router\RouteCollection->loadRoutes()
 7 SYSTEMPATH/CodeIgniter.php(455): CodeIgniter\CodeIgniter->tryToRouteIt(null)
 8 SYSTEMPATH/CodeIgniter.php(354): CodeIgniter\CodeIgniter->handleRequest(null, Object(Config\Cache), false)
 9 SYSTEMPATH/Boot.php(363): CodeIgniter\CodeIgniter->run()
10 SYSTEMPATH/Boot.php(68): CodeIgniter\Boot::runCodeIgniter(Object(CodeIgniter\CodeIgniter))
11 FCPATH/index.php(59): CodeIgniter\Boot::bootWeb(Object(Config\Paths))
WARNING - 2025-09-05 06:26:39 --> [DEPRECATED] Passing lowercase HTTP method "get" is deprecated. Use uppercase HTTP method like "GET". in SYSTEMPATH/Router/RouteCollection.php on line 1026.
 1 SYSTEMPATH/Router/RouteCollection.php(1026): trigger_error('Passing lowercase HTTP method "get" is deprecated. Use uppercase HTTP method like "GET".', 16384)
 2 APPPATH/Config/Routes.php(148): CodeIgniter\Router\RouteCollection->match([...], 'mesociclos/(:num)/bloque/nuevo', 'GimnasioMesociclos::bloqueNuevo/$1')
 3 SYSTEMPATH/Router/RouteCollection.php(799): CodeIgniter\Router\RouteCollection::{closure}(Object(CodeIgniter\Router\RouteCollection))
 4 APPPATH/Config/Routes.php(144): CodeIgniter\Router\RouteCollection->group('gimnasio', [...], Object(Closure))
 5 SYSTEMPATH/Router/RouteCollection.php(339): require('/Applications/ServBay/www/trackbitos/app/Config/Routes.php')
 6 SYSTEMPATH/CodeIgniter.php(821): CodeIgniter\Router\RouteCollection->loadRoutes()
 7 SYSTEMPATH/CodeIgniter.php(455): CodeIgniter\CodeIgniter->tryToRouteIt(null)
 8 SYSTEMPATH/CodeIgniter.php(354): CodeIgniter\CodeIgniter->handleRequest(null, Object(Config\Cache), false)
 9 SYSTEMPATH/Boot.php(363): CodeIgniter\CodeIgniter->run()
10 SYSTEMPATH/Boot.php(68): CodeIgniter\Boot::runCodeIgniter(Object(CodeIgniter\CodeIgniter))
11 FCPATH/index.php(59): CodeIgniter\Boot::bootWeb(Object(Config\Paths))
WARNING - 2025-09-05 06:26:39 --> [DEPRECATED] Passing lowercase HTTP method "post" is deprecated. Use uppercase HTTP method like "POST". in SYSTEMPATH/Router/RouteCollection.php on line 1026.
 1 SYSTEMPATH/Router/RouteCollection.php(1026): trigger_error('Passing lowercase HTTP method "post" is deprecated. Use uppercase HTTP method like "POST".', 16384)
 2 APPPATH/Config/Routes.php(148): CodeIgniter\Router\RouteCollection->match([...], 'mesociclos/(:num)/bloque/nuevo', 'GimnasioMesociclos::bloqueNuevo/$1')
 3 SYSTEMPATH/Router/RouteCollection.php(799): CodeIgniter\Router\RouteCollection::{closure}(Object(CodeIgniter\Router\RouteCollection))
 4 APPPATH/Config/Routes.php(144): CodeIgniter\Router\RouteCollection->group('gimnasio', [...], Object(Closure))
 5 SYSTEMPATH/Router/RouteCollection.php(339): require('/Applications/ServBay/www/trackbitos/app/Config/Routes.php')
 6 SYSTEMPATH/CodeIgniter.php(821): CodeIgniter\Router\RouteCollection->loadRoutes()
 7 SYSTEMPATH/CodeIgniter.php(455): CodeIgniter\CodeIgniter->tryToRouteIt(null)
 8 SYSTEMPATH/CodeIgniter.php(354): CodeIgniter\CodeIgniter->handleRequest(null, Object(Config\Cache), false)
 9 SYSTEMPATH/Boot.php(363): CodeIgniter\CodeIgniter->run()
10 SYSTEMPATH/Boot.php(68): CodeIgniter\Boot::runCodeIgniter(Object(CodeIgniter\CodeIgniter))
11 FCPATH/index.php(59): CodeIgniter\Boot::bootWeb(Object(Config\Paths))
WARNING - 2025-09-05 06:26:39 --> [DEPRECATED] Passing lowercase HTTP method "get" is deprecated. Use uppercase HTTP method like "GET". in SYSTEMPATH/Router/RouteCollection.php on line 1026.
 1 SYSTEMPATH/Router/RouteCollection.php(1026): trigger_error('Passing lowercase HTTP method "get" is deprecated. Use uppercase HTTP method like "GET".', 16384)
 2 APPPATH/Config/Routes.php(150): CodeIgniter\Router\RouteCollection->match([...], 'mesociclos/(:num)/asignar/(:num)', 'GimnasioMesociclos::asignar/$1/$2')
 3 SYSTEMPATH/Router/RouteCollection.php(799): CodeIgniter\Router\RouteCollection::{closure}(Object(CodeIgniter\Router\RouteCollection))
 4 APPPATH/Config/Routes.php(144): CodeIgniter\Router\RouteCollection->group('gimnasio', [...], Object(Closure))
 5 SYSTEMPATH/Router/RouteCollection.php(339): require('/Applications/ServBay/www/trackbitos/app/Config/Routes.php')
 6 SYSTEMPATH/CodeIgniter.php(821): CodeIgniter\Router\RouteCollection->loadRoutes()
 7 SYSTEMPATH/CodeIgniter.php(455): CodeIgniter\CodeIgniter->tryToRouteIt(null)
 8 SYSTEMPATH/CodeIgniter.php(354): CodeIgniter\CodeIgniter->handleRequest(null, Object(Config\Cache), false)
 9 SYSTEMPATH/Boot.php(363): CodeIgniter\CodeIgniter->run()
10 SYSTEMPATH/Boot.php(68): CodeIgniter\Boot::runCodeIgniter(Object(CodeIgniter\CodeIgniter))
11 FCPATH/index.php(59): CodeIgniter\Boot::bootWeb(Object(Config\Paths))
WARNING - 2025-09-05 06:26:39 --> [DEPRECATED] Passing lowercase HTTP method "post" is deprecated. Use uppercase HTTP method like "POST". in SYSTEMPATH/Router/RouteCollection.php on line 1026.
 1 SYSTEMPATH/Router/RouteCollection.php(1026): trigger_error('Passing lowercase HTTP method "post" is deprecated. Use uppercase HTTP method like "POST".', 16384)
 2 APPPATH/Config/Routes.php(150): CodeIgniter\Router\RouteCollection->match([...], 'mesociclos/(:num)/asignar/(:num)', 'GimnasioMesociclos::asignar/$1/$2')
 3 SYSTEMPATH/Router/RouteCollection.php(799): CodeIgniter\Router\RouteCollection::{closure}(Object(CodeIgniter\Router\RouteCollection))
 4 APPPATH/Config/Routes.php(144): CodeIgniter\Router\RouteCollection->group('gimnasio', [...], Object(Closure))
 5 SYSTEMPATH/Router/RouteCollection.php(339): require('/Applications/ServBay/www/trackbitos/app/Config/Routes.php')
 6 SYSTEMPATH/CodeIgniter.php(821): CodeIgniter\Router\RouteCollection->loadRoutes()
 7 SYSTEMPATH/CodeIgniter.php(455): CodeIgniter\CodeIgniter->tryToRouteIt(null)
 8 SYSTEMPATH/CodeIgniter.php(354): CodeIgniter\CodeIgniter->handleRequest(null, Object(Config\Cache), false)
 9 SYSTEMPATH/Boot.php(363): CodeIgniter\CodeIgniter->run()
10 SYSTEMPATH/Boot.php(68): CodeIgniter\Boot::runCodeIgniter(Object(CodeIgniter\CodeIgniter))
11 FCPATH/index.php(59): CodeIgniter\Boot::bootWeb(Object(Config\Paths))
WARNING - 2025-09-05 06:26:39 --> [DEPRECATED] Passing lowercase HTTP method "get" is deprecated. Use uppercase HTTP method like "GET". in SYSTEMPATH/Router/RouteCollection.php on line 1026.
 1 SYSTEMPATH/Router/RouteCollection.php(1026): trigger_error('Passing lowercase HTTP method "get" is deprecated. Use uppercase HTTP method like "GET".', 16384)
 2 APPPATH/Config/Routes.php(153): CodeIgniter\Router\RouteCollection->match([...], 'mesociclos/(:num)/generar', 'GimnasioMesociclos::generar/$1')
 3 SYSTEMPATH/Router/RouteCollection.php(799): CodeIgniter\Router\RouteCollection::{closure}(Object(CodeIgniter\Router\RouteCollection))
 4 APPPATH/Config/Routes.php(144): CodeIgniter\Router\RouteCollection->group('gimnasio', [...], Object(Closure))
 5 SYSTEMPATH/Router/RouteCollection.php(339): require('/Applications/ServBay/www/trackbitos/app/Config/Routes.php')
 6 SYSTEMPATH/CodeIgniter.php(821): CodeIgniter\Router\RouteCollection->loadRoutes()
 7 SYSTEMPATH/CodeIgniter.php(455): CodeIgniter\CodeIgniter->tryToRouteIt(null)
 8 SYSTEMPATH/CodeIgniter.php(354): CodeIgniter\CodeIgniter->handleRequest(null, Object(Config\Cache), false)
 9 SYSTEMPATH/Boot.php(363): CodeIgniter\CodeIgniter->run()
10 SYSTEMPATH/Boot.php(68): CodeIgniter\Boot::runCodeIgniter(Object(CodeIgniter\CodeIgniter))
11 FCPATH/index.php(59): CodeIgniter\Boot::bootWeb(Object(Config\Paths))
WARNING - 2025-09-05 06:26:39 --> [DEPRECATED] Passing lowercase HTTP method "post" is deprecated. Use uppercase HTTP method like "POST". in SYSTEMPATH/Router/RouteCollection.php on line 1026.
 1 SYSTEMPATH/Router/RouteCollection.php(1026): trigger_error('Passing lowercase HTTP method "post" is deprecated. Use uppercase HTTP method like "POST".', 16384)
 2 APPPATH/Config/Routes.php(153): CodeIgniter\Router\RouteCollection->match([...], 'mesociclos/(:num)/generar', 'GimnasioMesociclos::generar/$1')
 3 SYSTEMPATH/Router/RouteCollection.php(799): CodeIgniter\Router\RouteCollection::{closure}(Object(CodeIgniter\Router\RouteCollection))
 4 APPPATH/Config/Routes.php(144): CodeIgniter\Router\RouteCollection->group('gimnasio', [...], Object(Closure))
 5 SYSTEMPATH/Router/RouteCollection.php(339): require('/Applications/ServBay/www/trackbitos/app/Config/Routes.php')
 6 SYSTEMPATH/CodeIgniter.php(821): CodeIgniter\Router\RouteCollection->loadRoutes()
 7 SYSTEMPATH/CodeIgniter.php(455): CodeIgniter\CodeIgniter->tryToRouteIt(null)
 8 SYSTEMPATH/CodeIgniter.php(354): CodeIgniter\CodeIgniter->handleRequest(null, Object(Config\Cache), false)
 9 SYSTEMPATH/Boot.php(363): CodeIgniter\CodeIgniter->run()
10 SYSTEMPATH/Boot.php(68): CodeIgniter\Boot::runCodeIgniter(Object(CodeIgniter\CodeIgniter))
11 FCPATH/index.php(59): CodeIgniter\Boot::bootWeb(Object(Config\Paths))
WARNING - 2025-09-05 06:26:39 --> [DEPRECATED] Passing lowercase HTTP method "get" is deprecated. Use uppercase HTTP method like "GET". in SYSTEMPATH/Router/RouteCollection.php on line 1026.
 1 SYSTEMPATH/Router/RouteCollection.php(1026): trigger_error('Passing lowercase HTTP method "get" is deprecated. Use uppercase HTTP method like "GET".', 16384)
 2 APPPATH/Config/Routes.php(161): CodeIgniter\Router\RouteCollection->match([...], 'mesociclos/(:num)/generar/bilbo', 'GimnasioMesociclos::generarBilbo/$1')
 3 SYSTEMPATH/Router/RouteCollection.php(799): CodeIgniter\Router\RouteCollection::{closure}(Object(CodeIgniter\Router\RouteCollection))
 4 APPPATH/Config/Routes.php(144): CodeIgniter\Router\RouteCollection->group('gimnasio', [...], Object(Closure))
 5 SYSTEMPATH/Router/RouteCollection.php(339): require('/Applications/ServBay/www/trackbitos/app/Config/Routes.php')
 6 SYSTEMPATH/CodeIgniter.php(821): CodeIgniter\Router\RouteCollection->loadRoutes()
 7 SYSTEMPATH/CodeIgniter.php(455): CodeIgniter\CodeIgniter->tryToRouteIt(null)
 8 SYSTEMPATH/CodeIgniter.php(354): CodeIgniter\CodeIgniter->handleRequest(null, Object(Config\Cache), false)
 9 SYSTEMPATH/Boot.php(363): CodeIgniter\CodeIgniter->run()
10 SYSTEMPATH/Boot.php(68): CodeIgniter\Boot::runCodeIgniter(Object(CodeIgniter\CodeIgniter))
11 FCPATH/index.php(59): CodeIgniter\Boot::bootWeb(Object(Config\Paths))
WARNING - 2025-09-05 06:26:39 --> [DEPRECATED] Passing lowercase HTTP method "post" is deprecated. Use uppercase HTTP method like "POST". in SYSTEMPATH/Router/RouteCollection.php on line 1026.
 1 SYSTEMPATH/Router/RouteCollection.php(1026): trigger_error('Passing lowercase HTTP method "post" is deprecated. Use uppercase HTTP method like "POST".', 16384)
 2 APPPATH/Config/Routes.php(161): CodeIgniter\Router\RouteCollection->match([...], 'mesociclos/(:num)/generar/bilbo', 'GimnasioMesociclos::generarBilbo/$1')
 3 SYSTEMPATH/Router/RouteCollection.php(799): CodeIgniter\Router\RouteCollection::{closure}(Object(CodeIgniter\Router\RouteCollection))
 4 APPPATH/Config/Routes.php(144): CodeIgniter\Router\RouteCollection->group('gimnasio', [...], Object(Closure))
 5 SYSTEMPATH/Router/RouteCollection.php(339): require('/Applications/ServBay/www/trackbitos/app/Config/Routes.php')
 6 SYSTEMPATH/CodeIgniter.php(821): CodeIgniter\Router\RouteCollection->loadRoutes()
 7 SYSTEMPATH/CodeIgniter.php(455): CodeIgniter\CodeIgniter->tryToRouteIt(null)
 8 SYSTEMPATH/CodeIgniter.php(354): CodeIgniter\CodeIgniter->handleRequest(null, Object(Config\Cache), false)
 9 SYSTEMPATH/Boot.php(363): CodeIgniter\CodeIgniter->run()
10 SYSTEMPATH/Boot.php(68): CodeIgniter\Boot::runCodeIgniter(Object(CodeIgniter\CodeIgniter))
11 FCPATH/index.php(59): CodeIgniter\Boot::bootWeb(Object(Config\Paths))
WARNING - 2025-09-05 06:26:39 --> [DEPRECATED] Passing lowercase HTTP method "get" is deprecated. Use uppercase HTTP method like "GET". in SYSTEMPATH/Router/RouteCollection.php on line 1026.
 1 SYSTEMPATH/Router/RouteCollection.php(1026): trigger_error('Passing lowercase HTTP method "get" is deprecated. Use uppercase HTTP method like "GET".', 16384)
 2 APPPATH/Config/Routes.php(261): CodeIgniter\Router\RouteCollection->match([...], 'crear', 'Youtube::crearLista')
 3 SYSTEMPATH/Router/RouteCollection.php(799): CodeIgniter\Router\RouteCollection::{closure}(Object(CodeIgniter\Router\RouteCollection))
 4 APPPATH/Config/Routes.php(259): CodeIgniter\Router\RouteCollection->group('youtube', [...], Object(Closure))
 5 SYSTEMPATH/Router/RouteCollection.php(339): require('/Applications/ServBay/www/trackbitos/app/Config/Routes.php')
 6 SYSTEMPATH/CodeIgniter.php(821): CodeIgniter\Router\RouteCollection->loadRoutes()
 7 SYSTEMPATH/CodeIgniter.php(455): CodeIgniter\CodeIgniter->tryToRouteIt(null)
 8 SYSTEMPATH/CodeIgniter.php(354): CodeIgniter\CodeIgniter->handleRequest(null, Object(Config\Cache), false)
 9 SYSTEMPATH/Boot.php(363): CodeIgniter\CodeIgniter->run()
10 SYSTEMPATH/Boot.php(68): CodeIgniter\Boot::runCodeIgniter(Object(CodeIgniter\CodeIgniter))
11 FCPATH/index.php(59): CodeIgniter\Boot::bootWeb(Object(Config\Paths))
WARNING - 2025-09-05 06:26:39 --> [DEPRECATED] Passing lowercase HTTP method "post" is deprecated. Use uppercase HTTP method like "POST". in SYSTEMPATH/Router/RouteCollection.php on line 1026.
 1 SYSTEMPATH/Router/RouteCollection.php(1026): trigger_error('Passing lowercase HTTP method "post" is deprecated. Use uppercase HTTP method like "POST".', 16384)
 2 APPPATH/Config/Routes.php(261): CodeIgniter\Router\RouteCollection->match([...], 'crear', 'Youtube::crearLista')
 3 SYSTEMPATH/Router/RouteCollection.php(799): CodeIgniter\Router\RouteCollection::{closure}(Object(CodeIgniter\Router\RouteCollection))
 4 APPPATH/Config/Routes.php(259): CodeIgniter\Router\RouteCollection->group('youtube', [...], Object(Closure))
 5 SYSTEMPATH/Router/RouteCollection.php(339): require('/Applications/ServBay/www/trackbitos/app/Config/Routes.php')
 6 SYSTEMPATH/CodeIgniter.php(821): CodeIgniter\Router\RouteCollection->loadRoutes()
 7 SYSTEMPATH/CodeIgniter.php(455): CodeIgniter\CodeIgniter->tryToRouteIt(null)
 8 SYSTEMPATH/CodeIgniter.php(354): CodeIgniter\CodeIgniter->handleRequest(null, Object(Config\Cache), false)
 9 SYSTEMPATH/Boot.php(363): CodeIgniter\CodeIgniter->run()
10 SYSTEMPATH/Boot.php(68): CodeIgniter\Boot::runCodeIgniter(Object(CodeIgniter\CodeIgniter))
11 FCPATH/index.php(59): CodeIgniter\Boot::bootWeb(Object(Config\Paths))
DEBUG - 2025-09-05 06:26:39 --> Session: Class initialized using 'CodeIgniter\Session\Handlers\FileHandler' driver.
WARNING - 2025-09-05 06:26:52 --> [DEPRECATED] Passing lowercase HTTP method "get" is deprecated. Use uppercase HTTP method like "GET". in SYSTEMPATH/Router/RouteCollection.php on line 1026.
 1 SYSTEMPATH/Router/RouteCollection.php(1026): trigger_error('Passing lowercase HTTP method "get" is deprecated. Use uppercase HTTP method like "GET".', 16384)
 2 APPPATH/Config/Routes.php(146): CodeIgniter\Router\RouteCollection->match([...], 'mesociclos/nuevo', 'GimnasioMesociclos::nuevo')
 3 SYSTEMPATH/Router/RouteCollection.php(799): CodeIgniter\Router\RouteCollection::{closure}(Object(CodeIgniter\Router\RouteCollection))
 4 APPPATH/Config/Routes.php(144): CodeIgniter\Router\RouteCollection->group('gimnasio', [...], Object(Closure))
 5 SYSTEMPATH/Router/RouteCollection.php(339): require('/Applications/ServBay/www/trackbitos/app/Config/Routes.php')
 6 SYSTEMPATH/CodeIgniter.php(821): CodeIgniter\Router\RouteCollection->loadRoutes()
 7 SYSTEMPATH/CodeIgniter.php(455): CodeIgniter\CodeIgniter->tryToRouteIt(null)
 8 SYSTEMPATH/CodeIgniter.php(354): CodeIgniter\CodeIgniter->handleRequest(null, Object(Config\Cache), false)
 9 SYSTEMPATH/Boot.php(363): CodeIgniter\CodeIgniter->run()
10 SYSTEMPATH/Boot.php(68): CodeIgniter\Boot::runCodeIgniter(Object(CodeIgniter\CodeIgniter))
11 FCPATH/index.php(59): CodeIgniter\Boot::bootWeb(Object(Config\Paths))
WARNING - 2025-09-05 06:26:52 --> [DEPRECATED] Passing lowercase HTTP method "post" is deprecated. Use uppercase HTTP method like "POST". in SYSTEMPATH/Router/RouteCollection.php on line 1026.
 1 SYSTEMPATH/Router/RouteCollection.php(1026): trigger_error('Passing lowercase HTTP method "post" is deprecated. Use uppercase HTTP method like "POST".', 16384)
 2 APPPATH/Config/Routes.php(146): CodeIgniter\Router\RouteCollection->match([...], 'mesociclos/nuevo', 'GimnasioMesociclos::nuevo')
 3 SYSTEMPATH/Router/RouteCollection.php(799): CodeIgniter\Router\RouteCollection::{closure}(Object(CodeIgniter\Router\RouteCollection))
 4 APPPATH/Config/Routes.php(144): CodeIgniter\Router\RouteCollection->group('gimnasio', [...], Object(Closure))
 5 SYSTEMPATH/Router/RouteCollection.php(339): require('/Applications/ServBay/www/trackbitos/app/Config/Routes.php')
 6 SYSTEMPATH/CodeIgniter.php(821): CodeIgniter\Router\RouteCollection->loadRoutes()
 7 SYSTEMPATH/CodeIgniter.php(455): CodeIgniter\CodeIgniter->tryToRouteIt(null)
 8 SYSTEMPATH/CodeIgniter.php(354): CodeIgniter\CodeIgniter->handleRequest(null, Object(Config\Cache), false)
 9 SYSTEMPATH/Boot.php(363): CodeIgniter\CodeIgniter->run()
10 SYSTEMPATH/Boot.php(68): CodeIgniter\Boot::runCodeIgniter(Object(CodeIgniter\CodeIgniter))
11 FCPATH/index.php(59): CodeIgniter\Boot::bootWeb(Object(Config\Paths))
WARNING - 2025-09-05 06:26:52 --> [DEPRECATED] Passing lowercase HTTP method "get" is deprecated. Use uppercase HTTP method like "GET". in SYSTEMPATH/Router/RouteCollection.php on line 1026.
 1 SYSTEMPATH/Router/RouteCollection.php(1026): trigger_error('Passing lowercase HTTP method "get" is deprecated. Use uppercase HTTP method like "GET".', 16384)
 2 APPPATH/Config/Routes.php(148): CodeIgniter\Router\RouteCollection->match([...], 'mesociclos/(:num)/bloque/nuevo', 'GimnasioMesociclos::bloqueNuevo/$1')
 3 SYSTEMPATH/Router/RouteCollection.php(799): CodeIgniter\Router\RouteCollection::{closure}(Object(CodeIgniter\Router\RouteCollection))
 4 APPPATH/Config/Routes.php(144): CodeIgniter\Router\RouteCollection->group('gimnasio', [...], Object(Closure))
 5 SYSTEMPATH/Router/RouteCollection.php(339): require('/Applications/ServBay/www/trackbitos/app/Config/Routes.php')
 6 SYSTEMPATH/CodeIgniter.php(821): CodeIgniter\Router\RouteCollection->loadRoutes()
 7 SYSTEMPATH/CodeIgniter.php(455): CodeIgniter\CodeIgniter->tryToRouteIt(null)
 8 SYSTEMPATH/CodeIgniter.php(354): CodeIgniter\CodeIgniter->handleRequest(null, Object(Config\Cache), false)
 9 SYSTEMPATH/Boot.php(363): CodeIgniter\CodeIgniter->run()
10 SYSTEMPATH/Boot.php(68): CodeIgniter\Boot::runCodeIgniter(Object(CodeIgniter\CodeIgniter))
11 FCPATH/index.php(59): CodeIgniter\Boot::bootWeb(Object(Config\Paths))
WARNING - 2025-09-05 06:26:52 --> [DEPRECATED] Passing lowercase HTTP method "post" is deprecated. Use uppercase HTTP method like "POST". in SYSTEMPATH/Router/RouteCollection.php on line 1026.
 1 SYSTEMPATH/Router/RouteCollection.php(1026): trigger_error('Passing lowercase HTTP method "post" is deprecated. Use uppercase HTTP method like "POST".', 16384)
 2 APPPATH/Config/Routes.php(148): CodeIgniter\Router\RouteCollection->match([...], 'mesociclos/(:num)/bloque/nuevo', 'GimnasioMesociclos::bloqueNuevo/$1')
 3 SYSTEMPATH/Router/RouteCollection.php(799): CodeIgniter\Router\RouteCollection::{closure}(Object(CodeIgniter\Router\RouteCollection))
 4 APPPATH/Config/Routes.php(144): CodeIgniter\Router\RouteCollection->group('gimnasio', [...], Object(Closure))
 5 SYSTEMPATH/Router/RouteCollection.php(339): require('/Applications/ServBay/www/trackbitos/app/Config/Routes.php')
 6 SYSTEMPATH/CodeIgniter.php(821): CodeIgniter\Router\RouteCollection->loadRoutes()
 7 SYSTEMPATH/CodeIgniter.php(455): CodeIgniter\CodeIgniter->tryToRouteIt(null)
 8 SYSTEMPATH/CodeIgniter.php(354): CodeIgniter\CodeIgniter->handleRequest(null, Object(Config\Cache), false)
 9 SYSTEMPATH/Boot.php(363): CodeIgniter\CodeIgniter->run()
10 SYSTEMPATH/Boot.php(68): CodeIgniter\Boot::runCodeIgniter(Object(CodeIgniter\CodeIgniter))
11 FCPATH/index.php(59): CodeIgniter\Boot::bootWeb(Object(Config\Paths))
WARNING - 2025-09-05 06:26:52 --> [DEPRECATED] Passing lowercase HTTP method "get" is deprecated. Use uppercase HTTP method like "GET". in SYSTEMPATH/Router/RouteCollection.php on line 1026.
 1 SYSTEMPATH/Router/RouteCollection.php(1026): trigger_error('Passing lowercase HTTP method "get" is deprecated. Use uppercase HTTP method like "GET".', 16384)
 2 APPPATH/Config/Routes.php(150): CodeIgniter\Router\RouteCollection->match([...], 'mesociclos/(:num)/asignar/(:num)', 'GimnasioMesociclos::asignar/$1/$2')
 3 SYSTEMPATH/Router/RouteCollection.php(799): CodeIgniter\Router\RouteCollection::{closure}(Object(CodeIgniter\Router\RouteCollection))
 4 APPPATH/Config/Routes.php(144): CodeIgniter\Router\RouteCollection->group('gimnasio', [...], Object(Closure))
 5 SYSTEMPATH/Router/RouteCollection.php(339): require('/Applications/ServBay/www/trackbitos/app/Config/Routes.php')
 6 SYSTEMPATH/CodeIgniter.php(821): CodeIgniter\Router\RouteCollection->loadRoutes()
 7 SYSTEMPATH/CodeIgniter.php(455): CodeIgniter\CodeIgniter->tryToRouteIt(null)
 8 SYSTEMPATH/CodeIgniter.php(354): CodeIgniter\CodeIgniter->handleRequest(null, Object(Config\Cache), false)
 9 SYSTEMPATH/Boot.php(363): CodeIgniter\CodeIgniter->run()
10 SYSTEMPATH/Boot.php(68): CodeIgniter\Boot::runCodeIgniter(Object(CodeIgniter\CodeIgniter))
11 FCPATH/index.php(59): CodeIgniter\Boot::bootWeb(Object(Config\Paths))
WARNING - 2025-09-05 06:26:52 --> [DEPRECATED] Passing lowercase HTTP method "post" is deprecated. Use uppercase HTTP method like "POST". in SYSTEMPATH/Router/RouteCollection.php on line 1026.
 1 SYSTEMPATH/Router/RouteCollection.php(1026): trigger_error('Passing lowercase HTTP method "post" is deprecated. Use uppercase HTTP method like "POST".', 16384)
 2 APPPATH/Config/Routes.php(150): CodeIgniter\Router\RouteCollection->match([...], 'mesociclos/(:num)/asignar/(:num)', 'GimnasioMesociclos::asignar/$1/$2')
 3 SYSTEMPATH/Router/RouteCollection.php(799): CodeIgniter\Router\RouteCollection::{closure}(Object(CodeIgniter\Router\RouteCollection))
 4 APPPATH/Config/Routes.php(144): CodeIgniter\Router\RouteCollection->group('gimnasio', [...], Object(Closure))
 5 SYSTEMPATH/Router/RouteCollection.php(339): require('/Applications/ServBay/www/trackbitos/app/Config/Routes.php')
 6 SYSTEMPATH/CodeIgniter.php(821): CodeIgniter\Router\RouteCollection->loadRoutes()
 7 SYSTEMPATH/CodeIgniter.php(455): CodeIgniter\CodeIgniter->tryToRouteIt(null)
 8 SYSTEMPATH/CodeIgniter.php(354): CodeIgniter\CodeIgniter->handleRequest(null, Object(Config\Cache), false)
 9 SYSTEMPATH/Boot.php(363): CodeIgniter\CodeIgniter->run()
10 SYSTEMPATH/Boot.php(68): CodeIgniter\Boot::runCodeIgniter(Object(CodeIgniter\CodeIgniter))
11 FCPATH/index.php(59): CodeIgniter\Boot::bootWeb(Object(Config\Paths))
WARNING - 2025-09-05 06:26:52 --> [DEPRECATED] Passing lowercase HTTP method "get" is deprecated. Use uppercase HTTP method like "GET". in SYSTEMPATH/Router/RouteCollection.php on line 1026.
 1 SYSTEMPATH/Router/RouteCollection.php(1026): trigger_error('Passing lowercase HTTP method "get" is deprecated. Use uppercase HTTP method like "GET".', 16384)
 2 APPPATH/Config/Routes.php(153): CodeIgniter\Router\RouteCollection->match([...], 'mesociclos/(:num)/generar', 'GimnasioMesociclos::generar/$1')
 3 SYSTEMPATH/Router/RouteCollection.php(799): CodeIgniter\Router\RouteCollection::{closure}(Object(CodeIgniter\Router\RouteCollection))
 4 APPPATH/Config/Routes.php(144): CodeIgniter\Router\RouteCollection->group('gimnasio', [...], Object(Closure))
 5 SYSTEMPATH/Router/RouteCollection.php(339): require('/Applications/ServBay/www/trackbitos/app/Config/Routes.php')
 6 SYSTEMPATH/CodeIgniter.php(821): CodeIgniter\Router\RouteCollection->loadRoutes()
 7 SYSTEMPATH/CodeIgniter.php(455): CodeIgniter\CodeIgniter->tryToRouteIt(null)
 8 SYSTEMPATH/CodeIgniter.php(354): CodeIgniter\CodeIgniter->handleRequest(null, Object(Config\Cache), false)
 9 SYSTEMPATH/Boot.php(363): CodeIgniter\CodeIgniter->run()
10 SYSTEMPATH/Boot.php(68): CodeIgniter\Boot::runCodeIgniter(Object(CodeIgniter\CodeIgniter))
11 FCPATH/index.php(59): CodeIgniter\Boot::bootWeb(Object(Config\Paths))
WARNING - 2025-09-05 06:26:52 --> [DEPRECATED] Passing lowercase HTTP method "post" is deprecated. Use uppercase HTTP method like "POST". in SYSTEMPATH/Router/RouteCollection.php on line 1026.
 1 SYSTEMPATH/Router/RouteCollection.php(1026): trigger_error('Passing lowercase HTTP method "post" is deprecated. Use uppercase HTTP method like "POST".', 16384)
 2 APPPATH/Config/Routes.php(153): CodeIgniter\Router\RouteCollection->match([...], 'mesociclos/(:num)/generar', 'GimnasioMesociclos::generar/$1')
 3 SYSTEMPATH/Router/RouteCollection.php(799): CodeIgniter\Router\RouteCollection::{closure}(Object(CodeIgniter\Router\RouteCollection))
 4 APPPATH/Config/Routes.php(144): CodeIgniter\Router\RouteCollection->group('gimnasio', [...], Object(Closure))
 5 SYSTEMPATH/Router/RouteCollection.php(339): require('/Applications/ServBay/www/trackbitos/app/Config/Routes.php')
 6 SYSTEMPATH/CodeIgniter.php(821): CodeIgniter\Router\RouteCollection->loadRoutes()
 7 SYSTEMPATH/CodeIgniter.php(455): CodeIgniter\CodeIgniter->tryToRouteIt(null)
 8 SYSTEMPATH/CodeIgniter.php(354): CodeIgniter\CodeIgniter->handleRequest(null, Object(Config\Cache), false)
 9 SYSTEMPATH/Boot.php(363): CodeIgniter\CodeIgniter->run()
10 SYSTEMPATH/Boot.php(68): CodeIgniter\Boot::runCodeIgniter(Object(CodeIgniter\CodeIgniter))
11 FCPATH/index.php(59): CodeIgniter\Boot::bootWeb(Object(Config\Paths))
WARNING - 2025-09-05 06:26:52 --> [DEPRECATED] Passing lowercase HTTP method "get" is deprecated. Use uppercase HTTP method like "GET". in SYSTEMPATH/Router/RouteCollection.php on line 1026.
 1 SYSTEMPATH/Router/RouteCollection.php(1026): trigger_error('Passing lowercase HTTP method "get" is deprecated. Use uppercase HTTP method like "GET".', 16384)
 2 APPPATH/Config/Routes.php(161): CodeIgniter\Router\RouteCollection->match([...], 'mesociclos/(:num)/generar/bilbo', 'GimnasioMesociclos::generarBilbo/$1')
 3 SYSTEMPATH/Router/RouteCollection.php(799): CodeIgniter\Router\RouteCollection::{closure}(Object(CodeIgniter\Router\RouteCollection))
 4 APPPATH/Config/Routes.php(144): CodeIgniter\Router\RouteCollection->group('gimnasio', [...], Object(Closure))
 5 SYSTEMPATH/Router/RouteCollection.php(339): require('/Applications/ServBay/www/trackbitos/app/Config/Routes.php')
 6 SYSTEMPATH/CodeIgniter.php(821): CodeIgniter\Router\RouteCollection->loadRoutes()
 7 SYSTEMPATH/CodeIgniter.php(455): CodeIgniter\CodeIgniter->tryToRouteIt(null)
 8 SYSTEMPATH/CodeIgniter.php(354): CodeIgniter\CodeIgniter->handleRequest(null, Object(Config\Cache), false)
 9 SYSTEMPATH/Boot.php(363): CodeIgniter\CodeIgniter->run()
10 SYSTEMPATH/Boot.php(68): CodeIgniter\Boot::runCodeIgniter(Object(CodeIgniter\CodeIgniter))
11 FCPATH/index.php(59): CodeIgniter\Boot::bootWeb(Object(Config\Paths))
WARNING - 2025-09-05 06:26:52 --> [DEPRECATED] Passing lowercase HTTP method "post" is deprecated. Use uppercase HTTP method like "POST". in SYSTEMPATH/Router/RouteCollection.php on line 1026.
 1 SYSTEMPATH/Router/RouteCollection.php(1026): trigger_error('Passing lowercase HTTP method "post" is deprecated. Use uppercase HTTP method like "POST".', 16384)
 2 APPPATH/Config/Routes.php(161): CodeIgniter\Router\RouteCollection->match([...], 'mesociclos/(:num)/generar/bilbo', 'GimnasioMesociclos::generarBilbo/$1')
 3 SYSTEMPATH/Router/RouteCollection.php(799): CodeIgniter\Router\RouteCollection::{closure}(Object(CodeIgniter\Router\RouteCollection))
 4 APPPATH/Config/Routes.php(144): CodeIgniter\Router\RouteCollection->group('gimnasio', [...], Object(Closure))
 5 SYSTEMPATH/Router/RouteCollection.php(339): require('/Applications/ServBay/www/trackbitos/app/Config/Routes.php')
 6 SYSTEMPATH/CodeIgniter.php(821): CodeIgniter\Router\RouteCollection->loadRoutes()
 7 SYSTEMPATH/CodeIgniter.php(455): CodeIgniter\CodeIgniter->tryToRouteIt(null)
 8 SYSTEMPATH/CodeIgniter.php(354): CodeIgniter\CodeIgniter->handleRequest(null, Object(Config\Cache), false)
 9 SYSTEMPATH/Boot.php(363): CodeIgniter\CodeIgniter->run()
10 SYSTEMPATH/Boot.php(68): CodeIgniter\Boot::runCodeIgniter(Object(CodeIgniter\CodeIgniter))
11 FCPATH/index.php(59): CodeIgniter\Boot::bootWeb(Object(Config\Paths))
WARNING - 2025-09-05 06:26:52 --> [DEPRECATED] Passing lowercase HTTP method "get" is deprecated. Use uppercase HTTP method like "GET". in SYSTEMPATH/Router/RouteCollection.php on line 1026.
 1 SYSTEMPATH/Router/RouteCollection.php(1026): trigger_error('Passing lowercase HTTP method "get" is deprecated. Use uppercase HTTP method like "GET".', 16384)
 2 APPPATH/Config/Routes.php(261): CodeIgniter\Router\RouteCollection->match([...], 'crear', 'Youtube::crearLista')
 3 SYSTEMPATH/Router/RouteCollection.php(799): CodeIgniter\Router\RouteCollection::{closure}(Object(CodeIgniter\Router\RouteCollection))
 4 APPPATH/Config/Routes.php(259): CodeIgniter\Router\RouteCollection->group('youtube', [...], Object(Closure))
 5 SYSTEMPATH/Router/RouteCollection.php(339): require('/Applications/ServBay/www/trackbitos/app/Config/Routes.php')
 6 SYSTEMPATH/CodeIgniter.php(821): CodeIgniter\Router\RouteCollection->loadRoutes()
 7 SYSTEMPATH/CodeIgniter.php(455): CodeIgniter\CodeIgniter->tryToRouteIt(null)
 8 SYSTEMPATH/CodeIgniter.php(354): CodeIgniter\CodeIgniter->handleRequest(null, Object(Config\Cache), false)
 9 SYSTEMPATH/Boot.php(363): CodeIgniter\CodeIgniter->run()
10 SYSTEMPATH/Boot.php(68): CodeIgniter\Boot::runCodeIgniter(Object(CodeIgniter\CodeIgniter))
11 FCPATH/index.php(59): CodeIgniter\Boot::bootWeb(Object(Config\Paths))
WARNING - 2025-09-05 06:26:52 --> [DEPRECATED] Passing lowercase HTTP method "post" is deprecated. Use uppercase HTTP method like "POST". in SYSTEMPATH/Router/RouteCollection.php on line 1026.
 1 SYSTEMPATH/Router/RouteCollection.php(1026): trigger_error('Passing lowercase HTTP method "post" is deprecated. Use uppercase HTTP method like "POST".', 16384)
 2 APPPATH/Config/Routes.php(261): CodeIgniter\Router\RouteCollection->match([...], 'crear', 'Youtube::crearLista')
 3 SYSTEMPATH/Router/RouteCollection.php(799): CodeIgniter\Router\RouteCollection::{closure}(Object(CodeIgniter\Router\RouteCollection))
 4 APPPATH/Config/Routes.php(259): CodeIgniter\Router\RouteCollection->group('youtube', [...], Object(Closure))
 5 SYSTEMPATH/Router/RouteCollection.php(339): require('/Applications/ServBay/www/trackbitos/app/Config/Routes.php')
 6 SYSTEMPATH/CodeIgniter.php(821): CodeIgniter\Router\RouteCollection->loadRoutes()
 7 SYSTEMPATH/CodeIgniter.php(455): CodeIgniter\CodeIgniter->tryToRouteIt(null)
 8 SYSTEMPATH/CodeIgniter.php(354): CodeIgniter\CodeIgniter->handleRequest(null, Object(Config\Cache), false)
 9 SYSTEMPATH/Boot.php(363): CodeIgniter\CodeIgniter->run()
10 SYSTEMPATH/Boot.php(68): CodeIgniter\Boot::runCodeIgniter(Object(CodeIgniter\CodeIgniter))
11 FCPATH/index.php(59): CodeIgniter\Boot::bootWeb(Object(Config\Paths))
DEBUG - 2025-09-05 06:26:52 --> Session: Class initialized using 'CodeIgniter\Session\Handlers\FileHandler' driver.
WARNING - 2025-09-05 06:27:56 --> [DEPRECATED] Passing lowercase HTTP method "get" is deprecated. Use uppercase HTTP method like "GET". in SYSTEMPATH/Router/RouteCollection.php on line 1026.
 1 SYSTEMPATH/Router/RouteCollection.php(1026): trigger_error('Passing lowercase HTTP method "get" is deprecated. Use uppercase HTTP method like "GET".', 16384)
 2 APPPATH/Config/Routes.php(146): CodeIgniter\Router\RouteCollection->match([...], 'mesociclos/nuevo', 'GimnasioMesociclos::nuevo')
 3 SYSTEMPATH/Router/RouteCollection.php(799): CodeIgniter\Router\RouteCollection::{closure}(Object(CodeIgniter\Router\RouteCollection))
 4 APPPATH/Config/Routes.php(144): CodeIgniter\Router\RouteCollection->group('gimnasio', [...], Object(Closure))
 5 SYSTEMPATH/Router/RouteCollection.php(339): require('/Applications/ServBay/www/trackbitos/app/Config/Routes.php')
 6 SYSTEMPATH/CodeIgniter.php(821): CodeIgniter\Router\RouteCollection->loadRoutes()
 7 SYSTEMPATH/CodeIgniter.php(455): CodeIgniter\CodeIgniter->tryToRouteIt(null)
 8 SYSTEMPATH/CodeIgniter.php(354): CodeIgniter\CodeIgniter->handleRequest(null, Object(Config\Cache), false)
 9 SYSTEMPATH/Boot.php(363): CodeIgniter\CodeIgniter->run()
10 SYSTEMPATH/Boot.php(68): CodeIgniter\Boot::runCodeIgniter(Object(CodeIgniter\CodeIgniter))
11 FCPATH/index.php(59): CodeIgniter\Boot::bootWeb(Object(Config\Paths))
WARNING - 2025-09-05 06:27:56 --> [DEPRECATED] Passing lowercase HTTP method "post" is deprecated. Use uppercase HTTP method like "POST". in SYSTEMPATH/Router/RouteCollection.php on line 1026.
 1 SYSTEMPATH/Router/RouteCollection.php(1026): trigger_error('Passing lowercase HTTP method "post" is deprecated. Use uppercase HTTP method like "POST".', 16384)
 2 APPPATH/Config/Routes.php(146): CodeIgniter\Router\RouteCollection->match([...], 'mesociclos/nuevo', 'GimnasioMesociclos::nuevo')
 3 SYSTEMPATH/Router/RouteCollection.php(799): CodeIgniter\Router\RouteCollection::{closure}(Object(CodeIgniter\Router\RouteCollection))
 4 APPPATH/Config/Routes.php(144): CodeIgniter\Router\RouteCollection->group('gimnasio', [...], Object(Closure))
 5 SYSTEMPATH/Router/RouteCollection.php(339): require('/Applications/ServBay/www/trackbitos/app/Config/Routes.php')
 6 SYSTEMPATH/CodeIgniter.php(821): CodeIgniter\Router\RouteCollection->loadRoutes()
 7 SYSTEMPATH/CodeIgniter.php(455): CodeIgniter\CodeIgniter->tryToRouteIt(null)
 8 SYSTEMPATH/CodeIgniter.php(354): CodeIgniter\CodeIgniter->handleRequest(null, Object(Config\Cache), false)
 9 SYSTEMPATH/Boot.php(363): CodeIgniter\CodeIgniter->run()
10 SYSTEMPATH/Boot.php(68): CodeIgniter\Boot::runCodeIgniter(Object(CodeIgniter\CodeIgniter))
11 FCPATH/index.php(59): CodeIgniter\Boot::bootWeb(Object(Config\Paths))
WARNING - 2025-09-05 06:27:56 --> [DEPRECATED] Passing lowercase HTTP method "get" is deprecated. Use uppercase HTTP method like "GET". in SYSTEMPATH/Router/RouteCollection.php on line 1026.
 1 SYSTEMPATH/Router/RouteCollection.php(1026): trigger_error('Passing lowercase HTTP method "get" is deprecated. Use uppercase HTTP method like "GET".', 16384)
 2 APPPATH/Config/Routes.php(148): CodeIgniter\Router\RouteCollection->match([...], 'mesociclos/(:num)/bloque/nuevo', 'GimnasioMesociclos::bloqueNuevo/$1')
 3 SYSTEMPATH/Router/RouteCollection.php(799): CodeIgniter\Router\RouteCollection::{closure}(Object(CodeIgniter\Router\RouteCollection))
 4 APPPATH/Config/Routes.php(144): CodeIgniter\Router\RouteCollection->group('gimnasio', [...], Object(Closure))
 5 SYSTEMPATH/Router/RouteCollection.php(339): require('/Applications/ServBay/www/trackbitos/app/Config/Routes.php')
 6 SYSTEMPATH/CodeIgniter.php(821): CodeIgniter\Router\RouteCollection->loadRoutes()
 7 SYSTEMPATH/CodeIgniter.php(455): CodeIgniter\CodeIgniter->tryToRouteIt(null)
 8 SYSTEMPATH/CodeIgniter.php(354): CodeIgniter\CodeIgniter->handleRequest(null, Object(Config\Cache), false)
 9 SYSTEMPATH/Boot.php(363): CodeIgniter\CodeIgniter->run()
10 SYSTEMPATH/Boot.php(68): CodeIgniter\Boot::runCodeIgniter(Object(CodeIgniter\CodeIgniter))
11 FCPATH/index.php(59): CodeIgniter\Boot::bootWeb(Object(Config\Paths))
WARNING - 2025-09-05 06:27:56 --> [DEPRECATED] Passing lowercase HTTP method "post" is deprecated. Use uppercase HTTP method like "POST". in SYSTEMPATH/Router/RouteCollection.php on line 1026.
 1 SYSTEMPATH/Router/RouteCollection.php(1026): trigger_error('Passing lowercase HTTP method "post" is deprecated. Use uppercase HTTP method like "POST".', 16384)
 2 APPPATH/Config/Routes.php(148): CodeIgniter\Router\RouteCollection->match([...], 'mesociclos/(:num)/bloque/nuevo', 'GimnasioMesociclos::bloqueNuevo/$1')
 3 SYSTEMPATH/Router/RouteCollection.php(799): CodeIgniter\Router\RouteCollection::{closure}(Object(CodeIgniter\Router\RouteCollection))
 4 APPPATH/Config/Routes.php(144): CodeIgniter\Router\RouteCollection->group('gimnasio', [...], Object(Closure))
 5 SYSTEMPATH/Router/RouteCollection.php(339): require('/Applications/ServBay/www/trackbitos/app/Config/Routes.php')
 6 SYSTEMPATH/CodeIgniter.php(821): CodeIgniter\Router\RouteCollection->loadRoutes()
 7 SYSTEMPATH/CodeIgniter.php(455): CodeIgniter\CodeIgniter->tryToRouteIt(null)
 8 SYSTEMPATH/CodeIgniter.php(354): CodeIgniter\CodeIgniter->handleRequest(null, Object(Config\Cache), false)
 9 SYSTEMPATH/Boot.php(363): CodeIgniter\CodeIgniter->run()
10 SYSTEMPATH/Boot.php(68): CodeIgniter\Boot::runCodeIgniter(Object(CodeIgniter\CodeIgniter))
11 FCPATH/index.php(59): CodeIgniter\Boot::bootWeb(Object(Config\Paths))
WARNING - 2025-09-05 06:27:56 --> [DEPRECATED] Passing lowercase HTTP method "get" is deprecated. Use uppercase HTTP method like "GET". in SYSTEMPATH/Router/RouteCollection.php on line 1026.
 1 SYSTEMPATH/Router/RouteCollection.php(1026): trigger_error('Passing lowercase HTTP method "get" is deprecated. Use uppercase HTTP method like "GET".', 16384)
 2 APPPATH/Config/Routes.php(150): CodeIgniter\Router\RouteCollection->match([...], 'mesociclos/(:num)/asignar/(:num)', 'GimnasioMesociclos::asignar/$1/$2')
 3 SYSTEMPATH/Router/RouteCollection.php(799): CodeIgniter\Router\RouteCollection::{closure}(Object(CodeIgniter\Router\RouteCollection))
 4 APPPATH/Config/Routes.php(144): CodeIgniter\Router\RouteCollection->group('gimnasio', [...], Object(Closure))
 5 SYSTEMPATH/Router/RouteCollection.php(339): require('/Applications/ServBay/www/trackbitos/app/Config/Routes.php')
 6 SYSTEMPATH/CodeIgniter.php(821): CodeIgniter\Router\RouteCollection->loadRoutes()
 7 SYSTEMPATH/CodeIgniter.php(455): CodeIgniter\CodeIgniter->tryToRouteIt(null)
 8 SYSTEMPATH/CodeIgniter.php(354): CodeIgniter\CodeIgniter->handleRequest(null, Object(Config\Cache), false)
 9 SYSTEMPATH/Boot.php(363): CodeIgniter\CodeIgniter->run()
10 SYSTEMPATH/Boot.php(68): CodeIgniter\Boot::runCodeIgniter(Object(CodeIgniter\CodeIgniter))
11 FCPATH/index.php(59): CodeIgniter\Boot::bootWeb(Object(Config\Paths))
WARNING - 2025-09-05 06:27:56 --> [DEPRECATED] Passing lowercase HTTP method "post" is deprecated. Use uppercase HTTP method like "POST". in SYSTEMPATH/Router/RouteCollection.php on line 1026.
 1 SYSTEMPATH/Router/RouteCollection.php(1026): trigger_error('Passing lowercase HTTP method "post" is deprecated. Use uppercase HTTP method like "POST".', 16384)
 2 APPPATH/Config/Routes.php(150): CodeIgniter\Router\RouteCollection->match([...], 'mesociclos/(:num)/asignar/(:num)', 'GimnasioMesociclos::asignar/$1/$2')
 3 SYSTEMPATH/Router/RouteCollection.php(799): CodeIgniter\Router\RouteCollection::{closure}(Object(CodeIgniter\Router\RouteCollection))
 4 APPPATH/Config/Routes.php(144): CodeIgniter\Router\RouteCollection->group('gimnasio', [...], Object(Closure))
 5 SYSTEMPATH/Router/RouteCollection.php(339): require('/Applications/ServBay/www/trackbitos/app/Config/Routes.php')
 6 SYSTEMPATH/CodeIgniter.php(821): CodeIgniter\Router\RouteCollection->loadRoutes()
 7 SYSTEMPATH/CodeIgniter.php(455): CodeIgniter\CodeIgniter->tryToRouteIt(null)
 8 SYSTEMPATH/CodeIgniter.php(354): CodeIgniter\CodeIgniter->handleRequest(null, Object(Config\Cache), false)
 9 SYSTEMPATH/Boot.php(363): CodeIgniter\CodeIgniter->run()
10 SYSTEMPATH/Boot.php(68): CodeIgniter\Boot::runCodeIgniter(Object(CodeIgniter\CodeIgniter))
11 FCPATH/index.php(59): CodeIgniter\Boot::bootWeb(Object(Config\Paths))
WARNING - 2025-09-05 06:27:56 --> [DEPRECATED] Passing lowercase HTTP method "get" is deprecated. Use uppercase HTTP method like "GET". in SYSTEMPATH/Router/RouteCollection.php on line 1026.
 1 SYSTEMPATH/Router/RouteCollection.php(1026): trigger_error('Passing lowercase HTTP method "get" is deprecated. Use uppercase HTTP method like "GET".', 16384)
 2 APPPATH/Config/Routes.php(153): CodeIgniter\Router\RouteCollection->match([...], 'mesociclos/(:num)/generar', 'GimnasioMesociclos::generar/$1')
 3 SYSTEMPATH/Router/RouteCollection.php(799): CodeIgniter\Router\RouteCollection::{closure}(Object(CodeIgniter\Router\RouteCollection))
 4 APPPATH/Config/Routes.php(144): CodeIgniter\Router\RouteCollection->group('gimnasio', [...], Object(Closure))
 5 SYSTEMPATH/Router/RouteCollection.php(339): require('/Applications/ServBay/www/trackbitos/app/Config/Routes.php')
 6 SYSTEMPATH/CodeIgniter.php(821): CodeIgniter\Router\RouteCollection->loadRoutes()
 7 SYSTEMPATH/CodeIgniter.php(455): CodeIgniter\CodeIgniter->tryToRouteIt(null)
 8 SYSTEMPATH/CodeIgniter.php(354): CodeIgniter\CodeIgniter->handleRequest(null, Object(Config\Cache), false)
 9 SYSTEMPATH/Boot.php(363): CodeIgniter\CodeIgniter->run()
10 SYSTEMPATH/Boot.php(68): CodeIgniter\Boot::runCodeIgniter(Object(CodeIgniter\CodeIgniter))
11 FCPATH/index.php(59): CodeIgniter\Boot::bootWeb(Object(Config\Paths))
WARNING - 2025-09-05 06:27:56 --> [DEPRECATED] Passing lowercase HTTP method "post" is deprecated. Use uppercase HTTP method like "POST". in SYSTEMPATH/Router/RouteCollection.php on line 1026.
 1 SYSTEMPATH/Router/RouteCollection.php(1026): trigger_error('Passing lowercase HTTP method "post" is deprecated. Use uppercase HTTP method like "POST".', 16384)
 2 APPPATH/Config/Routes.php(153): CodeIgniter\Router\RouteCollection->match([...], 'mesociclos/(:num)/generar', 'GimnasioMesociclos::generar/$1')
 3 SYSTEMPATH/Router/RouteCollection.php(799): CodeIgniter\Router\RouteCollection::{closure}(Object(CodeIgniter\Router\RouteCollection))
 4 APPPATH/Config/Routes.php(144): CodeIgniter\Router\RouteCollection->group('gimnasio', [...], Object(Closure))
 5 SYSTEMPATH/Router/RouteCollection.php(339): require('/Applications/ServBay/www/trackbitos/app/Config/Routes.php')
 6 SYSTEMPATH/CodeIgniter.php(821): CodeIgniter\Router\RouteCollection->loadRoutes()
 7 SYSTEMPATH/CodeIgniter.php(455): CodeIgniter\CodeIgniter->tryToRouteIt(null)
 8 SYSTEMPATH/CodeIgniter.php(354): CodeIgniter\CodeIgniter->handleRequest(null, Object(Config\Cache), false)
 9 SYSTEMPATH/Boot.php(363): CodeIgniter\CodeIgniter->run()
10 SYSTEMPATH/Boot.php(68): CodeIgniter\Boot::runCodeIgniter(Object(CodeIgniter\CodeIgniter))
11 FCPATH/index.php(59): CodeIgniter\Boot::bootWeb(Object(Config\Paths))
WARNING - 2025-09-05 06:27:56 --> [DEPRECATED] Passing lowercase HTTP method "get" is deprecated. Use uppercase HTTP method like "GET". in SYSTEMPATH/Router/RouteCollection.php on line 1026.
 1 SYSTEMPATH/Router/RouteCollection.php(1026): trigger_error('Passing lowercase HTTP method "get" is deprecated. Use uppercase HTTP method like "GET".', 16384)
 2 APPPATH/Config/Routes.php(161): CodeIgniter\Router\RouteCollection->match([...], 'mesociclos/(:num)/generar/bilbo', 'GimnasioMesociclos::generarBilbo/$1')
 3 SYSTEMPATH/Router/RouteCollection.php(799): CodeIgniter\Router\RouteCollection::{closure}(Object(CodeIgniter\Router\RouteCollection))
 4 APPPATH/Config/Routes.php(144): CodeIgniter\Router\RouteCollection->group('gimnasio', [...], Object(Closure))
 5 SYSTEMPATH/Router/RouteCollection.php(339): require('/Applications/ServBay/www/trackbitos/app/Config/Routes.php')
 6 SYSTEMPATH/CodeIgniter.php(821): CodeIgniter\Router\RouteCollection->loadRoutes()
 7 SYSTEMPATH/CodeIgniter.php(455): CodeIgniter\CodeIgniter->tryToRouteIt(null)
 8 SYSTEMPATH/CodeIgniter.php(354): CodeIgniter\CodeIgniter->handleRequest(null, Object(Config\Cache), false)
 9 SYSTEMPATH/Boot.php(363): CodeIgniter\CodeIgniter->run()
10 SYSTEMPATH/Boot.php(68): CodeIgniter\Boot::runCodeIgniter(Object(CodeIgniter\CodeIgniter))
11 FCPATH/index.php(59): CodeIgniter\Boot::bootWeb(Object(Config\Paths))
WARNING - 2025-09-05 06:27:56 --> [DEPRECATED] Passing lowercase HTTP method "post" is deprecated. Use uppercase HTTP method like "POST". in SYSTEMPATH/Router/RouteCollection.php on line 1026.
 1 SYSTEMPATH/Router/RouteCollection.php(1026): trigger_error('Passing lowercase HTTP method "post" is deprecated. Use uppercase HTTP method like "POST".', 16384)
 2 APPPATH/Config/Routes.php(161): CodeIgniter\Router\RouteCollection->match([...], 'mesociclos/(:num)/generar/bilbo', 'GimnasioMesociclos::generarBilbo/$1')
 3 SYSTEMPATH/Router/RouteCollection.php(799): CodeIgniter\Router\RouteCollection::{closure}(Object(CodeIgniter\Router\RouteCollection))
 4 APPPATH/Config/Routes.php(144): CodeIgniter\Router\RouteCollection->group('gimnasio', [...], Object(Closure))
 5 SYSTEMPATH/Router/RouteCollection.php(339): require('/Applications/ServBay/www/trackbitos/app/Config/Routes.php')
 6 SYSTEMPATH/CodeIgniter.php(821): CodeIgniter\Router\RouteCollection->loadRoutes()
 7 SYSTEMPATH/CodeIgniter.php(455): CodeIgniter\CodeIgniter->tryToRouteIt(null)
 8 SYSTEMPATH/CodeIgniter.php(354): CodeIgniter\CodeIgniter->handleRequest(null, Object(Config\Cache), false)
 9 SYSTEMPATH/Boot.php(363): CodeIgniter\CodeIgniter->run()
10 SYSTEMPATH/Boot.php(68): CodeIgniter\Boot::runCodeIgniter(Object(CodeIgniter\CodeIgniter))
11 FCPATH/index.php(59): CodeIgniter\Boot::bootWeb(Object(Config\Paths))
WARNING - 2025-09-05 06:27:56 --> [DEPRECATED] Passing lowercase HTTP method "get" is deprecated. Use uppercase HTTP method like "GET". in SYSTEMPATH/Router/RouteCollection.php on line 1026.
 1 SYSTEMPATH/Router/RouteCollection.php(1026): trigger_error('Passing lowercase HTTP method "get" is deprecated. Use uppercase HTTP method like "GET".', 16384)
 2 APPPATH/Config/Routes.php(261): CodeIgniter\Router\RouteCollection->match([...], 'crear', 'Youtube::crearLista')
 3 SYSTEMPATH/Router/RouteCollection.php(799): CodeIgniter\Router\RouteCollection::{closure}(Object(CodeIgniter\Router\RouteCollection))
 4 APPPATH/Config/Routes.php(259): CodeIgniter\Router\RouteCollection->group('youtube', [...], Object(Closure))
 5 SYSTEMPATH/Router/RouteCollection.php(339): require('/Applications/ServBay/www/trackbitos/app/Config/Routes.php')
 6 SYSTEMPATH/CodeIgniter.php(821): CodeIgniter\Router\RouteCollection->loadRoutes()
 7 SYSTEMPATH/CodeIgniter.php(455): CodeIgniter\CodeIgniter->tryToRouteIt(null)
 8 SYSTEMPATH/CodeIgniter.php(354): CodeIgniter\CodeIgniter->handleRequest(null, Object(Config\Cache), false)
 9 SYSTEMPATH/Boot.php(363): CodeIgniter\CodeIgniter->run()
10 SYSTEMPATH/Boot.php(68): CodeIgniter\Boot::runCodeIgniter(Object(CodeIgniter\CodeIgniter))
11 FCPATH/index.php(59): CodeIgniter\Boot::bootWeb(Object(Config\Paths))
WARNING - 2025-09-05 06:27:56 --> [DEPRECATED] Passing lowercase HTTP method "post" is deprecated. Use uppercase HTTP method like "POST". in SYSTEMPATH/Router/RouteCollection.php on line 1026.
 1 SYSTEMPATH/Router/RouteCollection.php(1026): trigger_error('Passing lowercase HTTP method "post" is deprecated. Use uppercase HTTP method like "POST".', 16384)
 2 APPPATH/Config/Routes.php(261): CodeIgniter\Router\RouteCollection->match([...], 'crear', 'Youtube::crearLista')
 3 SYSTEMPATH/Router/RouteCollection.php(799): CodeIgniter\Router\RouteCollection::{closure}(Object(CodeIgniter\Router\RouteCollection))
 4 APPPATH/Config/Routes.php(259): CodeIgniter\Router\RouteCollection->group('youtube', [...], Object(Closure))
 5 SYSTEMPATH/Router/RouteCollection.php(339): require('/Applications/ServBay/www/trackbitos/app/Config/Routes.php')
 6 SYSTEMPATH/CodeIgniter.php(821): CodeIgniter\Router\RouteCollection->loadRoutes()
 7 SYSTEMPATH/CodeIgniter.php(455): CodeIgniter\CodeIgniter->tryToRouteIt(null)
 8 SYSTEMPATH/CodeIgniter.php(354): CodeIgniter\CodeIgniter->handleRequest(null, Object(Config\Cache), false)
 9 SYSTEMPATH/Boot.php(363): CodeIgniter\CodeIgniter->run()
10 SYSTEMPATH/Boot.php(68): CodeIgniter\Boot::runCodeIgniter(Object(CodeIgniter\CodeIgniter))
11 FCPATH/index.php(59): CodeIgniter\Boot::bootWeb(Object(Config\Paths))
DEBUG - 2025-09-05 06:27:56 --> Session: Class initialized using 'CodeIgniter\Session\Handlers\FileHandler' driver.
WARNING - 2025-09-05 06:28:13 --> [DEPRECATED] Passing lowercase HTTP method "get" is deprecated. Use uppercase HTTP method like "GET". in SYSTEMPATH/Router/RouteCollection.php on line 1026.
 1 SYSTEMPATH/Router/RouteCollection.php(1026): trigger_error('Passing lowercase HTTP method "get" is deprecated. Use uppercase HTTP method like "GET".', 16384)
 2 APPPATH/Config/Routes.php(146): CodeIgniter\Router\RouteCollection->match([...], 'mesociclos/nuevo', 'GimnasioMesociclos::nuevo')
 3 SYSTEMPATH/Router/RouteCollection.php(799): CodeIgniter\Router\RouteCollection::{closure}(Object(CodeIgniter\Router\RouteCollection))
 4 APPPATH/Config/Routes.php(144): CodeIgniter\Router\RouteCollection->group('gimnasio', [...], Object(Closure))
 5 SYSTEMPATH/Router/RouteCollection.php(339): require('/Applications/ServBay/www/trackbitos/app/Config/Routes.php')
 6 SYSTEMPATH/CodeIgniter.php(821): CodeIgniter\Router\RouteCollection->loadRoutes()
 7 SYSTEMPATH/CodeIgniter.php(455): CodeIgniter\CodeIgniter->tryToRouteIt(null)
 8 SYSTEMPATH/CodeIgniter.php(354): CodeIgniter\CodeIgniter->handleRequest(null, Object(Config\Cache), false)
 9 SYSTEMPATH/Boot.php(363): CodeIgniter\CodeIgniter->run()
10 SYSTEMPATH/Boot.php(68): CodeIgniter\Boot::runCodeIgniter(Object(CodeIgniter\CodeIgniter))
11 FCPATH/index.php(59): CodeIgniter\Boot::bootWeb(Object(Config\Paths))
WARNING - 2025-09-05 06:28:13 --> [DEPRECATED] Passing lowercase HTTP method "post" is deprecated. Use uppercase HTTP method like "POST". in SYSTEMPATH/Router/RouteCollection.php on line 1026.
 1 SYSTEMPATH/Router/RouteCollection.php(1026): trigger_error('Passing lowercase HTTP method "post" is deprecated. Use uppercase HTTP method like "POST".', 16384)
 2 APPPATH/Config/Routes.php(146): CodeIgniter\Router\RouteCollection->match([...], 'mesociclos/nuevo', 'GimnasioMesociclos::nuevo')
 3 SYSTEMPATH/Router/RouteCollection.php(799): CodeIgniter\Router\RouteCollection::{closure}(Object(CodeIgniter\Router\RouteCollection))
 4 APPPATH/Config/Routes.php(144): CodeIgniter\Router\RouteCollection->group('gimnasio', [...], Object(Closure))
 5 SYSTEMPATH/Router/RouteCollection.php(339): require('/Applications/ServBay/www/trackbitos/app/Config/Routes.php')
 6 SYSTEMPATH/CodeIgniter.php(821): CodeIgniter\Router\RouteCollection->loadRoutes()
 7 SYSTEMPATH/CodeIgniter.php(455): CodeIgniter\CodeIgniter->tryToRouteIt(null)
 8 SYSTEMPATH/CodeIgniter.php(354): CodeIgniter\CodeIgniter->handleRequest(null, Object(Config\Cache), false)
 9 SYSTEMPATH/Boot.php(363): CodeIgniter\CodeIgniter->run()
10 SYSTEMPATH/Boot.php(68): CodeIgniter\Boot::runCodeIgniter(Object(CodeIgniter\CodeIgniter))
11 FCPATH/index.php(59): CodeIgniter\Boot::bootWeb(Object(Config\Paths))
WARNING - 2025-09-05 06:28:13 --> [DEPRECATED] Passing lowercase HTTP method "get" is deprecated. Use uppercase HTTP method like "GET". in SYSTEMPATH/Router/RouteCollection.php on line 1026.
 1 SYSTEMPATH/Router/RouteCollection.php(1026): trigger_error('Passing lowercase HTTP method "get" is deprecated. Use uppercase HTTP method like "GET".', 16384)
 2 APPPATH/Config/Routes.php(148): CodeIgniter\Router\RouteCollection->match([...], 'mesociclos/(:num)/bloque/nuevo', 'GimnasioMesociclos::bloqueNuevo/$1')
 3 SYSTEMPATH/Router/RouteCollection.php(799): CodeIgniter\Router\RouteCollection::{closure}(Object(CodeIgniter\Router\RouteCollection))
 4 APPPATH/Config/Routes.php(144): CodeIgniter\Router\RouteCollection->group('gimnasio', [...], Object(Closure))
 5 SYSTEMPATH/Router/RouteCollection.php(339): require('/Applications/ServBay/www/trackbitos/app/Config/Routes.php')
 6 SYSTEMPATH/CodeIgniter.php(821): CodeIgniter\Router\RouteCollection->loadRoutes()
 7 SYSTEMPATH/CodeIgniter.php(455): CodeIgniter\CodeIgniter->tryToRouteIt(null)
 8 SYSTEMPATH/CodeIgniter.php(354): CodeIgniter\CodeIgniter->handleRequest(null, Object(Config\Cache), false)
 9 SYSTEMPATH/Boot.php(363): CodeIgniter\CodeIgniter->run()
10 SYSTEMPATH/Boot.php(68): CodeIgniter\Boot::runCodeIgniter(Object(CodeIgniter\CodeIgniter))
11 FCPATH/index.php(59): CodeIgniter\Boot::bootWeb(Object(Config\Paths))
WARNING - 2025-09-05 06:28:13 --> [DEPRECATED] Passing lowercase HTTP method "post" is deprecated. Use uppercase HTTP method like "POST". in SYSTEMPATH/Router/RouteCollection.php on line 1026.
 1 SYSTEMPATH/Router/RouteCollection.php(1026): trigger_error('Passing lowercase HTTP method "post" is deprecated. Use uppercase HTTP method like "POST".', 16384)
 2 APPPATH/Config/Routes.php(148): CodeIgniter\Router\RouteCollection->match([...], 'mesociclos/(:num)/bloque/nuevo', 'GimnasioMesociclos::bloqueNuevo/$1')
 3 SYSTEMPATH/Router/RouteCollection.php(799): CodeIgniter\Router\RouteCollection::{closure}(Object(CodeIgniter\Router\RouteCollection))
 4 APPPATH/Config/Routes.php(144): CodeIgniter\Router\RouteCollection->group('gimnasio', [...], Object(Closure))
 5 SYSTEMPATH/Router/RouteCollection.php(339): require('/Applications/ServBay/www/trackbitos/app/Config/Routes.php')
 6 SYSTEMPATH/CodeIgniter.php(821): CodeIgniter\Router\RouteCollection->loadRoutes()
 7 SYSTEMPATH/CodeIgniter.php(455): CodeIgniter\CodeIgniter->tryToRouteIt(null)
 8 SYSTEMPATH/CodeIgniter.php(354): CodeIgniter\CodeIgniter->handleRequest(null, Object(Config\Cache), false)
 9 SYSTEMPATH/Boot.php(363): CodeIgniter\CodeIgniter->run()
10 SYSTEMPATH/Boot.php(68): CodeIgniter\Boot::runCodeIgniter(Object(CodeIgniter\CodeIgniter))
11 FCPATH/index.php(59): CodeIgniter\Boot::bootWeb(Object(Config\Paths))
WARNING - 2025-09-05 06:28:13 --> [DEPRECATED] Passing lowercase HTTP method "get" is deprecated. Use uppercase HTTP method like "GET". in SYSTEMPATH/Router/RouteCollection.php on line 1026.
 1 SYSTEMPATH/Router/RouteCollection.php(1026): trigger_error('Passing lowercase HTTP method "get" is deprecated. Use uppercase HTTP method like "GET".', 16384)
 2 APPPATH/Config/Routes.php(150): CodeIgniter\Router\RouteCollection->match([...], 'mesociclos/(:num)/asignar/(:num)', 'GimnasioMesociclos::asignar/$1/$2')
 3 SYSTEMPATH/Router/RouteCollection.php(799): CodeIgniter\Router\RouteCollection::{closure}(Object(CodeIgniter\Router\RouteCollection))
 4 APPPATH/Config/Routes.php(144): CodeIgniter\Router\RouteCollection->group('gimnasio', [...], Object(Closure))
 5 SYSTEMPATH/Router/RouteCollection.php(339): require('/Applications/ServBay/www/trackbitos/app/Config/Routes.php')
 6 SYSTEMPATH/CodeIgniter.php(821): CodeIgniter\Router\RouteCollection->loadRoutes()
 7 SYSTEMPATH/CodeIgniter.php(455): CodeIgniter\CodeIgniter->tryToRouteIt(null)
 8 SYSTEMPATH/CodeIgniter.php(354): CodeIgniter\CodeIgniter->handleRequest(null, Object(Config\Cache), false)
 9 SYSTEMPATH/Boot.php(363): CodeIgniter\CodeIgniter->run()
10 SYSTEMPATH/Boot.php(68): CodeIgniter\Boot::runCodeIgniter(Object(CodeIgniter\CodeIgniter))
11 FCPATH/index.php(59): CodeIgniter\Boot::bootWeb(Object(Config\Paths))
WARNING - 2025-09-05 06:28:13 --> [DEPRECATED] Passing lowercase HTTP method "post" is deprecated. Use uppercase HTTP method like "POST". in SYSTEMPATH/Router/RouteCollection.php on line 1026.
 1 SYSTEMPATH/Router/RouteCollection.php(1026): trigger_error('Passing lowercase HTTP method "post" is deprecated. Use uppercase HTTP method like "POST".', 16384)
 2 APPPATH/Config/Routes.php(150): CodeIgniter\Router\RouteCollection->match([...], 'mesociclos/(:num)/asignar/(:num)', 'GimnasioMesociclos::asignar/$1/$2')
 3 SYSTEMPATH/Router/RouteCollection.php(799): CodeIgniter\Router\RouteCollection::{closure}(Object(CodeIgniter\Router\RouteCollection))
 4 APPPATH/Config/Routes.php(144): CodeIgniter\Router\RouteCollection->group('gimnasio', [...], Object(Closure))
 5 SYSTEMPATH/Router/RouteCollection.php(339): require('/Applications/ServBay/www/trackbitos/app/Config/Routes.php')
 6 SYSTEMPATH/CodeIgniter.php(821): CodeIgniter\Router\RouteCollection->loadRoutes()
 7 SYSTEMPATH/CodeIgniter.php(455): CodeIgniter\CodeIgniter->tryToRouteIt(null)
 8 SYSTEMPATH/CodeIgniter.php(354): CodeIgniter\CodeIgniter->handleRequest(null, Object(Config\Cache), false)
 9 SYSTEMPATH/Boot.php(363): CodeIgniter\CodeIgniter->run()
10 SYSTEMPATH/Boot.php(68): CodeIgniter\Boot::runCodeIgniter(Object(CodeIgniter\CodeIgniter))
11 FCPATH/index.php(59): CodeIgniter\Boot::bootWeb(Object(Config\Paths))
WARNING - 2025-09-05 06:28:13 --> [DEPRECATED] Passing lowercase HTTP method "get" is deprecated. Use uppercase HTTP method like "GET". in SYSTEMPATH/Router/RouteCollection.php on line 1026.
 1 SYSTEMPATH/Router/RouteCollection.php(1026): trigger_error('Passing lowercase HTTP method "get" is deprecated. Use uppercase HTTP method like "GET".', 16384)
 2 APPPATH/Config/Routes.php(153): CodeIgniter\Router\RouteCollection->match([...], 'mesociclos/(:num)/generar', 'GimnasioMesociclos::generar/$1')
 3 SYSTEMPATH/Router/RouteCollection.php(799): CodeIgniter\Router\RouteCollection::{closure}(Object(CodeIgniter\Router\RouteCollection))
 4 APPPATH/Config/Routes.php(144): CodeIgniter\Router\RouteCollection->group('gimnasio', [...], Object(Closure))
 5 SYSTEMPATH/Router/RouteCollection.php(339): require('/Applications/ServBay/www/trackbitos/app/Config/Routes.php')
 6 SYSTEMPATH/CodeIgniter.php(821): CodeIgniter\Router\RouteCollection->loadRoutes()
 7 SYSTEMPATH/CodeIgniter.php(455): CodeIgniter\CodeIgniter->tryToRouteIt(null)
 8 SYSTEMPATH/CodeIgniter.php(354): CodeIgniter\CodeIgniter->handleRequest(null, Object(Config\Cache), false)
 9 SYSTEMPATH/Boot.php(363): CodeIgniter\CodeIgniter->run()
10 SYSTEMPATH/Boot.php(68): CodeIgniter\Boot::runCodeIgniter(Object(CodeIgniter\CodeIgniter))
11 FCPATH/index.php(59): CodeIgniter\Boot::bootWeb(Object(Config\Paths))
WARNING - 2025-09-05 06:28:13 --> [DEPRECATED] Passing lowercase HTTP method "post" is deprecated. Use uppercase HTTP method like "POST". in SYSTEMPATH/Router/RouteCollection.php on line 1026.
 1 SYSTEMPATH/Router/RouteCollection.php(1026): trigger_error('Passing lowercase HTTP method "post" is deprecated. Use uppercase HTTP method like "POST".', 16384)
 2 APPPATH/Config/Routes.php(153): CodeIgniter\Router\RouteCollection->match([...], 'mesociclos/(:num)/generar', 'GimnasioMesociclos::generar/$1')
 3 SYSTEMPATH/Router/RouteCollection.php(799): CodeIgniter\Router\RouteCollection::{closure}(Object(CodeIgniter\Router\RouteCollection))
 4 APPPATH/Config/Routes.php(144): CodeIgniter\Router\RouteCollection->group('gimnasio', [...], Object(Closure))
 5 SYSTEMPATH/Router/RouteCollection.php(339): require('/Applications/ServBay/www/trackbitos/app/Config/Routes.php')
 6 SYSTEMPATH/CodeIgniter.php(821): CodeIgniter\Router\RouteCollection->loadRoutes()
 7 SYSTEMPATH/CodeIgniter.php(455): CodeIgniter\CodeIgniter->tryToRouteIt(null)
 8 SYSTEMPATH/CodeIgniter.php(354): CodeIgniter\CodeIgniter->handleRequest(null, Object(Config\Cache), false)
 9 SYSTEMPATH/Boot.php(363): CodeIgniter\CodeIgniter->run()
10 SYSTEMPATH/Boot.php(68): CodeIgniter\Boot::runCodeIgniter(Object(CodeIgniter\CodeIgniter))
11 FCPATH/index.php(59): CodeIgniter\Boot::bootWeb(Object(Config\Paths))
WARNING - 2025-09-05 06:28:13 --> [DEPRECATED] Passing lowercase HTTP method "get" is deprecated. Use uppercase HTTP method like "GET". in SYSTEMPATH/Router/RouteCollection.php on line 1026.
 1 SYSTEMPATH/Router/RouteCollection.php(1026): trigger_error('Passing lowercase HTTP method "get" is deprecated. Use uppercase HTTP method like "GET".', 16384)
 2 APPPATH/Config/Routes.php(161): CodeIgniter\Router\RouteCollection->match([...], 'mesociclos/(:num)/generar/bilbo', 'GimnasioMesociclos::generarBilbo/$1')
 3 SYSTEMPATH/Router/RouteCollection.php(799): CodeIgniter\Router\RouteCollection::{closure}(Object(CodeIgniter\Router\RouteCollection))
 4 APPPATH/Config/Routes.php(144): CodeIgniter\Router\RouteCollection->group('gimnasio', [...], Object(Closure))
 5 SYSTEMPATH/Router/RouteCollection.php(339): require('/Applications/ServBay/www/trackbitos/app/Config/Routes.php')
 6 SYSTEMPATH/CodeIgniter.php(821): CodeIgniter\Router\RouteCollection->loadRoutes()
 7 SYSTEMPATH/CodeIgniter.php(455): CodeIgniter\CodeIgniter->tryToRouteIt(null)
 8 SYSTEMPATH/CodeIgniter.php(354): CodeIgniter\CodeIgniter->handleRequest(null, Object(Config\Cache), false)
 9 SYSTEMPATH/Boot.php(363): CodeIgniter\CodeIgniter->run()
10 SYSTEMPATH/Boot.php(68): CodeIgniter\Boot::runCodeIgniter(Object(CodeIgniter\CodeIgniter))
11 FCPATH/index.php(59): CodeIgniter\Boot::bootWeb(Object(Config\Paths))
WARNING - 2025-09-05 06:28:13 --> [DEPRECATED] Passing lowercase HTTP method "post" is deprecated. Use uppercase HTTP method like "POST". in SYSTEMPATH/Router/RouteCollection.php on line 1026.
 1 SYSTEMPATH/Router/RouteCollection.php(1026): trigger_error('Passing lowercase HTTP method "post" is deprecated. Use uppercase HTTP method like "POST".', 16384)
 2 APPPATH/Config/Routes.php(161): CodeIgniter\Router\RouteCollection->match([...], 'mesociclos/(:num)/generar/bilbo', 'GimnasioMesociclos::generarBilbo/$1')
 3 SYSTEMPATH/Router/RouteCollection.php(799): CodeIgniter\Router\RouteCollection::{closure}(Object(CodeIgniter\Router\RouteCollection))
 4 APPPATH/Config/Routes.php(144): CodeIgniter\Router\RouteCollection->group('gimnasio', [...], Object(Closure))
 5 SYSTEMPATH/Router/RouteCollection.php(339): require('/Applications/ServBay/www/trackbitos/app/Config/Routes.php')
 6 SYSTEMPATH/CodeIgniter.php(821): CodeIgniter\Router\RouteCollection->loadRoutes()
 7 SYSTEMPATH/CodeIgniter.php(455): CodeIgniter\CodeIgniter->tryToRouteIt(null)
 8 SYSTEMPATH/CodeIgniter.php(354): CodeIgniter\CodeIgniter->handleRequest(null, Object(Config\Cache), false)
 9 SYSTEMPATH/Boot.php(363): CodeIgniter\CodeIgniter->run()
10 SYSTEMPATH/Boot.php(68): CodeIgniter\Boot::runCodeIgniter(Object(CodeIgniter\CodeIgniter))
11 FCPATH/index.php(59): CodeIgniter\Boot::bootWeb(Object(Config\Paths))
WARNING - 2025-09-05 06:28:13 --> [DEPRECATED] Passing lowercase HTTP method "get" is deprecated. Use uppercase HTTP method like "GET". in SYSTEMPATH/Router/RouteCollection.php on line 1026.
 1 SYSTEMPATH/Router/RouteCollection.php(1026): trigger_error('Passing lowercase HTTP method "get" is deprecated. Use uppercase HTTP method like "GET".', 16384)
 2 APPPATH/Config/Routes.php(261): CodeIgniter\Router\RouteCollection->match([...], 'crear', 'Youtube::crearLista')
 3 SYSTEMPATH/Router/RouteCollection.php(799): CodeIgniter\Router\RouteCollection::{closure}(Object(CodeIgniter\Router\RouteCollection))
 4 APPPATH/Config/Routes.php(259): CodeIgniter\Router\RouteCollection->group('youtube', [...], Object(Closure))
 5 SYSTEMPATH/Router/RouteCollection.php(339): require('/Applications/ServBay/www/trackbitos/app/Config/Routes.php')
 6 SYSTEMPATH/CodeIgniter.php(821): CodeIgniter\Router\RouteCollection->loadRoutes()
 7 SYSTEMPATH/CodeIgniter.php(455): CodeIgniter\CodeIgniter->tryToRouteIt(null)
 8 SYSTEMPATH/CodeIgniter.php(354): CodeIgniter\CodeIgniter->handleRequest(null, Object(Config\Cache), false)
 9 SYSTEMPATH/Boot.php(363): CodeIgniter\CodeIgniter->run()
10 SYSTEMPATH/Boot.php(68): CodeIgniter\Boot::runCodeIgniter(Object(CodeIgniter\CodeIgniter))
11 FCPATH/index.php(59): CodeIgniter\Boot::bootWeb(Object(Config\Paths))
WARNING - 2025-09-05 06:28:13 --> [DEPRECATED] Passing lowercase HTTP method "post" is deprecated. Use uppercase HTTP method like "POST". in SYSTEMPATH/Router/RouteCollection.php on line 1026.
 1 SYSTEMPATH/Router/RouteCollection.php(1026): trigger_error('Passing lowercase HTTP method "post" is deprecated. Use uppercase HTTP method like "POST".', 16384)
 2 APPPATH/Config/Routes.php(261): CodeIgniter\Router\RouteCollection->match([...], 'crear', 'Youtube::crearLista')
 3 SYSTEMPATH/Router/RouteCollection.php(799): CodeIgniter\Router\RouteCollection::{closure}(Object(CodeIgniter\Router\RouteCollection))
 4 APPPATH/Config/Routes.php(259): CodeIgniter\Router\RouteCollection->group('youtube', [...], Object(Closure))
 5 SYSTEMPATH/Router/RouteCollection.php(339): require('/Applications/ServBay/www/trackbitos/app/Config/Routes.php')
 6 SYSTEMPATH/CodeIgniter.php(821): CodeIgniter\Router\RouteCollection->loadRoutes()
 7 SYSTEMPATH/CodeIgniter.php(455): CodeIgniter\CodeIgniter->tryToRouteIt(null)
 8 SYSTEMPATH/CodeIgniter.php(354): CodeIgniter\CodeIgniter->handleRequest(null, Object(Config\Cache), false)
 9 SYSTEMPATH/Boot.php(363): CodeIgniter\CodeIgniter->run()
10 SYSTEMPATH/Boot.php(68): CodeIgniter\Boot::runCodeIgniter(Object(CodeIgniter\CodeIgniter))
11 FCPATH/index.php(59): CodeIgniter\Boot::bootWeb(Object(Config\Paths))
DEBUG - 2025-09-05 06:28:13 --> Session: Class initialized using 'CodeIgniter\Session\Handlers\FileHandler' driver.
WARNING - 2025-09-05 06:28:45 --> [DEPRECATED] Passing lowercase HTTP method "get" is deprecated. Use uppercase HTTP method like "GET". in SYSTEMPATH/Router/RouteCollection.php on line 1026.
 1 SYSTEMPATH/Router/RouteCollection.php(1026): trigger_error('Passing lowercase HTTP method "get" is deprecated. Use uppercase HTTP method like "GET".', 16384)
 2 APPPATH/Config/Routes.php(146): CodeIgniter\Router\RouteCollection->match([...], 'mesociclos/nuevo', 'GimnasioMesociclos::nuevo')
 3 SYSTEMPATH/Router/RouteCollection.php(799): CodeIgniter\Router\RouteCollection::{closure}(Object(CodeIgniter\Router\RouteCollection))
 4 APPPATH/Config/Routes.php(144): CodeIgniter\Router\RouteCollection->group('gimnasio', [...], Object(Closure))
 5 SYSTEMPATH/Router/RouteCollection.php(339): require('/Applications/ServBay/www/trackbitos/app/Config/Routes.php')
 6 SYSTEMPATH/CodeIgniter.php(821): CodeIgniter\Router\RouteCollection->loadRoutes()
 7 SYSTEMPATH/CodeIgniter.php(455): CodeIgniter\CodeIgniter->tryToRouteIt(null)
 8 SYSTEMPATH/CodeIgniter.php(354): CodeIgniter\CodeIgniter->handleRequest(null, Object(Config\Cache), false)
 9 SYSTEMPATH/Boot.php(363): CodeIgniter\CodeIgniter->run()
10 SYSTEMPATH/Boot.php(68): CodeIgniter\Boot::runCodeIgniter(Object(CodeIgniter\CodeIgniter))
11 FCPATH/index.php(59): CodeIgniter\Boot::bootWeb(Object(Config\Paths))
WARNING - 2025-09-05 06:28:45 --> [DEPRECATED] Passing lowercase HTTP method "post" is deprecated. Use uppercase HTTP method like "POST". in SYSTEMPATH/Router/RouteCollection.php on line 1026.
 1 SYSTEMPATH/Router/RouteCollection.php(1026): trigger_error('Passing lowercase HTTP method "post" is deprecated. Use uppercase HTTP method like "POST".', 16384)
 2 APPPATH/Config/Routes.php(146): CodeIgniter\Router\RouteCollection->match([...], 'mesociclos/nuevo', 'GimnasioMesociclos::nuevo')
 3 SYSTEMPATH/Router/RouteCollection.php(799): CodeIgniter\Router\RouteCollection::{closure}(Object(CodeIgniter\Router\RouteCollection))
 4 APPPATH/Config/Routes.php(144): CodeIgniter\Router\RouteCollection->group('gimnasio', [...], Object(Closure))
 5 SYSTEMPATH/Router/RouteCollection.php(339): require('/Applications/ServBay/www/trackbitos/app/Config/Routes.php')
 6 SYSTEMPATH/CodeIgniter.php(821): CodeIgniter\Router\RouteCollection->loadRoutes()
 7 SYSTEMPATH/CodeIgniter.php(455): CodeIgniter\CodeIgniter->tryToRouteIt(null)
 8 SYSTEMPATH/CodeIgniter.php(354): CodeIgniter\CodeIgniter->handleRequest(null, Object(Config\Cache), false)
 9 SYSTEMPATH/Boot.php(363): CodeIgniter\CodeIgniter->run()
10 SYSTEMPATH/Boot.php(68): CodeIgniter\Boot::runCodeIgniter(Object(CodeIgniter\CodeIgniter))
11 FCPATH/index.php(59): CodeIgniter\Boot::bootWeb(Object(Config\Paths))
WARNING - 2025-09-05 06:28:45 --> [DEPRECATED] Passing lowercase HTTP method "get" is deprecated. Use uppercase HTTP method like "GET". in SYSTEMPATH/Router/RouteCollection.php on line 1026.
 1 SYSTEMPATH/Router/RouteCollection.php(1026): trigger_error('Passing lowercase HTTP method "get" is deprecated. Use uppercase HTTP method like "GET".', 16384)
 2 APPPATH/Config/Routes.php(148): CodeIgniter\Router\RouteCollection->match([...], 'mesociclos/(:num)/bloque/nuevo', 'GimnasioMesociclos::bloqueNuevo/$1')
 3 SYSTEMPATH/Router/RouteCollection.php(799): CodeIgniter\Router\RouteCollection::{closure}(Object(CodeIgniter\Router\RouteCollection))
 4 APPPATH/Config/Routes.php(144): CodeIgniter\Router\RouteCollection->group('gimnasio', [...], Object(Closure))
 5 SYSTEMPATH/Router/RouteCollection.php(339): require('/Applications/ServBay/www/trackbitos/app/Config/Routes.php')
 6 SYSTEMPATH/CodeIgniter.php(821): CodeIgniter\Router\RouteCollection->loadRoutes()
 7 SYSTEMPATH/CodeIgniter.php(455): CodeIgniter\CodeIgniter->tryToRouteIt(null)
 8 SYSTEMPATH/CodeIgniter.php(354): CodeIgniter\CodeIgniter->handleRequest(null, Object(Config\Cache), false)
 9 SYSTEMPATH/Boot.php(363): CodeIgniter\CodeIgniter->run()
10 SYSTEMPATH/Boot.php(68): CodeIgniter\Boot::runCodeIgniter(Object(CodeIgniter\CodeIgniter))
11 FCPATH/index.php(59): CodeIgniter\Boot::bootWeb(Object(Config\Paths))
WARNING - 2025-09-05 06:28:45 --> [DEPRECATED] Passing lowercase HTTP method "post" is deprecated. Use uppercase HTTP method like "POST". in SYSTEMPATH/Router/RouteCollection.php on line 1026.
 1 SYSTEMPATH/Router/RouteCollection.php(1026): trigger_error('Passing lowercase HTTP method "post" is deprecated. Use uppercase HTTP method like "POST".', 16384)
 2 APPPATH/Config/Routes.php(148): CodeIgniter\Router\RouteCollection->match([...], 'mesociclos/(:num)/bloque/nuevo', 'GimnasioMesociclos::bloqueNuevo/$1')
 3 SYSTEMPATH/Router/RouteCollection.php(799): CodeIgniter\Router\RouteCollection::{closure}(Object(CodeIgniter\Router\RouteCollection))
 4 APPPATH/Config/Routes.php(144): CodeIgniter\Router\RouteCollection->group('gimnasio', [...], Object(Closure))
 5 SYSTEMPATH/Router/RouteCollection.php(339): require('/Applications/ServBay/www/trackbitos/app/Config/Routes.php')
 6 SYSTEMPATH/CodeIgniter.php(821): CodeIgniter\Router\RouteCollection->loadRoutes()
 7 SYSTEMPATH/CodeIgniter.php(455): CodeIgniter\CodeIgniter->tryToRouteIt(null)
 8 SYSTEMPATH/CodeIgniter.php(354): CodeIgniter\CodeIgniter->handleRequest(null, Object(Config\Cache), false)
 9 SYSTEMPATH/Boot.php(363): CodeIgniter\CodeIgniter->run()
10 SYSTEMPATH/Boot.php(68): CodeIgniter\Boot::runCodeIgniter(Object(CodeIgniter\CodeIgniter))
11 FCPATH/index.php(59): CodeIgniter\Boot::bootWeb(Object(Config\Paths))
WARNING - 2025-09-05 06:28:45 --> [DEPRECATED] Passing lowercase HTTP method "get" is deprecated. Use uppercase HTTP method like "GET". in SYSTEMPATH/Router/RouteCollection.php on line 1026.
 1 SYSTEMPATH/Router/RouteCollection.php(1026): trigger_error('Passing lowercase HTTP method "get" is deprecated. Use uppercase HTTP method like "GET".', 16384)
 2 APPPATH/Config/Routes.php(150): CodeIgniter\Router\RouteCollection->match([...], 'mesociclos/(:num)/asignar/(:num)', 'GimnasioMesociclos::asignar/$1/$2')
 3 SYSTEMPATH/Router/RouteCollection.php(799): CodeIgniter\Router\RouteCollection::{closure}(Object(CodeIgniter\Router\RouteCollection))
 4 APPPATH/Config/Routes.php(144): CodeIgniter\Router\RouteCollection->group('gimnasio', [...], Object(Closure))
 5 SYSTEMPATH/Router/RouteCollection.php(339): require('/Applications/ServBay/www/trackbitos/app/Config/Routes.php')
 6 SYSTEMPATH/CodeIgniter.php(821): CodeIgniter\Router\RouteCollection->loadRoutes()
 7 SYSTEMPATH/CodeIgniter.php(455): CodeIgniter\CodeIgniter->tryToRouteIt(null)
 8 SYSTEMPATH/CodeIgniter.php(354): CodeIgniter\CodeIgniter->handleRequest(null, Object(Config\Cache), false)
 9 SYSTEMPATH/Boot.php(363): CodeIgniter\CodeIgniter->run()
10 SYSTEMPATH/Boot.php(68): CodeIgniter\Boot::runCodeIgniter(Object(CodeIgniter\CodeIgniter))
11 FCPATH/index.php(59): CodeIgniter\Boot::bootWeb(Object(Config\Paths))
WARNING - 2025-09-05 06:28:45 --> [DEPRECATED] Passing lowercase HTTP method "post" is deprecated. Use uppercase HTTP method like "POST". in SYSTEMPATH/Router/RouteCollection.php on line 1026.
 1 SYSTEMPATH/Router/RouteCollection.php(1026): trigger_error('Passing lowercase HTTP method "post" is deprecated. Use uppercase HTTP method like "POST".', 16384)
 2 APPPATH/Config/Routes.php(150): CodeIgniter\Router\RouteCollection->match([...], 'mesociclos/(:num)/asignar/(:num)', 'GimnasioMesociclos::asignar/$1/$2')
 3 SYSTEMPATH/Router/RouteCollection.php(799): CodeIgniter\Router\RouteCollection::{closure}(Object(CodeIgniter\Router\RouteCollection))
 4 APPPATH/Config/Routes.php(144): CodeIgniter\Router\RouteCollection->group('gimnasio', [...], Object(Closure))
 5 SYSTEMPATH/Router/RouteCollection.php(339): require('/Applications/ServBay/www/trackbitos/app/Config/Routes.php')
 6 SYSTEMPATH/CodeIgniter.php(821): CodeIgniter\Router\RouteCollection->loadRoutes()
 7 SYSTEMPATH/CodeIgniter.php(455): CodeIgniter\CodeIgniter->tryToRouteIt(null)
 8 SYSTEMPATH/CodeIgniter.php(354): CodeIgniter\CodeIgniter->handleRequest(null, Object(Config\Cache), false)
 9 SYSTEMPATH/Boot.php(363): CodeIgniter\CodeIgniter->run()
10 SYSTEMPATH/Boot.php(68): CodeIgniter\Boot::runCodeIgniter(Object(CodeIgniter\CodeIgniter))
11 FCPATH/index.php(59): CodeIgniter\Boot::bootWeb(Object(Config\Paths))
WARNING - 2025-09-05 06:28:45 --> [DEPRECATED] Passing lowercase HTTP method "get" is deprecated. Use uppercase HTTP method like "GET". in SYSTEMPATH/Router/RouteCollection.php on line 1026.
 1 SYSTEMPATH/Router/RouteCollection.php(1026): trigger_error('Passing lowercase HTTP method "get" is deprecated. Use uppercase HTTP method like "GET".', 16384)
 2 APPPATH/Config/Routes.php(153): CodeIgniter\Router\RouteCollection->match([...], 'mesociclos/(:num)/generar', 'GimnasioMesociclos::generar/$1')
 3 SYSTEMPATH/Router/RouteCollection.php(799): CodeIgniter\Router\RouteCollection::{closure}(Object(CodeIgniter\Router\RouteCollection))
 4 APPPATH/Config/Routes.php(144): CodeIgniter\Router\RouteCollection->group('gimnasio', [...], Object(Closure))
 5 SYSTEMPATH/Router/RouteCollection.php(339): require('/Applications/ServBay/www/trackbitos/app/Config/Routes.php')
 6 SYSTEMPATH/CodeIgniter.php(821): CodeIgniter\Router\RouteCollection->loadRoutes()
 7 SYSTEMPATH/CodeIgniter.php(455): CodeIgniter\CodeIgniter->tryToRouteIt(null)
 8 SYSTEMPATH/CodeIgniter.php(354): CodeIgniter\CodeIgniter->handleRequest(null, Object(Config\Cache), false)
 9 SYSTEMPATH/Boot.php(363): CodeIgniter\CodeIgniter->run()
10 SYSTEMPATH/Boot.php(68): CodeIgniter\Boot::runCodeIgniter(Object(CodeIgniter\CodeIgniter))
11 FCPATH/index.php(59): CodeIgniter\Boot::bootWeb(Object(Config\Paths))
WARNING - 2025-09-05 06:28:45 --> [DEPRECATED] Passing lowercase HTTP method "post" is deprecated. Use uppercase HTTP method like "POST". in SYSTEMPATH/Router/RouteCollection.php on line 1026.
 1 SYSTEMPATH/Router/RouteCollection.php(1026): trigger_error('Passing lowercase HTTP method "post" is deprecated. Use uppercase HTTP method like "POST".', 16384)
 2 APPPATH/Config/Routes.php(153): CodeIgniter\Router\RouteCollection->match([...], 'mesociclos/(:num)/generar', 'GimnasioMesociclos::generar/$1')
 3 SYSTEMPATH/Router/RouteCollection.php(799): CodeIgniter\Router\RouteCollection::{closure}(Object(CodeIgniter\Router\RouteCollection))
 4 APPPATH/Config/Routes.php(144): CodeIgniter\Router\RouteCollection->group('gimnasio', [...], Object(Closure))
 5 SYSTEMPATH/Router/RouteCollection.php(339): require('/Applications/ServBay/www/trackbitos/app/Config/Routes.php')
 6 SYSTEMPATH/CodeIgniter.php(821): CodeIgniter\Router\RouteCollection->loadRoutes()
 7 SYSTEMPATH/CodeIgniter.php(455): CodeIgniter\CodeIgniter->tryToRouteIt(null)
 8 SYSTEMPATH/CodeIgniter.php(354): CodeIgniter\CodeIgniter->handleRequest(null, Object(Config\Cache), false)
 9 SYSTEMPATH/Boot.php(363): CodeIgniter\CodeIgniter->run()
10 SYSTEMPATH/Boot.php(68): CodeIgniter\Boot::runCodeIgniter(Object(CodeIgniter\CodeIgniter))
11 FCPATH/index.php(59): CodeIgniter\Boot::bootWeb(Object(Config\Paths))
WARNING - 2025-09-05 06:28:45 --> [DEPRECATED] Passing lowercase HTTP method "get" is deprecated. Use uppercase HTTP method like "GET". in SYSTEMPATH/Router/RouteCollection.php on line 1026.
 1 SYSTEMPATH/Router/RouteCollection.php(1026): trigger_error('Passing lowercase HTTP method "get" is deprecated. Use uppercase HTTP method like "GET".', 16384)
 2 APPPATH/Config/Routes.php(161): CodeIgniter\Router\RouteCollection->match([...], 'mesociclos/(:num)/generar/bilbo', 'GimnasioMesociclos::generarBilbo/$1')
 3 SYSTEMPATH/Router/RouteCollection.php(799): CodeIgniter\Router\RouteCollection::{closure}(Object(CodeIgniter\Router\RouteCollection))
 4 APPPATH/Config/Routes.php(144): CodeIgniter\Router\RouteCollection->group('gimnasio', [...], Object(Closure))
 5 SYSTEMPATH/Router/RouteCollection.php(339): require('/Applications/ServBay/www/trackbitos/app/Config/Routes.php')
 6 SYSTEMPATH/CodeIgniter.php(821): CodeIgniter\Router\RouteCollection->loadRoutes()
 7 SYSTEMPATH/CodeIgniter.php(455): CodeIgniter\CodeIgniter->tryToRouteIt(null)
 8 SYSTEMPATH/CodeIgniter.php(354): CodeIgniter\CodeIgniter->handleRequest(null, Object(Config\Cache), false)
 9 SYSTEMPATH/Boot.php(363): CodeIgniter\CodeIgniter->run()
10 SYSTEMPATH/Boot.php(68): CodeIgniter\Boot::runCodeIgniter(Object(CodeIgniter\CodeIgniter))
11 FCPATH/index.php(59): CodeIgniter\Boot::bootWeb(Object(Config\Paths))
WARNING - 2025-09-05 06:28:45 --> [DEPRECATED] Passing lowercase HTTP method "post" is deprecated. Use uppercase HTTP method like "POST". in SYSTEMPATH/Router/RouteCollection.php on line 1026.
 1 SYSTEMPATH/Router/RouteCollection.php(1026): trigger_error('Passing lowercase HTTP method "post" is deprecated. Use uppercase HTTP method like "POST".', 16384)
 2 APPPATH/Config/Routes.php(161): CodeIgniter\Router\RouteCollection->match([...], 'mesociclos/(:num)/generar/bilbo', 'GimnasioMesociclos::generarBilbo/$1')
 3 SYSTEMPATH/Router/RouteCollection.php(799): CodeIgniter\Router\RouteCollection::{closure}(Object(CodeIgniter\Router\RouteCollection))
 4 APPPATH/Config/Routes.php(144): CodeIgniter\Router\RouteCollection->group('gimnasio', [...], Object(Closure))
 5 SYSTEMPATH/Router/RouteCollection.php(339): require('/Applications/ServBay/www/trackbitos/app/Config/Routes.php')
 6 SYSTEMPATH/CodeIgniter.php(821): CodeIgniter\Router\RouteCollection->loadRoutes()
 7 SYSTEMPATH/CodeIgniter.php(455): CodeIgniter\CodeIgniter->tryToRouteIt(null)
 8 SYSTEMPATH/CodeIgniter.php(354): CodeIgniter\CodeIgniter->handleRequest(null, Object(Config\Cache), false)
 9 SYSTEMPATH/Boot.php(363): CodeIgniter\CodeIgniter->run()
10 SYSTEMPATH/Boot.php(68): CodeIgniter\Boot::runCodeIgniter(Object(CodeIgniter\CodeIgniter))
11 FCPATH/index.php(59): CodeIgniter\Boot::bootWeb(Object(Config\Paths))
WARNING - 2025-09-05 06:28:45 --> [DEPRECATED] Passing lowercase HTTP method "get" is deprecated. Use uppercase HTTP method like "GET". in SYSTEMPATH/Router/RouteCollection.php on line 1026.
 1 SYSTEMPATH/Router/RouteCollection.php(1026): trigger_error('Passing lowercase HTTP method "get" is deprecated. Use uppercase HTTP method like "GET".', 16384)
 2 APPPATH/Config/Routes.php(261): CodeIgniter\Router\RouteCollection->match([...], 'crear', 'Youtube::crearLista')
 3 SYSTEMPATH/Router/RouteCollection.php(799): CodeIgniter\Router\RouteCollection::{closure}(Object(CodeIgniter\Router\RouteCollection))
 4 APPPATH/Config/Routes.php(259): CodeIgniter\Router\RouteCollection->group('youtube', [...], Object(Closure))
 5 SYSTEMPATH/Router/RouteCollection.php(339): require('/Applications/ServBay/www/trackbitos/app/Config/Routes.php')
 6 SYSTEMPATH/CodeIgniter.php(821): CodeIgniter\Router\RouteCollection->loadRoutes()
 7 SYSTEMPATH/CodeIgniter.php(455): CodeIgniter\CodeIgniter->tryToRouteIt(null)
 8 SYSTEMPATH/CodeIgniter.php(354): CodeIgniter\CodeIgniter->handleRequest(null, Object(Config\Cache), false)
 9 SYSTEMPATH/Boot.php(363): CodeIgniter\CodeIgniter->run()
10 SYSTEMPATH/Boot.php(68): CodeIgniter\Boot::runCodeIgniter(Object(CodeIgniter\CodeIgniter))
11 FCPATH/index.php(59): CodeIgniter\Boot::bootWeb(Object(Config\Paths))
WARNING - 2025-09-05 06:28:45 --> [DEPRECATED] Passing lowercase HTTP method "post" is deprecated. Use uppercase HTTP method like "POST". in SYSTEMPATH/Router/RouteCollection.php on line 1026.
 1 SYSTEMPATH/Router/RouteCollection.php(1026): trigger_error('Passing lowercase HTTP method "post" is deprecated. Use uppercase HTTP method like "POST".', 16384)
 2 APPPATH/Config/Routes.php(261): CodeIgniter\Router\RouteCollection->match([...], 'crear', 'Youtube::crearLista')
 3 SYSTEMPATH/Router/RouteCollection.php(799): CodeIgniter\Router\RouteCollection::{closure}(Object(CodeIgniter\Router\RouteCollection))
 4 APPPATH/Config/Routes.php(259): CodeIgniter\Router\RouteCollection->group('youtube', [...], Object(Closure))
 5 SYSTEMPATH/Router/RouteCollection.php(339): require('/Applications/ServBay/www/trackbitos/app/Config/Routes.php')
 6 SYSTEMPATH/CodeIgniter.php(821): CodeIgniter\Router\RouteCollection->loadRoutes()
 7 SYSTEMPATH/CodeIgniter.php(455): CodeIgniter\CodeIgniter->tryToRouteIt(null)
 8 SYSTEMPATH/CodeIgniter.php(354): CodeIgniter\CodeIgniter->handleRequest(null, Object(Config\Cache), false)
 9 SYSTEMPATH/Boot.php(363): CodeIgniter\CodeIgniter->run()
10 SYSTEMPATH/Boot.php(68): CodeIgniter\Boot::runCodeIgniter(Object(CodeIgniter\CodeIgniter))
11 FCPATH/index.php(59): CodeIgniter\Boot::bootWeb(Object(Config\Paths))
DEBUG - 2025-09-05 06:28:45 --> Session: Class initialized using 'CodeIgniter\Session\Handlers\FileHandler' driver.
WARNING - 2025-09-05 06:28:49 --> [DEPRECATED] Passing lowercase HTTP method "get" is deprecated. Use uppercase HTTP method like "GET". in SYSTEMPATH/Router/RouteCollection.php on line 1026.
 1 SYSTEMPATH/Router/RouteCollection.php(1026): trigger_error('Passing lowercase HTTP method "get" is deprecated. Use uppercase HTTP method like "GET".', 16384)
 2 APPPATH/Config/Routes.php(146): CodeIgniter\Router\RouteCollection->match([...], 'mesociclos/nuevo', 'GimnasioMesociclos::nuevo')
 3 SYSTEMPATH/Router/RouteCollection.php(799): CodeIgniter\Router\RouteCollection::{closure}(Object(CodeIgniter\Router\RouteCollection))
 4 APPPATH/Config/Routes.php(144): CodeIgniter\Router\RouteCollection->group('gimnasio', [...], Object(Closure))
 5 SYSTEMPATH/Router/RouteCollection.php(339): require('/Applications/ServBay/www/trackbitos/app/Config/Routes.php')
 6 SYSTEMPATH/CodeIgniter.php(821): CodeIgniter\Router\RouteCollection->loadRoutes()
 7 SYSTEMPATH/CodeIgniter.php(455): CodeIgniter\CodeIgniter->tryToRouteIt(null)
 8 SYSTEMPATH/CodeIgniter.php(354): CodeIgniter\CodeIgniter->handleRequest(null, Object(Config\Cache), false)
 9 SYSTEMPATH/Boot.php(363): CodeIgniter\CodeIgniter->run()
10 SYSTEMPATH/Boot.php(68): CodeIgniter\Boot::runCodeIgniter(Object(CodeIgniter\CodeIgniter))
11 FCPATH/index.php(59): CodeIgniter\Boot::bootWeb(Object(Config\Paths))
WARNING - 2025-09-05 06:28:49 --> [DEPRECATED] Passing lowercase HTTP method "post" is deprecated. Use uppercase HTTP method like "POST". in SYSTEMPATH/Router/RouteCollection.php on line 1026.
 1 SYSTEMPATH/Router/RouteCollection.php(1026): trigger_error('Passing lowercase HTTP method "post" is deprecated. Use uppercase HTTP method like "POST".', 16384)
 2 APPPATH/Config/Routes.php(146): CodeIgniter\Router\RouteCollection->match([...], 'mesociclos/nuevo', 'GimnasioMesociclos::nuevo')
 3 SYSTEMPATH/Router/RouteCollection.php(799): CodeIgniter\Router\RouteCollection::{closure}(Object(CodeIgniter\Router\RouteCollection))
 4 APPPATH/Config/Routes.php(144): CodeIgniter\Router\RouteCollection->group('gimnasio', [...], Object(Closure))
 5 SYSTEMPATH/Router/RouteCollection.php(339): require('/Applications/ServBay/www/trackbitos/app/Config/Routes.php')
 6 SYSTEMPATH/CodeIgniter.php(821): CodeIgniter\Router\RouteCollection->loadRoutes()
 7 SYSTEMPATH/CodeIgniter.php(455): CodeIgniter\CodeIgniter->tryToRouteIt(null)
 8 SYSTEMPATH/CodeIgniter.php(354): CodeIgniter\CodeIgniter->handleRequest(null, Object(Config\Cache), false)
 9 SYSTEMPATH/Boot.php(363): CodeIgniter\CodeIgniter->run()
10 SYSTEMPATH/Boot.php(68): CodeIgniter\Boot::runCodeIgniter(Object(CodeIgniter\CodeIgniter))
11 FCPATH/index.php(59): CodeIgniter\Boot::bootWeb(Object(Config\Paths))
WARNING - 2025-09-05 06:28:49 --> [DEPRECATED] Passing lowercase HTTP method "get" is deprecated. Use uppercase HTTP method like "GET". in SYSTEMPATH/Router/RouteCollection.php on line 1026.
 1 SYSTEMPATH/Router/RouteCollection.php(1026): trigger_error('Passing lowercase HTTP method "get" is deprecated. Use uppercase HTTP method like "GET".', 16384)
 2 APPPATH/Config/Routes.php(148): CodeIgniter\Router\RouteCollection->match([...], 'mesociclos/(:num)/bloque/nuevo', 'GimnasioMesociclos::bloqueNuevo/$1')
 3 SYSTEMPATH/Router/RouteCollection.php(799): CodeIgniter\Router\RouteCollection::{closure}(Object(CodeIgniter\Router\RouteCollection))
 4 APPPATH/Config/Routes.php(144): CodeIgniter\Router\RouteCollection->group('gimnasio', [...], Object(Closure))
 5 SYSTEMPATH/Router/RouteCollection.php(339): require('/Applications/ServBay/www/trackbitos/app/Config/Routes.php')
 6 SYSTEMPATH/CodeIgniter.php(821): CodeIgniter\Router\RouteCollection->loadRoutes()
 7 SYSTEMPATH/CodeIgniter.php(455): CodeIgniter\CodeIgniter->tryToRouteIt(null)
 8 SYSTEMPATH/CodeIgniter.php(354): CodeIgniter\CodeIgniter->handleRequest(null, Object(Config\Cache), false)
 9 SYSTEMPATH/Boot.php(363): CodeIgniter\CodeIgniter->run()
10 SYSTEMPATH/Boot.php(68): CodeIgniter\Boot::runCodeIgniter(Object(CodeIgniter\CodeIgniter))
11 FCPATH/index.php(59): CodeIgniter\Boot::bootWeb(Object(Config\Paths))
WARNING - 2025-09-05 06:28:49 --> [DEPRECATED] Passing lowercase HTTP method "post" is deprecated. Use uppercase HTTP method like "POST". in SYSTEMPATH/Router/RouteCollection.php on line 1026.
 1 SYSTEMPATH/Router/RouteCollection.php(1026): trigger_error('Passing lowercase HTTP method "post" is deprecated. Use uppercase HTTP method like "POST".', 16384)
 2 APPPATH/Config/Routes.php(148): CodeIgniter\Router\RouteCollection->match([...], 'mesociclos/(:num)/bloque/nuevo', 'GimnasioMesociclos::bloqueNuevo/$1')
 3 SYSTEMPATH/Router/RouteCollection.php(799): CodeIgniter\Router\RouteCollection::{closure}(Object(CodeIgniter\Router\RouteCollection))
 4 APPPATH/Config/Routes.php(144): CodeIgniter\Router\RouteCollection->group('gimnasio', [...], Object(Closure))
 5 SYSTEMPATH/Router/RouteCollection.php(339): require('/Applications/ServBay/www/trackbitos/app/Config/Routes.php')
 6 SYSTEMPATH/CodeIgniter.php(821): CodeIgniter\Router\RouteCollection->loadRoutes()
 7 SYSTEMPATH/CodeIgniter.php(455): CodeIgniter\CodeIgniter->tryToRouteIt(null)
 8 SYSTEMPATH/CodeIgniter.php(354): CodeIgniter\CodeIgniter->handleRequest(null, Object(Config\Cache), false)
 9 SYSTEMPATH/Boot.php(363): CodeIgniter\CodeIgniter->run()
10 SYSTEMPATH/Boot.php(68): CodeIgniter\Boot::runCodeIgniter(Object(CodeIgniter\CodeIgniter))
11 FCPATH/index.php(59): CodeIgniter\Boot::bootWeb(Object(Config\Paths))
WARNING - 2025-09-05 06:28:49 --> [DEPRECATED] Passing lowercase HTTP method "get" is deprecated. Use uppercase HTTP method like "GET". in SYSTEMPATH/Router/RouteCollection.php on line 1026.
 1 SYSTEMPATH/Router/RouteCollection.php(1026): trigger_error('Passing lowercase HTTP method "get" is deprecated. Use uppercase HTTP method like "GET".', 16384)
 2 APPPATH/Config/Routes.php(150): CodeIgniter\Router\RouteCollection->match([...], 'mesociclos/(:num)/asignar/(:num)', 'GimnasioMesociclos::asignar/$1/$2')
 3 SYSTEMPATH/Router/RouteCollection.php(799): CodeIgniter\Router\RouteCollection::{closure}(Object(CodeIgniter\Router\RouteCollection))
 4 APPPATH/Config/Routes.php(144): CodeIgniter\Router\RouteCollection->group('gimnasio', [...], Object(Closure))
 5 SYSTEMPATH/Router/RouteCollection.php(339): require('/Applications/ServBay/www/trackbitos/app/Config/Routes.php')
 6 SYSTEMPATH/CodeIgniter.php(821): CodeIgniter\Router\RouteCollection->loadRoutes()
 7 SYSTEMPATH/CodeIgniter.php(455): CodeIgniter\CodeIgniter->tryToRouteIt(null)
 8 SYSTEMPATH/CodeIgniter.php(354): CodeIgniter\CodeIgniter->handleRequest(null, Object(Config\Cache), false)
 9 SYSTEMPATH/Boot.php(363): CodeIgniter\CodeIgniter->run()
10 SYSTEMPATH/Boot.php(68): CodeIgniter\Boot::runCodeIgniter(Object(CodeIgniter\CodeIgniter))
11 FCPATH/index.php(59): CodeIgniter\Boot::bootWeb(Object(Config\Paths))
WARNING - 2025-09-05 06:28:49 --> [DEPRECATED] Passing lowercase HTTP method "post" is deprecated. Use uppercase HTTP method like "POST". in SYSTEMPATH/Router/RouteCollection.php on line 1026.
 1 SYSTEMPATH/Router/RouteCollection.php(1026): trigger_error('Passing lowercase HTTP method "post" is deprecated. Use uppercase HTTP method like "POST".', 16384)
 2 APPPATH/Config/Routes.php(150): CodeIgniter\Router\RouteCollection->match([...], 'mesociclos/(:num)/asignar/(:num)', 'GimnasioMesociclos::asignar/$1/$2')
 3 SYSTEMPATH/Router/RouteCollection.php(799): CodeIgniter\Router\RouteCollection::{closure}(Object(CodeIgniter\Router\RouteCollection))
 4 APPPATH/Config/Routes.php(144): CodeIgniter\Router\RouteCollection->group('gimnasio', [...], Object(Closure))
 5 SYSTEMPATH/Router/RouteCollection.php(339): require('/Applications/ServBay/www/trackbitos/app/Config/Routes.php')
 6 SYSTEMPATH/CodeIgniter.php(821): CodeIgniter\Router\RouteCollection->loadRoutes()
 7 SYSTEMPATH/CodeIgniter.php(455): CodeIgniter\CodeIgniter->tryToRouteIt(null)
 8 SYSTEMPATH/CodeIgniter.php(354): CodeIgniter\CodeIgniter->handleRequest(null, Object(Config\Cache), false)
 9 SYSTEMPATH/Boot.php(363): CodeIgniter\CodeIgniter->run()
10 SYSTEMPATH/Boot.php(68): CodeIgniter\Boot::runCodeIgniter(Object(CodeIgniter\CodeIgniter))
11 FCPATH/index.php(59): CodeIgniter\Boot::bootWeb(Object(Config\Paths))
WARNING - 2025-09-05 06:28:49 --> [DEPRECATED] Passing lowercase HTTP method "get" is deprecated. Use uppercase HTTP method like "GET". in SYSTEMPATH/Router/RouteCollection.php on line 1026.
 1 SYSTEMPATH/Router/RouteCollection.php(1026): trigger_error('Passing lowercase HTTP method "get" is deprecated. Use uppercase HTTP method like "GET".', 16384)
 2 APPPATH/Config/Routes.php(153): CodeIgniter\Router\RouteCollection->match([...], 'mesociclos/(:num)/generar', 'GimnasioMesociclos::generar/$1')
 3 SYSTEMPATH/Router/RouteCollection.php(799): CodeIgniter\Router\RouteCollection::{closure}(Object(CodeIgniter\Router\RouteCollection))
 4 APPPATH/Config/Routes.php(144): CodeIgniter\Router\RouteCollection->group('gimnasio', [...], Object(Closure))
 5 SYSTEMPATH/Router/RouteCollection.php(339): require('/Applications/ServBay/www/trackbitos/app/Config/Routes.php')
 6 SYSTEMPATH/CodeIgniter.php(821): CodeIgniter\Router\RouteCollection->loadRoutes()
 7 SYSTEMPATH/CodeIgniter.php(455): CodeIgniter\CodeIgniter->tryToRouteIt(null)
 8 SYSTEMPATH/CodeIgniter.php(354): CodeIgniter\CodeIgniter->handleRequest(null, Object(Config\Cache), false)
 9 SYSTEMPATH/Boot.php(363): CodeIgniter\CodeIgniter->run()
10 SYSTEMPATH/Boot.php(68): CodeIgniter\Boot::runCodeIgniter(Object(CodeIgniter\CodeIgniter))
11 FCPATH/index.php(59): CodeIgniter\Boot::bootWeb(Object(Config\Paths))
WARNING - 2025-09-05 06:28:49 --> [DEPRECATED] Passing lowercase HTTP method "post" is deprecated. Use uppercase HTTP method like "POST". in SYSTEMPATH/Router/RouteCollection.php on line 1026.
 1 SYSTEMPATH/Router/RouteCollection.php(1026): trigger_error('Passing lowercase HTTP method "post" is deprecated. Use uppercase HTTP method like "POST".', 16384)
 2 APPPATH/Config/Routes.php(153): CodeIgniter\Router\RouteCollection->match([...], 'mesociclos/(:num)/generar', 'GimnasioMesociclos::generar/$1')
 3 SYSTEMPATH/Router/RouteCollection.php(799): CodeIgniter\Router\RouteCollection::{closure}(Object(CodeIgniter\Router\RouteCollection))
 4 APPPATH/Config/Routes.php(144): CodeIgniter\Router\RouteCollection->group('gimnasio', [...], Object(Closure))
 5 SYSTEMPATH/Router/RouteCollection.php(339): require('/Applications/ServBay/www/trackbitos/app/Config/Routes.php')
 6 SYSTEMPATH/CodeIgniter.php(821): CodeIgniter\Router\RouteCollection->loadRoutes()
 7 SYSTEMPATH/CodeIgniter.php(455): CodeIgniter\CodeIgniter->tryToRouteIt(null)
 8 SYSTEMPATH/CodeIgniter.php(354): CodeIgniter\CodeIgniter->handleRequest(null, Object(Config\Cache), false)
 9 SYSTEMPATH/Boot.php(363): CodeIgniter\CodeIgniter->run()
10 SYSTEMPATH/Boot.php(68): CodeIgniter\Boot::runCodeIgniter(Object(CodeIgniter\CodeIgniter))
11 FCPATH/index.php(59): CodeIgniter\Boot::bootWeb(Object(Config\Paths))
WARNING - 2025-09-05 06:28:49 --> [DEPRECATED] Passing lowercase HTTP method "get" is deprecated. Use uppercase HTTP method like "GET". in SYSTEMPATH/Router/RouteCollection.php on line 1026.
 1 SYSTEMPATH/Router/RouteCollection.php(1026): trigger_error('Passing lowercase HTTP method "get" is deprecated. Use uppercase HTTP method like "GET".', 16384)
 2 APPPATH/Config/Routes.php(161): CodeIgniter\Router\RouteCollection->match([...], 'mesociclos/(:num)/generar/bilbo', 'GimnasioMesociclos::generarBilbo/$1')
 3 SYSTEMPATH/Router/RouteCollection.php(799): CodeIgniter\Router\RouteCollection::{closure}(Object(CodeIgniter\Router\RouteCollection))
 4 APPPATH/Config/Routes.php(144): CodeIgniter\Router\RouteCollection->group('gimnasio', [...], Object(Closure))
 5 SYSTEMPATH/Router/RouteCollection.php(339): require('/Applications/ServBay/www/trackbitos/app/Config/Routes.php')
 6 SYSTEMPATH/CodeIgniter.php(821): CodeIgniter\Router\RouteCollection->loadRoutes()
 7 SYSTEMPATH/CodeIgniter.php(455): CodeIgniter\CodeIgniter->tryToRouteIt(null)
 8 SYSTEMPATH/CodeIgniter.php(354): CodeIgniter\CodeIgniter->handleRequest(null, Object(Config\Cache), false)
 9 SYSTEMPATH/Boot.php(363): CodeIgniter\CodeIgniter->run()
10 SYSTEMPATH/Boot.php(68): CodeIgniter\Boot::runCodeIgniter(Object(CodeIgniter\CodeIgniter))
11 FCPATH/index.php(59): CodeIgniter\Boot::bootWeb(Object(Config\Paths))
WARNING - 2025-09-05 06:28:49 --> [DEPRECATED] Passing lowercase HTTP method "post" is deprecated. Use uppercase HTTP method like "POST". in SYSTEMPATH/Router/RouteCollection.php on line 1026.
 1 SYSTEMPATH/Router/RouteCollection.php(1026): trigger_error('Passing lowercase HTTP method "post" is deprecated. Use uppercase HTTP method like "POST".', 16384)
 2 APPPATH/Config/Routes.php(161): CodeIgniter\Router\RouteCollection->match([...], 'mesociclos/(:num)/generar/bilbo', 'GimnasioMesociclos::generarBilbo/$1')
 3 SYSTEMPATH/Router/RouteCollection.php(799): CodeIgniter\Router\RouteCollection::{closure}(Object(CodeIgniter\Router\RouteCollection))
 4 APPPATH/Config/Routes.php(144): CodeIgniter\Router\RouteCollection->group('gimnasio', [...], Object(Closure))
 5 SYSTEMPATH/Router/RouteCollection.php(339): require('/Applications/ServBay/www/trackbitos/app/Config/Routes.php')
 6 SYSTEMPATH/CodeIgniter.php(821): CodeIgniter\Router\RouteCollection->loadRoutes()
 7 SYSTEMPATH/CodeIgniter.php(455): CodeIgniter\CodeIgniter->tryToRouteIt(null)
 8 SYSTEMPATH/CodeIgniter.php(354): CodeIgniter\CodeIgniter->handleRequest(null, Object(Config\Cache), false)
 9 SYSTEMPATH/Boot.php(363): CodeIgniter\CodeIgniter->run()
10 SYSTEMPATH/Boot.php(68): CodeIgniter\Boot::runCodeIgniter(Object(CodeIgniter\CodeIgniter))
11 FCPATH/index.php(59): CodeIgniter\Boot::bootWeb(Object(Config\Paths))
WARNING - 2025-09-05 06:28:49 --> [DEPRECATED] Passing lowercase HTTP method "get" is deprecated. Use uppercase HTTP method like "GET". in SYSTEMPATH/Router/RouteCollection.php on line 1026.
 1 SYSTEMPATH/Router/RouteCollection.php(1026): trigger_error('Passing lowercase HTTP method "get" is deprecated. Use uppercase HTTP method like "GET".', 16384)
 2 APPPATH/Config/Routes.php(261): CodeIgniter\Router\RouteCollection->match([...], 'crear', 'Youtube::crearLista')
 3 SYSTEMPATH/Router/RouteCollection.php(799): CodeIgniter\Router\RouteCollection::{closure}(Object(CodeIgniter\Router\RouteCollection))
 4 APPPATH/Config/Routes.php(259): CodeIgniter\Router\RouteCollection->group('youtube', [...], Object(Closure))
 5 SYSTEMPATH/Router/RouteCollection.php(339): require('/Applications/ServBay/www/trackbitos/app/Config/Routes.php')
 6 SYSTEMPATH/CodeIgniter.php(821): CodeIgniter\Router\RouteCollection->loadRoutes()
 7 SYSTEMPATH/CodeIgniter.php(455): CodeIgniter\CodeIgniter->tryToRouteIt(null)
 8 SYSTEMPATH/CodeIgniter.php(354): CodeIgniter\CodeIgniter->handleRequest(null, Object(Config\Cache), false)
 9 SYSTEMPATH/Boot.php(363): CodeIgniter\CodeIgniter->run()
10 SYSTEMPATH/Boot.php(68): CodeIgniter\Boot::runCodeIgniter(Object(CodeIgniter\CodeIgniter))
11 FCPATH/index.php(59): CodeIgniter\Boot::bootWeb(Object(Config\Paths))
WARNING - 2025-09-05 06:28:49 --> [DEPRECATED] Passing lowercase HTTP method "post" is deprecated. Use uppercase HTTP method like "POST". in SYSTEMPATH/Router/RouteCollection.php on line 1026.
 1 SYSTEMPATH/Router/RouteCollection.php(1026): trigger_error('Passing lowercase HTTP method "post" is deprecated. Use uppercase HTTP method like "POST".', 16384)
 2 APPPATH/Config/Routes.php(261): CodeIgniter\Router\RouteCollection->match([...], 'crear', 'Youtube::crearLista')
 3 SYSTEMPATH/Router/RouteCollection.php(799): CodeIgniter\Router\RouteCollection::{closure}(Object(CodeIgniter\Router\RouteCollection))
 4 APPPATH/Config/Routes.php(259): CodeIgniter\Router\RouteCollection->group('youtube', [...], Object(Closure))
 5 SYSTEMPATH/Router/RouteCollection.php(339): require('/Applications/ServBay/www/trackbitos/app/Config/Routes.php')
 6 SYSTEMPATH/CodeIgniter.php(821): CodeIgniter\Router\RouteCollection->loadRoutes()
 7 SYSTEMPATH/CodeIgniter.php(455): CodeIgniter\CodeIgniter->tryToRouteIt(null)
 8 SYSTEMPATH/CodeIgniter.php(354): CodeIgniter\CodeIgniter->handleRequest(null, Object(Config\Cache), false)
 9 SYSTEMPATH/Boot.php(363): CodeIgniter\CodeIgniter->run()
10 SYSTEMPATH/Boot.php(68): CodeIgniter\Boot::runCodeIgniter(Object(CodeIgniter\CodeIgniter))
11 FCPATH/index.php(59): CodeIgniter\Boot::bootWeb(Object(Config\Paths))
DEBUG - 2025-09-05 06:28:49 --> Session: Class initialized using 'CodeIgniter\Session\Handlers\FileHandler' driver.
WARNING - 2025-09-05 15:51:33 --> [DEPRECATED] Passing lowercase HTTP method "get" is deprecated. Use uppercase HTTP method like "GET". in SYSTEMPATH/Router/RouteCollection.php on line 1026.
 1 SYSTEMPATH/Router/RouteCollection.php(1026): trigger_error('Passing lowercase HTTP method "get" is deprecated. Use uppercase HTTP method like "GET".', 16384)
 2 APPPATH/Config/Routes.php(146): CodeIgniter\Router\RouteCollection->match([...], 'mesociclos/nuevo', 'GimnasioMesociclos::nuevo')
 3 SYSTEMPATH/Router/RouteCollection.php(799): CodeIgniter\Router\RouteCollection::{closure}(Object(CodeIgniter\Router\RouteCollection))
 4 APPPATH/Config/Routes.php(144): CodeIgniter\Router\RouteCollection->group('gimnasio', [...], Object(Closure))
 5 SYSTEMPATH/Router/RouteCollection.php(339): require('/Applications/ServBay/www/trackbitos/app/Config/Routes.php')
 6 SYSTEMPATH/CodeIgniter.php(821): CodeIgniter\Router\RouteCollection->loadRoutes()
 7 SYSTEMPATH/CodeIgniter.php(455): CodeIgniter\CodeIgniter->tryToRouteIt(null)
 8 SYSTEMPATH/CodeIgniter.php(354): CodeIgniter\CodeIgniter->handleRequest(null, Object(Config\Cache), false)
 9 SYSTEMPATH/Boot.php(363): CodeIgniter\CodeIgniter->run()
10 SYSTEMPATH/Boot.php(68): CodeIgniter\Boot::runCodeIgniter(Object(CodeIgniter\CodeIgniter))
11 FCPATH/index.php(59): CodeIgniter\Boot::bootWeb(Object(Config\Paths))
WARNING - 2025-09-05 15:51:33 --> [DEPRECATED] Passing lowercase HTTP method "post" is deprecated. Use uppercase HTTP method like "POST". in SYSTEMPATH/Router/RouteCollection.php on line 1026.
 1 SYSTEMPATH/Router/RouteCollection.php(1026): trigger_error('Passing lowercase HTTP method "post" is deprecated. Use uppercase HTTP method like "POST".', 16384)
 2 APPPATH/Config/Routes.php(146): CodeIgniter\Router\RouteCollection->match([...], 'mesociclos/nuevo', 'GimnasioMesociclos::nuevo')
 3 SYSTEMPATH/Router/RouteCollection.php(799): CodeIgniter\Router\RouteCollection::{closure}(Object(CodeIgniter\Router\RouteCollection))
 4 APPPATH/Config/Routes.php(144): CodeIgniter\Router\RouteCollection->group('gimnasio', [...], Object(Closure))
 5 SYSTEMPATH/Router/RouteCollection.php(339): require('/Applications/ServBay/www/trackbitos/app/Config/Routes.php')
 6 SYSTEMPATH/CodeIgniter.php(821): CodeIgniter\Router\RouteCollection->loadRoutes()
 7 SYSTEMPATH/CodeIgniter.php(455): CodeIgniter\CodeIgniter->tryToRouteIt(null)
 8 SYSTEMPATH/CodeIgniter.php(354): CodeIgniter\CodeIgniter->handleRequest(null, Object(Config\Cache), false)
 9 SYSTEMPATH/Boot.php(363): CodeIgniter\CodeIgniter->run()
10 SYSTEMPATH/Boot.php(68): CodeIgniter\Boot::runCodeIgniter(Object(CodeIgniter\CodeIgniter))
11 FCPATH/index.php(59): CodeIgniter\Boot::bootWeb(Object(Config\Paths))
WARNING - 2025-09-05 15:51:33 --> [DEPRECATED] Passing lowercase HTTP method "get" is deprecated. Use uppercase HTTP method like "GET". in SYSTEMPATH/Router/RouteCollection.php on line 1026.
 1 SYSTEMPATH/Router/RouteCollection.php(1026): trigger_error('Passing lowercase HTTP method "get" is deprecated. Use uppercase HTTP method like "GET".', 16384)
 2 APPPATH/Config/Routes.php(148): CodeIgniter\Router\RouteCollection->match([...], 'mesociclos/(:num)/bloque/nuevo', 'GimnasioMesociclos::bloqueNuevo/$1')
 3 SYSTEMPATH/Router/RouteCollection.php(799): CodeIgniter\Router\RouteCollection::{closure}(Object(CodeIgniter\Router\RouteCollection))
 4 APPPATH/Config/Routes.php(144): CodeIgniter\Router\RouteCollection->group('gimnasio', [...], Object(Closure))
 5 SYSTEMPATH/Router/RouteCollection.php(339): require('/Applications/ServBay/www/trackbitos/app/Config/Routes.php')
 6 SYSTEMPATH/CodeIgniter.php(821): CodeIgniter\Router\RouteCollection->loadRoutes()
 7 SYSTEMPATH/CodeIgniter.php(455): CodeIgniter\CodeIgniter->tryToRouteIt(null)
 8 SYSTEMPATH/CodeIgniter.php(354): CodeIgniter\CodeIgniter->handleRequest(null, Object(Config\Cache), false)
 9 SYSTEMPATH/Boot.php(363): CodeIgniter\CodeIgniter->run()
10 SYSTEMPATH/Boot.php(68): CodeIgniter\Boot::runCodeIgniter(Object(CodeIgniter\CodeIgniter))
11 FCPATH/index.php(59): CodeIgniter\Boot::bootWeb(Object(Config\Paths))
WARNING - 2025-09-05 15:51:33 --> [DEPRECATED] Passing lowercase HTTP method "post" is deprecated. Use uppercase HTTP method like "POST". in SYSTEMPATH/Router/RouteCollection.php on line 1026.
 1 SYSTEMPATH/Router/RouteCollection.php(1026): trigger_error('Passing lowercase HTTP method "post" is deprecated. Use uppercase HTTP method like "POST".', 16384)
 2 APPPATH/Config/Routes.php(148): CodeIgniter\Router\RouteCollection->match([...], 'mesociclos/(:num)/bloque/nuevo', 'GimnasioMesociclos::bloqueNuevo/$1')
 3 SYSTEMPATH/Router/RouteCollection.php(799): CodeIgniter\Router\RouteCollection::{closure}(Object(CodeIgniter\Router\RouteCollection))
 4 APPPATH/Config/Routes.php(144): CodeIgniter\Router\RouteCollection->group('gimnasio', [...], Object(Closure))
 5 SYSTEMPATH/Router/RouteCollection.php(339): require('/Applications/ServBay/www/trackbitos/app/Config/Routes.php')
 6 SYSTEMPATH/CodeIgniter.php(821): CodeIgniter\Router\RouteCollection->loadRoutes()
 7 SYSTEMPATH/CodeIgniter.php(455): CodeIgniter\CodeIgniter->tryToRouteIt(null)
 8 SYSTEMPATH/CodeIgniter.php(354): CodeIgniter\CodeIgniter->handleRequest(null, Object(Config\Cache), false)
 9 SYSTEMPATH/Boot.php(363): CodeIgniter\CodeIgniter->run()
10 SYSTEMPATH/Boot.php(68): CodeIgniter\Boot::runCodeIgniter(Object(CodeIgniter\CodeIgniter))
11 FCPATH/index.php(59): CodeIgniter\Boot::bootWeb(Object(Config\Paths))
WARNING - 2025-09-05 15:51:33 --> [DEPRECATED] Passing lowercase HTTP method "get" is deprecated. Use uppercase HTTP method like "GET". in SYSTEMPATH/Router/RouteCollection.php on line 1026.
 1 SYSTEMPATH/Router/RouteCollection.php(1026): trigger_error('Passing lowercase HTTP method "get" is deprecated. Use uppercase HTTP method like "GET".', 16384)
 2 APPPATH/Config/Routes.php(150): CodeIgniter\Router\RouteCollection->match([...], 'mesociclos/(:num)/asignar/(:num)', 'GimnasioMesociclos::asignar/$1/$2')
 3 SYSTEMPATH/Router/RouteCollection.php(799): CodeIgniter\Router\RouteCollection::{closure}(Object(CodeIgniter\Router\RouteCollection))
 4 APPPATH/Config/Routes.php(144): CodeIgniter\Router\RouteCollection->group('gimnasio', [...], Object(Closure))
 5 SYSTEMPATH/Router/RouteCollection.php(339): require('/Applications/ServBay/www/trackbitos/app/Config/Routes.php')
 6 SYSTEMPATH/CodeIgniter.php(821): CodeIgniter\Router\RouteCollection->loadRoutes()
 7 SYSTEMPATH/CodeIgniter.php(455): CodeIgniter\CodeIgniter->tryToRouteIt(null)
 8 SYSTEMPATH/CodeIgniter.php(354): CodeIgniter\CodeIgniter->handleRequest(null, Object(Config\Cache), false)
 9 SYSTEMPATH/Boot.php(363): CodeIgniter\CodeIgniter->run()
10 SYSTEMPATH/Boot.php(68): CodeIgniter\Boot::runCodeIgniter(Object(CodeIgniter\CodeIgniter))
11 FCPATH/index.php(59): CodeIgniter\Boot::bootWeb(Object(Config\Paths))
WARNING - 2025-09-05 15:51:33 --> [DEPRECATED] Passing lowercase HTTP method "post" is deprecated. Use uppercase HTTP method like "POST". in SYSTEMPATH/Router/RouteCollection.php on line 1026.
 1 SYSTEMPATH/Router/RouteCollection.php(1026): trigger_error('Passing lowercase HTTP method "post" is deprecated. Use uppercase HTTP method like "POST".', 16384)
 2 APPPATH/Config/Routes.php(150): CodeIgniter\Router\RouteCollection->match([...], 'mesociclos/(:num)/asignar/(:num)', 'GimnasioMesociclos::asignar/$1/$2')
 3 SYSTEMPATH/Router/RouteCollection.php(799): CodeIgniter\Router\RouteCollection::{closure}(Object(CodeIgniter\Router\RouteCollection))
 4 APPPATH/Config/Routes.php(144): CodeIgniter\Router\RouteCollection->group('gimnasio', [...], Object(Closure))
 5 SYSTEMPATH/Router/RouteCollection.php(339): require('/Applications/ServBay/www/trackbitos/app/Config/Routes.php')
 6 SYSTEMPATH/CodeIgniter.php(821): CodeIgniter\Router\RouteCollection->loadRoutes()
 7 SYSTEMPATH/CodeIgniter.php(455): CodeIgniter\CodeIgniter->tryToRouteIt(null)
 8 SYSTEMPATH/CodeIgniter.php(354): CodeIgniter\CodeIgniter->handleRequest(null, Object(Config\Cache), false)
 9 SYSTEMPATH/Boot.php(363): CodeIgniter\CodeIgniter->run()
10 SYSTEMPATH/Boot.php(68): CodeIgniter\Boot::runCodeIgniter(Object(CodeIgniter\CodeIgniter))
11 FCPATH/index.php(59): CodeIgniter\Boot::bootWeb(Object(Config\Paths))
WARNING - 2025-09-05 15:51:33 --> [DEPRECATED] Passing lowercase HTTP method "get" is deprecated. Use uppercase HTTP method like "GET". in SYSTEMPATH/Router/RouteCollection.php on line 1026.
 1 SYSTEMPATH/Router/RouteCollection.php(1026): trigger_error('Passing lowercase HTTP method "get" is deprecated. Use uppercase HTTP method like "GET".', 16384)
 2 APPPATH/Config/Routes.php(153): CodeIgniter\Router\RouteCollection->match([...], 'mesociclos/(:num)/generar', 'GimnasioMesociclos::generar/$1')
 3 SYSTEMPATH/Router/RouteCollection.php(799): CodeIgniter\Router\RouteCollection::{closure}(Object(CodeIgniter\Router\RouteCollection))
 4 APPPATH/Config/Routes.php(144): CodeIgniter\Router\RouteCollection->group('gimnasio', [...], Object(Closure))
 5 SYSTEMPATH/Router/RouteCollection.php(339): require('/Applications/ServBay/www/trackbitos/app/Config/Routes.php')
 6 SYSTEMPATH/CodeIgniter.php(821): CodeIgniter\Router\RouteCollection->loadRoutes()
 7 SYSTEMPATH/CodeIgniter.php(455): CodeIgniter\CodeIgniter->tryToRouteIt(null)
 8 SYSTEMPATH/CodeIgniter.php(354): CodeIgniter\CodeIgniter->handleRequest(null, Object(Config\Cache), false)
 9 SYSTEMPATH/Boot.php(363): CodeIgniter\CodeIgniter->run()
10 SYSTEMPATH/Boot.php(68): CodeIgniter\Boot::runCodeIgniter(Object(CodeIgniter\CodeIgniter))
11 FCPATH/index.php(59): CodeIgniter\Boot::bootWeb(Object(Config\Paths))
WARNING - 2025-09-05 15:51:33 --> [DEPRECATED] Passing lowercase HTTP method "post" is deprecated. Use uppercase HTTP method like "POST". in SYSTEMPATH/Router/RouteCollection.php on line 1026.
 1 SYSTEMPATH/Router/RouteCollection.php(1026): trigger_error('Passing lowercase HTTP method "post" is deprecated. Use uppercase HTTP method like "POST".', 16384)
 2 APPPATH/Config/Routes.php(153): CodeIgniter\Router\RouteCollection->match([...], 'mesociclos/(:num)/generar', 'GimnasioMesociclos::generar/$1')
 3 SYSTEMPATH/Router/RouteCollection.php(799): CodeIgniter\Router\RouteCollection::{closure}(Object(CodeIgniter\Router\RouteCollection))
 4 APPPATH/Config/Routes.php(144): CodeIgniter\Router\RouteCollection->group('gimnasio', [...], Object(Closure))
 5 SYSTEMPATH/Router/RouteCollection.php(339): require('/Applications/ServBay/www/trackbitos/app/Config/Routes.php')
 6 SYSTEMPATH/CodeIgniter.php(821): CodeIgniter\Router\RouteCollection->loadRoutes()
 7 SYSTEMPATH/CodeIgniter.php(455): CodeIgniter\CodeIgniter->tryToRouteIt(null)
 8 SYSTEMPATH/CodeIgniter.php(354): CodeIgniter\CodeIgniter->handleRequest(null, Object(Config\Cache), false)
 9 SYSTEMPATH/Boot.php(363): CodeIgniter\CodeIgniter->run()
10 SYSTEMPATH/Boot.php(68): CodeIgniter\Boot::runCodeIgniter(Object(CodeIgniter\CodeIgniter))
11 FCPATH/index.php(59): CodeIgniter\Boot::bootWeb(Object(Config\Paths))
WARNING - 2025-09-05 15:51:33 --> [DEPRECATED] Passing lowercase HTTP method "get" is deprecated. Use uppercase HTTP method like "GET". in SYSTEMPATH/Router/RouteCollection.php on line 1026.
 1 SYSTEMPATH/Router/RouteCollection.php(1026): trigger_error('Passing lowercase HTTP method "get" is deprecated. Use uppercase HTTP method like "GET".', 16384)
 2 APPPATH/Config/Routes.php(161): CodeIgniter\Router\RouteCollection->match([...], 'mesociclos/(:num)/generar/bilbo', 'GimnasioMesociclos::generarBilbo/$1')
 3 SYSTEMPATH/Router/RouteCollection.php(799): CodeIgniter\Router\RouteCollection::{closure}(Object(CodeIgniter\Router\RouteCollection))
 4 APPPATH/Config/Routes.php(144): CodeIgniter\Router\RouteCollection->group('gimnasio', [...], Object(Closure))
 5 SYSTEMPATH/Router/RouteCollection.php(339): require('/Applications/ServBay/www/trackbitos/app/Config/Routes.php')
 6 SYSTEMPATH/CodeIgniter.php(821): CodeIgniter\Router\RouteCollection->loadRoutes()
 7 SYSTEMPATH/CodeIgniter.php(455): CodeIgniter\CodeIgniter->tryToRouteIt(null)
 8 SYSTEMPATH/CodeIgniter.php(354): CodeIgniter\CodeIgniter->handleRequest(null, Object(Config\Cache), false)
 9 SYSTEMPATH/Boot.php(363): CodeIgniter\CodeIgniter->run()
10 SYSTEMPATH/Boot.php(68): CodeIgniter\Boot::runCodeIgniter(Object(CodeIgniter\CodeIgniter))
11 FCPATH/index.php(59): CodeIgniter\Boot::bootWeb(Object(Config\Paths))
WARNING - 2025-09-05 15:51:33 --> [DEPRECATED] Passing lowercase HTTP method "post" is deprecated. Use uppercase HTTP method like "POST". in SYSTEMPATH/Router/RouteCollection.php on line 1026.
 1 SYSTEMPATH/Router/RouteCollection.php(1026): trigger_error('Passing lowercase HTTP method "post" is deprecated. Use uppercase HTTP method like "POST".', 16384)
 2 APPPATH/Config/Routes.php(161): CodeIgniter\Router\RouteCollection->match([...], 'mesociclos/(:num)/generar/bilbo', 'GimnasioMesociclos::generarBilbo/$1')
 3 SYSTEMPATH/Router/RouteCollection.php(799): CodeIgniter\Router\RouteCollection::{closure}(Object(CodeIgniter\Router\RouteCollection))
 4 APPPATH/Config/Routes.php(144): CodeIgniter\Router\RouteCollection->group('gimnasio', [...], Object(Closure))
 5 SYSTEMPATH/Router/RouteCollection.php(339): require('/Applications/ServBay/www/trackbitos/app/Config/Routes.php')
 6 SYSTEMPATH/CodeIgniter.php(821): CodeIgniter\Router\RouteCollection->loadRoutes()
 7 SYSTEMPATH/CodeIgniter.php(455): CodeIgniter\CodeIgniter->tryToRouteIt(null)
 8 SYSTEMPATH/CodeIgniter.php(354): CodeIgniter\CodeIgniter->handleRequest(null, Object(Config\Cache), false)
 9 SYSTEMPATH/Boot.php(363): CodeIgniter\CodeIgniter->run()
10 SYSTEMPATH/Boot.php(68): CodeIgniter\Boot::runCodeIgniter(Object(CodeIgniter\CodeIgniter))
11 FCPATH/index.php(59): CodeIgniter\Boot::bootWeb(Object(Config\Paths))
WARNING - 2025-09-05 15:51:33 --> [DEPRECATED] Passing lowercase HTTP method "get" is deprecated. Use uppercase HTTP method like "GET". in SYSTEMPATH/Router/RouteCollection.php on line 1026.
 1 SYSTEMPATH/Router/RouteCollection.php(1026): trigger_error('Passing lowercase HTTP method "get" is deprecated. Use uppercase HTTP method like "GET".', 16384)
 2 APPPATH/Config/Routes.php(261): CodeIgniter\Router\RouteCollection->match([...], 'crear', 'Youtube::crearLista')
 3 SYSTEMPATH/Router/RouteCollection.php(799): CodeIgniter\Router\RouteCollection::{closure}(Object(CodeIgniter\Router\RouteCollection))
 4 APPPATH/Config/Routes.php(259): CodeIgniter\Router\RouteCollection->group('youtube', [...], Object(Closure))
 5 SYSTEMPATH/Router/RouteCollection.php(339): require('/Applications/ServBay/www/trackbitos/app/Config/Routes.php')
 6 SYSTEMPATH/CodeIgniter.php(821): CodeIgniter\Router\RouteCollection->loadRoutes()
 7 SYSTEMPATH/CodeIgniter.php(455): CodeIgniter\CodeIgniter->tryToRouteIt(null)
 8 SYSTEMPATH/CodeIgniter.php(354): CodeIgniter\CodeIgniter->handleRequest(null, Object(Config\Cache), false)
 9 SYSTEMPATH/Boot.php(363): CodeIgniter\CodeIgniter->run()
10 SYSTEMPATH/Boot.php(68): CodeIgniter\Boot::runCodeIgniter(Object(CodeIgniter\CodeIgniter))
11 FCPATH/index.php(59): CodeIgniter\Boot::bootWeb(Object(Config\Paths))
WARNING - 2025-09-05 15:51:33 --> [DEPRECATED] Passing lowercase HTTP method "post" is deprecated. Use uppercase HTTP method like "POST". in SYSTEMPATH/Router/RouteCollection.php on line 1026.
 1 SYSTEMPATH/Router/RouteCollection.php(1026): trigger_error('Passing lowercase HTTP method "post" is deprecated. Use uppercase HTTP method like "POST".', 16384)
 2 APPPATH/Config/Routes.php(261): CodeIgniter\Router\RouteCollection->match([...], 'crear', 'Youtube::crearLista')
 3 SYSTEMPATH/Router/RouteCollection.php(799): CodeIgniter\Router\RouteCollection::{closure}(Object(CodeIgniter\Router\RouteCollection))
 4 APPPATH/Config/Routes.php(259): CodeIgniter\Router\RouteCollection->group('youtube', [...], Object(Closure))
 5 SYSTEMPATH/Router/RouteCollection.php(339): require('/Applications/ServBay/www/trackbitos/app/Config/Routes.php')
 6 SYSTEMPATH/CodeIgniter.php(821): CodeIgniter\Router\RouteCollection->loadRoutes()
 7 SYSTEMPATH/CodeIgniter.php(455): CodeIgniter\CodeIgniter->tryToRouteIt(null)
 8 SYSTEMPATH/CodeIgniter.php(354): CodeIgniter\CodeIgniter->handleRequest(null, Object(Config\Cache), false)
 9 SYSTEMPATH/Boot.php(363): CodeIgniter\CodeIgniter->run()
10 SYSTEMPATH/Boot.php(68): CodeIgniter\Boot::runCodeIgniter(Object(CodeIgniter\CodeIgniter))
11 FCPATH/index.php(59): CodeIgniter\Boot::bootWeb(Object(Config\Paths))
DEBUG - 2025-09-05 15:51:33 --> Session: Class initialized using 'CodeIgniter\Session\Handlers\FileHandler' driver.
WARNING - 2025-09-05 15:51:33 --> [DEPRECATED] Passing lowercase HTTP method "get" is deprecated. Use uppercase HTTP method like "GET". in SYSTEMPATH/Router/RouteCollection.php on line 1026.
 1 SYSTEMPATH/Router/RouteCollection.php(1026): trigger_error('Passing lowercase HTTP method "get" is deprecated. Use uppercase HTTP method like "GET".', 16384)
 2 APPPATH/Config/Routes.php(146): CodeIgniter\Router\RouteCollection->match([...], 'mesociclos/nuevo', 'GimnasioMesociclos::nuevo')
 3 SYSTEMPATH/Router/RouteCollection.php(799): CodeIgniter\Router\RouteCollection::{closure}(Object(CodeIgniter\Router\RouteCollection))
 4 APPPATH/Config/Routes.php(144): CodeIgniter\Router\RouteCollection->group('gimnasio', [...], Object(Closure))
 5 SYSTEMPATH/Router/RouteCollection.php(339): require('/Applications/ServBay/www/trackbitos/app/Config/Routes.php')
 6 SYSTEMPATH/CodeIgniter.php(821): CodeIgniter\Router\RouteCollection->loadRoutes()
 7 SYSTEMPATH/CodeIgniter.php(455): CodeIgniter\CodeIgniter->tryToRouteIt(null)
 8 SYSTEMPATH/CodeIgniter.php(354): CodeIgniter\CodeIgniter->handleRequest(null, Object(Config\Cache), false)
 9 SYSTEMPATH/Boot.php(363): CodeIgniter\CodeIgniter->run()
10 SYSTEMPATH/Boot.php(68): CodeIgniter\Boot::runCodeIgniter(Object(CodeIgniter\CodeIgniter))
11 FCPATH/index.php(59): CodeIgniter\Boot::bootWeb(Object(Config\Paths))
WARNING - 2025-09-05 15:51:33 --> [DEPRECATED] Passing lowercase HTTP method "post" is deprecated. Use uppercase HTTP method like "POST". in SYSTEMPATH/Router/RouteCollection.php on line 1026.
 1 SYSTEMPATH/Router/RouteCollection.php(1026): trigger_error('Passing lowercase HTTP method "post" is deprecated. Use uppercase HTTP method like "POST".', 16384)
 2 APPPATH/Config/Routes.php(146): CodeIgniter\Router\RouteCollection->match([...], 'mesociclos/nuevo', 'GimnasioMesociclos::nuevo')
 3 SYSTEMPATH/Router/RouteCollection.php(799): CodeIgniter\Router\RouteCollection::{closure}(Object(CodeIgniter\Router\RouteCollection))
 4 APPPATH/Config/Routes.php(144): CodeIgniter\Router\RouteCollection->group('gimnasio', [...], Object(Closure))
 5 SYSTEMPATH/Router/RouteCollection.php(339): require('/Applications/ServBay/www/trackbitos/app/Config/Routes.php')
 6 SYSTEMPATH/CodeIgniter.php(821): CodeIgniter\Router\RouteCollection->loadRoutes()
 7 SYSTEMPATH/CodeIgniter.php(455): CodeIgniter\CodeIgniter->tryToRouteIt(null)
 8 SYSTEMPATH/CodeIgniter.php(354): CodeIgniter\CodeIgniter->handleRequest(null, Object(Config\Cache), false)
 9 SYSTEMPATH/Boot.php(363): CodeIgniter\CodeIgniter->run()
10 SYSTEMPATH/Boot.php(68): CodeIgniter\Boot::runCodeIgniter(Object(CodeIgniter\CodeIgniter))
11 FCPATH/index.php(59): CodeIgniter\Boot::bootWeb(Object(Config\Paths))
WARNING - 2025-09-05 15:51:33 --> [DEPRECATED] Passing lowercase HTTP method "get" is deprecated. Use uppercase HTTP method like "GET". in SYSTEMPATH/Router/RouteCollection.php on line 1026.
 1 SYSTEMPATH/Router/RouteCollection.php(1026): trigger_error('Passing lowercase HTTP method "get" is deprecated. Use uppercase HTTP method like "GET".', 16384)
 2 APPPATH/Config/Routes.php(148): CodeIgniter\Router\RouteCollection->match([...], 'mesociclos/(:num)/bloque/nuevo', 'GimnasioMesociclos::bloqueNuevo/$1')
 3 SYSTEMPATH/Router/RouteCollection.php(799): CodeIgniter\Router\RouteCollection::{closure}(Object(CodeIgniter\Router\RouteCollection))
 4 APPPATH/Config/Routes.php(144): CodeIgniter\Router\RouteCollection->group('gimnasio', [...], Object(Closure))
 5 SYSTEMPATH/Router/RouteCollection.php(339): require('/Applications/ServBay/www/trackbitos/app/Config/Routes.php')
 6 SYSTEMPATH/CodeIgniter.php(821): CodeIgniter\Router\RouteCollection->loadRoutes()
 7 SYSTEMPATH/CodeIgniter.php(455): CodeIgniter\CodeIgniter->tryToRouteIt(null)
 8 SYSTEMPATH/CodeIgniter.php(354): CodeIgniter\CodeIgniter->handleRequest(null, Object(Config\Cache), false)
 9 SYSTEMPATH/Boot.php(363): CodeIgniter\CodeIgniter->run()
10 SYSTEMPATH/Boot.php(68): CodeIgniter\Boot::runCodeIgniter(Object(CodeIgniter\CodeIgniter))
11 FCPATH/index.php(59): CodeIgniter\Boot::bootWeb(Object(Config\Paths))
WARNING - 2025-09-05 15:51:33 --> [DEPRECATED] Passing lowercase HTTP method "post" is deprecated. Use uppercase HTTP method like "POST". in SYSTEMPATH/Router/RouteCollection.php on line 1026.
 1 SYSTEMPATH/Router/RouteCollection.php(1026): trigger_error('Passing lowercase HTTP method "post" is deprecated. Use uppercase HTTP method like "POST".', 16384)
 2 APPPATH/Config/Routes.php(148): CodeIgniter\Router\RouteCollection->match([...], 'mesociclos/(:num)/bloque/nuevo', 'GimnasioMesociclos::bloqueNuevo/$1')
 3 SYSTEMPATH/Router/RouteCollection.php(799): CodeIgniter\Router\RouteCollection::{closure}(Object(CodeIgniter\Router\RouteCollection))
 4 APPPATH/Config/Routes.php(144): CodeIgniter\Router\RouteCollection->group('gimnasio', [...], Object(Closure))
 5 SYSTEMPATH/Router/RouteCollection.php(339): require('/Applications/ServBay/www/trackbitos/app/Config/Routes.php')
 6 SYSTEMPATH/CodeIgniter.php(821): CodeIgniter\Router\RouteCollection->loadRoutes()
 7 SYSTEMPATH/CodeIgniter.php(455): CodeIgniter\CodeIgniter->tryToRouteIt(null)
 8 SYSTEMPATH/CodeIgniter.php(354): CodeIgniter\CodeIgniter->handleRequest(null, Object(Config\Cache), false)
 9 SYSTEMPATH/Boot.php(363): CodeIgniter\CodeIgniter->run()
10 SYSTEMPATH/Boot.php(68): CodeIgniter\Boot::runCodeIgniter(Object(CodeIgniter\CodeIgniter))
11 FCPATH/index.php(59): CodeIgniter\Boot::bootWeb(Object(Config\Paths))
WARNING - 2025-09-05 15:51:33 --> [DEPRECATED] Passing lowercase HTTP method "get" is deprecated. Use uppercase HTTP method like "GET". in SYSTEMPATH/Router/RouteCollection.php on line 1026.
 1 SYSTEMPATH/Router/RouteCollection.php(1026): trigger_error('Passing lowercase HTTP method "get" is deprecated. Use uppercase HTTP method like "GET".', 16384)
 2 APPPATH/Config/Routes.php(150): CodeIgniter\Router\RouteCollection->match([...], 'mesociclos/(:num)/asignar/(:num)', 'GimnasioMesociclos::asignar/$1/$2')
 3 SYSTEMPATH/Router/RouteCollection.php(799): CodeIgniter\Router\RouteCollection::{closure}(Object(CodeIgniter\Router\RouteCollection))
 4 APPPATH/Config/Routes.php(144): CodeIgniter\Router\RouteCollection->group('gimnasio', [...], Object(Closure))
 5 SYSTEMPATH/Router/RouteCollection.php(339): require('/Applications/ServBay/www/trackbitos/app/Config/Routes.php')
 6 SYSTEMPATH/CodeIgniter.php(821): CodeIgniter\Router\RouteCollection->loadRoutes()
 7 SYSTEMPATH/CodeIgniter.php(455): CodeIgniter\CodeIgniter->tryToRouteIt(null)
 8 SYSTEMPATH/CodeIgniter.php(354): CodeIgniter\CodeIgniter->handleRequest(null, Object(Config\Cache), false)
 9 SYSTEMPATH/Boot.php(363): CodeIgniter\CodeIgniter->run()
10 SYSTEMPATH/Boot.php(68): CodeIgniter\Boot::runCodeIgniter(Object(CodeIgniter\CodeIgniter))
11 FCPATH/index.php(59): CodeIgniter\Boot::bootWeb(Object(Config\Paths))
WARNING - 2025-09-05 15:51:33 --> [DEPRECATED] Passing lowercase HTTP method "post" is deprecated. Use uppercase HTTP method like "POST". in SYSTEMPATH/Router/RouteCollection.php on line 1026.
 1 SYSTEMPATH/Router/RouteCollection.php(1026): trigger_error('Passing lowercase HTTP method "post" is deprecated. Use uppercase HTTP method like "POST".', 16384)
 2 APPPATH/Config/Routes.php(150): CodeIgniter\Router\RouteCollection->match([...], 'mesociclos/(:num)/asignar/(:num)', 'GimnasioMesociclos::asignar/$1/$2')
 3 SYSTEMPATH/Router/RouteCollection.php(799): CodeIgniter\Router\RouteCollection::{closure}(Object(CodeIgniter\Router\RouteCollection))
 4 APPPATH/Config/Routes.php(144): CodeIgniter\Router\RouteCollection->group('gimnasio', [...], Object(Closure))
 5 SYSTEMPATH/Router/RouteCollection.php(339): require('/Applications/ServBay/www/trackbitos/app/Config/Routes.php')
 6 SYSTEMPATH/CodeIgniter.php(821): CodeIgniter\Router\RouteCollection->loadRoutes()
 7 SYSTEMPATH/CodeIgniter.php(455): CodeIgniter\CodeIgniter->tryToRouteIt(null)
 8 SYSTEMPATH/CodeIgniter.php(354): CodeIgniter\CodeIgniter->handleRequest(null, Object(Config\Cache), false)
 9 SYSTEMPATH/Boot.php(363): CodeIgniter\CodeIgniter->run()
10 SYSTEMPATH/Boot.php(68): CodeIgniter\Boot::runCodeIgniter(Object(CodeIgniter\CodeIgniter))
11 FCPATH/index.php(59): CodeIgniter\Boot::bootWeb(Object(Config\Paths))
WARNING - 2025-09-05 15:51:33 --> [DEPRECATED] Passing lowercase HTTP method "get" is deprecated. Use uppercase HTTP method like "GET". in SYSTEMPATH/Router/RouteCollection.php on line 1026.
 1 SYSTEMPATH/Router/RouteCollection.php(1026): trigger_error('Passing lowercase HTTP method "get" is deprecated. Use uppercase HTTP method like "GET".', 16384)
 2 APPPATH/Config/Routes.php(153): CodeIgniter\Router\RouteCollection->match([...], 'mesociclos/(:num)/generar', 'GimnasioMesociclos::generar/$1')
 3 SYSTEMPATH/Router/RouteCollection.php(799): CodeIgniter\Router\RouteCollection::{closure}(Object(CodeIgniter\Router\RouteCollection))
 4 APPPATH/Config/Routes.php(144): CodeIgniter\Router\RouteCollection->group('gimnasio', [...], Object(Closure))
 5 SYSTEMPATH/Router/RouteCollection.php(339): require('/Applications/ServBay/www/trackbitos/app/Config/Routes.php')
 6 SYSTEMPATH/CodeIgniter.php(821): CodeIgniter\Router\RouteCollection->loadRoutes()
 7 SYSTEMPATH/CodeIgniter.php(455): CodeIgniter\CodeIgniter->tryToRouteIt(null)
 8 SYSTEMPATH/CodeIgniter.php(354): CodeIgniter\CodeIgniter->handleRequest(null, Object(Config\Cache), false)
 9 SYSTEMPATH/Boot.php(363): CodeIgniter\CodeIgniter->run()
10 SYSTEMPATH/Boot.php(68): CodeIgniter\Boot::runCodeIgniter(Object(CodeIgniter\CodeIgniter))
11 FCPATH/index.php(59): CodeIgniter\Boot::bootWeb(Object(Config\Paths))
WARNING - 2025-09-05 15:51:33 --> [DEPRECATED] Passing lowercase HTTP method "post" is deprecated. Use uppercase HTTP method like "POST". in SYSTEMPATH/Router/RouteCollection.php on line 1026.
 1 SYSTEMPATH/Router/RouteCollection.php(1026): trigger_error('Passing lowercase HTTP method "post" is deprecated. Use uppercase HTTP method like "POST".', 16384)
 2 APPPATH/Config/Routes.php(153): CodeIgniter\Router\RouteCollection->match([...], 'mesociclos/(:num)/generar', 'GimnasioMesociclos::generar/$1')
 3 SYSTEMPATH/Router/RouteCollection.php(799): CodeIgniter\Router\RouteCollection::{closure}(Object(CodeIgniter\Router\RouteCollection))
 4 APPPATH/Config/Routes.php(144): CodeIgniter\Router\RouteCollection->group('gimnasio', [...], Object(Closure))
 5 SYSTEMPATH/Router/RouteCollection.php(339): require('/Applications/ServBay/www/trackbitos/app/Config/Routes.php')
 6 SYSTEMPATH/CodeIgniter.php(821): CodeIgniter\Router\RouteCollection->loadRoutes()
 7 SYSTEMPATH/CodeIgniter.php(455): CodeIgniter\CodeIgniter->tryToRouteIt(null)
 8 SYSTEMPATH/CodeIgniter.php(354): CodeIgniter\CodeIgniter->handleRequest(null, Object(Config\Cache), false)
 9 SYSTEMPATH/Boot.php(363): CodeIgniter\CodeIgniter->run()
10 SYSTEMPATH/Boot.php(68): CodeIgniter\Boot::runCodeIgniter(Object(CodeIgniter\CodeIgniter))
11 FCPATH/index.php(59): CodeIgniter\Boot::bootWeb(Object(Config\Paths))
WARNING - 2025-09-05 15:51:33 --> [DEPRECATED] Passing lowercase HTTP method "get" is deprecated. Use uppercase HTTP method like "GET". in SYSTEMPATH/Router/RouteCollection.php on line 1026.
 1 SYSTEMPATH/Router/RouteCollection.php(1026): trigger_error('Passing lowercase HTTP method "get" is deprecated. Use uppercase HTTP method like "GET".', 16384)
 2 APPPATH/Config/Routes.php(161): CodeIgniter\Router\RouteCollection->match([...], 'mesociclos/(:num)/generar/bilbo', 'GimnasioMesociclos::generarBilbo/$1')
 3 SYSTEMPATH/Router/RouteCollection.php(799): CodeIgniter\Router\RouteCollection::{closure}(Object(CodeIgniter\Router\RouteCollection))
 4 APPPATH/Config/Routes.php(144): CodeIgniter\Router\RouteCollection->group('gimnasio', [...], Object(Closure))
 5 SYSTEMPATH/Router/RouteCollection.php(339): require('/Applications/ServBay/www/trackbitos/app/Config/Routes.php')
 6 SYSTEMPATH/CodeIgniter.php(821): CodeIgniter\Router\RouteCollection->loadRoutes()
 7 SYSTEMPATH/CodeIgniter.php(455): CodeIgniter\CodeIgniter->tryToRouteIt(null)
 8 SYSTEMPATH/CodeIgniter.php(354): CodeIgniter\CodeIgniter->handleRequest(null, Object(Config\Cache), false)
 9 SYSTEMPATH/Boot.php(363): CodeIgniter\CodeIgniter->run()
10 SYSTEMPATH/Boot.php(68): CodeIgniter\Boot::runCodeIgniter(Object(CodeIgniter\CodeIgniter))
11 FCPATH/index.php(59): CodeIgniter\Boot::bootWeb(Object(Config\Paths))
WARNING - 2025-09-05 15:51:33 --> [DEPRECATED] Passing lowercase HTTP method "post" is deprecated. Use uppercase HTTP method like "POST". in SYSTEMPATH/Router/RouteCollection.php on line 1026.
 1 SYSTEMPATH/Router/RouteCollection.php(1026): trigger_error('Passing lowercase HTTP method "post" is deprecated. Use uppercase HTTP method like "POST".', 16384)
 2 APPPATH/Config/Routes.php(161): CodeIgniter\Router\RouteCollection->match([...], 'mesociclos/(:num)/generar/bilbo', 'GimnasioMesociclos::generarBilbo/$1')
 3 SYSTEMPATH/Router/RouteCollection.php(799): CodeIgniter\Router\RouteCollection::{closure}(Object(CodeIgniter\Router\RouteCollection))
 4 APPPATH/Config/Routes.php(144): CodeIgniter\Router\RouteCollection->group('gimnasio', [...], Object(Closure))
 5 SYSTEMPATH/Router/RouteCollection.php(339): require('/Applications/ServBay/www/trackbitos/app/Config/Routes.php')
 6 SYSTEMPATH/CodeIgniter.php(821): CodeIgniter\Router\RouteCollection->loadRoutes()
 7 SYSTEMPATH/CodeIgniter.php(455): CodeIgniter\CodeIgniter->tryToRouteIt(null)
 8 SYSTEMPATH/CodeIgniter.php(354): CodeIgniter\CodeIgniter->handleRequest(null, Object(Config\Cache), false)
 9 SYSTEMPATH/Boot.php(363): CodeIgniter\CodeIgniter->run()
10 SYSTEMPATH/Boot.php(68): CodeIgniter\Boot::runCodeIgniter(Object(CodeIgniter\CodeIgniter))
11 FCPATH/index.php(59): CodeIgniter\Boot::bootWeb(Object(Config\Paths))
WARNING - 2025-09-05 15:51:33 --> [DEPRECATED] Passing lowercase HTTP method "get" is deprecated. Use uppercase HTTP method like "GET". in SYSTEMPATH/Router/RouteCollection.php on line 1026.
 1 SYSTEMPATH/Router/RouteCollection.php(1026): trigger_error('Passing lowercase HTTP method "get" is deprecated. Use uppercase HTTP method like "GET".', 16384)
 2 APPPATH/Config/Routes.php(261): CodeIgniter\Router\RouteCollection->match([...], 'crear', 'Youtube::crearLista')
 3 SYSTEMPATH/Router/RouteCollection.php(799): CodeIgniter\Router\RouteCollection::{closure}(Object(CodeIgniter\Router\RouteCollection))
 4 APPPATH/Config/Routes.php(259): CodeIgniter\Router\RouteCollection->group('youtube', [...], Object(Closure))
 5 SYSTEMPATH/Router/RouteCollection.php(339): require('/Applications/ServBay/www/trackbitos/app/Config/Routes.php')
 6 SYSTEMPATH/CodeIgniter.php(821): CodeIgniter\Router\RouteCollection->loadRoutes()
 7 SYSTEMPATH/CodeIgniter.php(455): CodeIgniter\CodeIgniter->tryToRouteIt(null)
 8 SYSTEMPATH/CodeIgniter.php(354): CodeIgniter\CodeIgniter->handleRequest(null, Object(Config\Cache), false)
 9 SYSTEMPATH/Boot.php(363): CodeIgniter\CodeIgniter->run()
10 SYSTEMPATH/Boot.php(68): CodeIgniter\Boot::runCodeIgniter(Object(CodeIgniter\CodeIgniter))
11 FCPATH/index.php(59): CodeIgniter\Boot::bootWeb(Object(Config\Paths))
WARNING - 2025-09-05 15:51:33 --> [DEPRECATED] Passing lowercase HTTP method "post" is deprecated. Use uppercase HTTP method like "POST". in SYSTEMPATH/Router/RouteCollection.php on line 1026.
 1 SYSTEMPATH/Router/RouteCollection.php(1026): trigger_error('Passing lowercase HTTP method "post" is deprecated. Use uppercase HTTP method like "POST".', 16384)
 2 APPPATH/Config/Routes.php(261): CodeIgniter\Router\RouteCollection->match([...], 'crear', 'Youtube::crearLista')
 3 SYSTEMPATH/Router/RouteCollection.php(799): CodeIgniter\Router\RouteCollection::{closure}(Object(CodeIgniter\Router\RouteCollection))
 4 APPPATH/Config/Routes.php(259): CodeIgniter\Router\RouteCollection->group('youtube', [...], Object(Closure))
 5 SYSTEMPATH/Router/RouteCollection.php(339): require('/Applications/ServBay/www/trackbitos/app/Config/Routes.php')
 6 SYSTEMPATH/CodeIgniter.php(821): CodeIgniter\Router\RouteCollection->loadRoutes()
 7 SYSTEMPATH/CodeIgniter.php(455): CodeIgniter\CodeIgniter->tryToRouteIt(null)
 8 SYSTEMPATH/CodeIgniter.php(354): CodeIgniter\CodeIgniter->handleRequest(null, Object(Config\Cache), false)
 9 SYSTEMPATH/Boot.php(363): CodeIgniter\CodeIgniter->run()
10 SYSTEMPATH/Boot.php(68): CodeIgniter\Boot::runCodeIgniter(Object(CodeIgniter\CodeIgniter))
11 FCPATH/index.php(59): CodeIgniter\Boot::bootWeb(Object(Config\Paths))
DEBUG - 2025-09-05 15:51:33 --> Session: Class initialized using 'CodeIgniter\Session\Handlers\FileHandler' driver.
WARNING - 2025-09-05 15:51:35 --> [DEPRECATED] Passing lowercase HTTP method "get" is deprecated. Use uppercase HTTP method like "GET". in SYSTEMPATH/Router/RouteCollection.php on line 1026.
 1 SYSTEMPATH/Router/RouteCollection.php(1026): trigger_error('Passing lowercase HTTP method "get" is deprecated. Use uppercase HTTP method like "GET".', 16384)
 2 APPPATH/Config/Routes.php(146): CodeIgniter\Router\RouteCollection->match([...], 'mesociclos/nuevo', 'GimnasioMesociclos::nuevo')
 3 SYSTEMPATH/Router/RouteCollection.php(799): CodeIgniter\Router\RouteCollection::{closure}(Object(CodeIgniter\Router\RouteCollection))
 4 APPPATH/Config/Routes.php(144): CodeIgniter\Router\RouteCollection->group('gimnasio', [...], Object(Closure))
 5 SYSTEMPATH/Router/RouteCollection.php(339): require('/Applications/ServBay/www/trackbitos/app/Config/Routes.php')
 6 SYSTEMPATH/CodeIgniter.php(821): CodeIgniter\Router\RouteCollection->loadRoutes()
 7 SYSTEMPATH/CodeIgniter.php(455): CodeIgniter\CodeIgniter->tryToRouteIt(null)
 8 SYSTEMPATH/CodeIgniter.php(354): CodeIgniter\CodeIgniter->handleRequest(null, Object(Config\Cache), false)
 9 SYSTEMPATH/Boot.php(363): CodeIgniter\CodeIgniter->run()
10 SYSTEMPATH/Boot.php(68): CodeIgniter\Boot::runCodeIgniter(Object(CodeIgniter\CodeIgniter))
11 FCPATH/index.php(59): CodeIgniter\Boot::bootWeb(Object(Config\Paths))
WARNING - 2025-09-05 15:51:35 --> [DEPRECATED] Passing lowercase HTTP method "post" is deprecated. Use uppercase HTTP method like "POST". in SYSTEMPATH/Router/RouteCollection.php on line 1026.
 1 SYSTEMPATH/Router/RouteCollection.php(1026): trigger_error('Passing lowercase HTTP method "post" is deprecated. Use uppercase HTTP method like "POST".', 16384)
 2 APPPATH/Config/Routes.php(146): CodeIgniter\Router\RouteCollection->match([...], 'mesociclos/nuevo', 'GimnasioMesociclos::nuevo')
 3 SYSTEMPATH/Router/RouteCollection.php(799): CodeIgniter\Router\RouteCollection::{closure}(Object(CodeIgniter\Router\RouteCollection))
 4 APPPATH/Config/Routes.php(144): CodeIgniter\Router\RouteCollection->group('gimnasio', [...], Object(Closure))
 5 SYSTEMPATH/Router/RouteCollection.php(339): require('/Applications/ServBay/www/trackbitos/app/Config/Routes.php')
 6 SYSTEMPATH/CodeIgniter.php(821): CodeIgniter\Router\RouteCollection->loadRoutes()
 7 SYSTEMPATH/CodeIgniter.php(455): CodeIgniter\CodeIgniter->tryToRouteIt(null)
 8 SYSTEMPATH/CodeIgniter.php(354): CodeIgniter\CodeIgniter->handleRequest(null, Object(Config\Cache), false)
 9 SYSTEMPATH/Boot.php(363): CodeIgniter\CodeIgniter->run()
10 SYSTEMPATH/Boot.php(68): CodeIgniter\Boot::runCodeIgniter(Object(CodeIgniter\CodeIgniter))
11 FCPATH/index.php(59): CodeIgniter\Boot::bootWeb(Object(Config\Paths))
WARNING - 2025-09-05 15:51:35 --> [DEPRECATED] Passing lowercase HTTP method "get" is deprecated. Use uppercase HTTP method like "GET". in SYSTEMPATH/Router/RouteCollection.php on line 1026.
 1 SYSTEMPATH/Router/RouteCollection.php(1026): trigger_error('Passing lowercase HTTP method "get" is deprecated. Use uppercase HTTP method like "GET".', 16384)
 2 APPPATH/Config/Routes.php(148): CodeIgniter\Router\RouteCollection->match([...], 'mesociclos/(:num)/bloque/nuevo', 'GimnasioMesociclos::bloqueNuevo/$1')
 3 SYSTEMPATH/Router/RouteCollection.php(799): CodeIgniter\Router\RouteCollection::{closure}(Object(CodeIgniter\Router\RouteCollection))
 4 APPPATH/Config/Routes.php(144): CodeIgniter\Router\RouteCollection->group('gimnasio', [...], Object(Closure))
 5 SYSTEMPATH/Router/RouteCollection.php(339): require('/Applications/ServBay/www/trackbitos/app/Config/Routes.php')
 6 SYSTEMPATH/CodeIgniter.php(821): CodeIgniter\Router\RouteCollection->loadRoutes()
 7 SYSTEMPATH/CodeIgniter.php(455): CodeIgniter\CodeIgniter->tryToRouteIt(null)
 8 SYSTEMPATH/CodeIgniter.php(354): CodeIgniter\CodeIgniter->handleRequest(null, Object(Config\Cache), false)
 9 SYSTEMPATH/Boot.php(363): CodeIgniter\CodeIgniter->run()
10 SYSTEMPATH/Boot.php(68): CodeIgniter\Boot::runCodeIgniter(Object(CodeIgniter\CodeIgniter))
11 FCPATH/index.php(59): CodeIgniter\Boot::bootWeb(Object(Config\Paths))
WARNING - 2025-09-05 15:51:35 --> [DEPRECATED] Passing lowercase HTTP method "post" is deprecated. Use uppercase HTTP method like "POST". in SYSTEMPATH/Router/RouteCollection.php on line 1026.
 1 SYSTEMPATH/Router/RouteCollection.php(1026): trigger_error('Passing lowercase HTTP method "post" is deprecated. Use uppercase HTTP method like "POST".', 16384)
 2 APPPATH/Config/Routes.php(148): CodeIgniter\Router\RouteCollection->match([...], 'mesociclos/(:num)/bloque/nuevo', 'GimnasioMesociclos::bloqueNuevo/$1')
 3 SYSTEMPATH/Router/RouteCollection.php(799): CodeIgniter\Router\RouteCollection::{closure}(Object(CodeIgniter\Router\RouteCollection))
 4 APPPATH/Config/Routes.php(144): CodeIgniter\Router\RouteCollection->group('gimnasio', [...], Object(Closure))
 5 SYSTEMPATH/Router/RouteCollection.php(339): require('/Applications/ServBay/www/trackbitos/app/Config/Routes.php')
 6 SYSTEMPATH/CodeIgniter.php(821): CodeIgniter\Router\RouteCollection->loadRoutes()
 7 SYSTEMPATH/CodeIgniter.php(455): CodeIgniter\CodeIgniter->tryToRouteIt(null)
 8 SYSTEMPATH/CodeIgniter.php(354): CodeIgniter\CodeIgniter->handleRequest(null, Object(Config\Cache), false)
 9 SYSTEMPATH/Boot.php(363): CodeIgniter\CodeIgniter->run()
10 SYSTEMPATH/Boot.php(68): CodeIgniter\Boot::runCodeIgniter(Object(CodeIgniter\CodeIgniter))
11 FCPATH/index.php(59): CodeIgniter\Boot::bootWeb(Object(Config\Paths))
WARNING - 2025-09-05 15:51:35 --> [DEPRECATED] Passing lowercase HTTP method "get" is deprecated. Use uppercase HTTP method like "GET". in SYSTEMPATH/Router/RouteCollection.php on line 1026.
 1 SYSTEMPATH/Router/RouteCollection.php(1026): trigger_error('Passing lowercase HTTP method "get" is deprecated. Use uppercase HTTP method like "GET".', 16384)
 2 APPPATH/Config/Routes.php(150): CodeIgniter\Router\RouteCollection->match([...], 'mesociclos/(:num)/asignar/(:num)', 'GimnasioMesociclos::asignar/$1/$2')
 3 SYSTEMPATH/Router/RouteCollection.php(799): CodeIgniter\Router\RouteCollection::{closure}(Object(CodeIgniter\Router\RouteCollection))
 4 APPPATH/Config/Routes.php(144): CodeIgniter\Router\RouteCollection->group('gimnasio', [...], Object(Closure))
 5 SYSTEMPATH/Router/RouteCollection.php(339): require('/Applications/ServBay/www/trackbitos/app/Config/Routes.php')
 6 SYSTEMPATH/CodeIgniter.php(821): CodeIgniter\Router\RouteCollection->loadRoutes()
 7 SYSTEMPATH/CodeIgniter.php(455): CodeIgniter\CodeIgniter->tryToRouteIt(null)
 8 SYSTEMPATH/CodeIgniter.php(354): CodeIgniter\CodeIgniter->handleRequest(null, Object(Config\Cache), false)
 9 SYSTEMPATH/Boot.php(363): CodeIgniter\CodeIgniter->run()
10 SYSTEMPATH/Boot.php(68): CodeIgniter\Boot::runCodeIgniter(Object(CodeIgniter\CodeIgniter))
11 FCPATH/index.php(59): CodeIgniter\Boot::bootWeb(Object(Config\Paths))
WARNING - 2025-09-05 15:51:35 --> [DEPRECATED] Passing lowercase HTTP method "post" is deprecated. Use uppercase HTTP method like "POST". in SYSTEMPATH/Router/RouteCollection.php on line 1026.
 1 SYSTEMPATH/Router/RouteCollection.php(1026): trigger_error('Passing lowercase HTTP method "post" is deprecated. Use uppercase HTTP method like "POST".', 16384)
 2 APPPATH/Config/Routes.php(150): CodeIgniter\Router\RouteCollection->match([...], 'mesociclos/(:num)/asignar/(:num)', 'GimnasioMesociclos::asignar/$1/$2')
 3 SYSTEMPATH/Router/RouteCollection.php(799): CodeIgniter\Router\RouteCollection::{closure}(Object(CodeIgniter\Router\RouteCollection))
 4 APPPATH/Config/Routes.php(144): CodeIgniter\Router\RouteCollection->group('gimnasio', [...], Object(Closure))
 5 SYSTEMPATH/Router/RouteCollection.php(339): require('/Applications/ServBay/www/trackbitos/app/Config/Routes.php')
 6 SYSTEMPATH/CodeIgniter.php(821): CodeIgniter\Router\RouteCollection->loadRoutes()
 7 SYSTEMPATH/CodeIgniter.php(455): CodeIgniter\CodeIgniter->tryToRouteIt(null)
 8 SYSTEMPATH/CodeIgniter.php(354): CodeIgniter\CodeIgniter->handleRequest(null, Object(Config\Cache), false)
 9 SYSTEMPATH/Boot.php(363): CodeIgniter\CodeIgniter->run()
10 SYSTEMPATH/Boot.php(68): CodeIgniter\Boot::runCodeIgniter(Object(CodeIgniter\CodeIgniter))
11 FCPATH/index.php(59): CodeIgniter\Boot::bootWeb(Object(Config\Paths))
WARNING - 2025-09-05 15:51:35 --> [DEPRECATED] Passing lowercase HTTP method "get" is deprecated. Use uppercase HTTP method like "GET". in SYSTEMPATH/Router/RouteCollection.php on line 1026.
 1 SYSTEMPATH/Router/RouteCollection.php(1026): trigger_error('Passing lowercase HTTP method "get" is deprecated. Use uppercase HTTP method like "GET".', 16384)
 2 APPPATH/Config/Routes.php(153): CodeIgniter\Router\RouteCollection->match([...], 'mesociclos/(:num)/generar', 'GimnasioMesociclos::generar/$1')
 3 SYSTEMPATH/Router/RouteCollection.php(799): CodeIgniter\Router\RouteCollection::{closure}(Object(CodeIgniter\Router\RouteCollection))
 4 APPPATH/Config/Routes.php(144): CodeIgniter\Router\RouteCollection->group('gimnasio', [...], Object(Closure))
 5 SYSTEMPATH/Router/RouteCollection.php(339): require('/Applications/ServBay/www/trackbitos/app/Config/Routes.php')
 6 SYSTEMPATH/CodeIgniter.php(821): CodeIgniter\Router\RouteCollection->loadRoutes()
 7 SYSTEMPATH/CodeIgniter.php(455): CodeIgniter\CodeIgniter->tryToRouteIt(null)
 8 SYSTEMPATH/CodeIgniter.php(354): CodeIgniter\CodeIgniter->handleRequest(null, Object(Config\Cache), false)
 9 SYSTEMPATH/Boot.php(363): CodeIgniter\CodeIgniter->run()
10 SYSTEMPATH/Boot.php(68): CodeIgniter\Boot::runCodeIgniter(Object(CodeIgniter\CodeIgniter))
11 FCPATH/index.php(59): CodeIgniter\Boot::bootWeb(Object(Config\Paths))
WARNING - 2025-09-05 15:51:35 --> [DEPRECATED] Passing lowercase HTTP method "post" is deprecated. Use uppercase HTTP method like "POST". in SYSTEMPATH/Router/RouteCollection.php on line 1026.
 1 SYSTEMPATH/Router/RouteCollection.php(1026): trigger_error('Passing lowercase HTTP method "post" is deprecated. Use uppercase HTTP method like "POST".', 16384)
 2 APPPATH/Config/Routes.php(153): CodeIgniter\Router\RouteCollection->match([...], 'mesociclos/(:num)/generar', 'GimnasioMesociclos::generar/$1')
 3 SYSTEMPATH/Router/RouteCollection.php(799): CodeIgniter\Router\RouteCollection::{closure}(Object(CodeIgniter\Router\RouteCollection))
 4 APPPATH/Config/Routes.php(144): CodeIgniter\Router\RouteCollection->group('gimnasio', [...], Object(Closure))
 5 SYSTEMPATH/Router/RouteCollection.php(339): require('/Applications/ServBay/www/trackbitos/app/Config/Routes.php')
 6 SYSTEMPATH/CodeIgniter.php(821): CodeIgniter\Router\RouteCollection->loadRoutes()
 7 SYSTEMPATH/CodeIgniter.php(455): CodeIgniter\CodeIgniter->tryToRouteIt(null)
 8 SYSTEMPATH/CodeIgniter.php(354): CodeIgniter\CodeIgniter->handleRequest(null, Object(Config\Cache), false)
 9 SYSTEMPATH/Boot.php(363): CodeIgniter\CodeIgniter->run()
10 SYSTEMPATH/Boot.php(68): CodeIgniter\Boot::runCodeIgniter(Object(CodeIgniter\CodeIgniter))
11 FCPATH/index.php(59): CodeIgniter\Boot::bootWeb(Object(Config\Paths))
WARNING - 2025-09-05 15:51:35 --> [DEPRECATED] Passing lowercase HTTP method "get" is deprecated. Use uppercase HTTP method like "GET". in SYSTEMPATH/Router/RouteCollection.php on line 1026.
 1 SYSTEMPATH/Router/RouteCollection.php(1026): trigger_error('Passing lowercase HTTP method "get" is deprecated. Use uppercase HTTP method like "GET".', 16384)
 2 APPPATH/Config/Routes.php(161): CodeIgniter\Router\RouteCollection->match([...], 'mesociclos/(:num)/generar/bilbo', 'GimnasioMesociclos::generarBilbo/$1')
 3 SYSTEMPATH/Router/RouteCollection.php(799): CodeIgniter\Router\RouteCollection::{closure}(Object(CodeIgniter\Router\RouteCollection))
 4 APPPATH/Config/Routes.php(144): CodeIgniter\Router\RouteCollection->group('gimnasio', [...], Object(Closure))
 5 SYSTEMPATH/Router/RouteCollection.php(339): require('/Applications/ServBay/www/trackbitos/app/Config/Routes.php')
 6 SYSTEMPATH/CodeIgniter.php(821): CodeIgniter\Router\RouteCollection->loadRoutes()
 7 SYSTEMPATH/CodeIgniter.php(455): CodeIgniter\CodeIgniter->tryToRouteIt(null)
 8 SYSTEMPATH/CodeIgniter.php(354): CodeIgniter\CodeIgniter->handleRequest(null, Object(Config\Cache), false)
 9 SYSTEMPATH/Boot.php(363): CodeIgniter\CodeIgniter->run()
10 SYSTEMPATH/Boot.php(68): CodeIgniter\Boot::runCodeIgniter(Object(CodeIgniter\CodeIgniter))
11 FCPATH/index.php(59): CodeIgniter\Boot::bootWeb(Object(Config\Paths))
WARNING - 2025-09-05 15:51:35 --> [DEPRECATED] Passing lowercase HTTP method "post" is deprecated. Use uppercase HTTP method like "POST". in SYSTEMPATH/Router/RouteCollection.php on line 1026.
 1 SYSTEMPATH/Router/RouteCollection.php(1026): trigger_error('Passing lowercase HTTP method "post" is deprecated. Use uppercase HTTP method like "POST".', 16384)
 2 APPPATH/Config/Routes.php(161): CodeIgniter\Router\RouteCollection->match([...], 'mesociclos/(:num)/generar/bilbo', 'GimnasioMesociclos::generarBilbo/$1')
 3 SYSTEMPATH/Router/RouteCollection.php(799): CodeIgniter\Router\RouteCollection::{closure}(Object(CodeIgniter\Router\RouteCollection))
 4 APPPATH/Config/Routes.php(144): CodeIgniter\Router\RouteCollection->group('gimnasio', [...], Object(Closure))
 5 SYSTEMPATH/Router/RouteCollection.php(339): require('/Applications/ServBay/www/trackbitos/app/Config/Routes.php')
 6 SYSTEMPATH/CodeIgniter.php(821): CodeIgniter\Router\RouteCollection->loadRoutes()
 7 SYSTEMPATH/CodeIgniter.php(455): CodeIgniter\CodeIgniter->tryToRouteIt(null)
 8 SYSTEMPATH/CodeIgniter.php(354): CodeIgniter\CodeIgniter->handleRequest(null, Object(Config\Cache), false)
 9 SYSTEMPATH/Boot.php(363): CodeIgniter\CodeIgniter->run()
10 SYSTEMPATH/Boot.php(68): CodeIgniter\Boot::runCodeIgniter(Object(CodeIgniter\CodeIgniter))
11 FCPATH/index.php(59): CodeIgniter\Boot::bootWeb(Object(Config\Paths))
WARNING - 2025-09-05 15:51:35 --> [DEPRECATED] Passing lowercase HTTP method "get" is deprecated. Use uppercase HTTP method like "GET". in SYSTEMPATH/Router/RouteCollection.php on line 1026.
 1 SYSTEMPATH/Router/RouteCollection.php(1026): trigger_error('Passing lowercase HTTP method "get" is deprecated. Use uppercase HTTP method like "GET".', 16384)
 2 APPPATH/Config/Routes.php(261): CodeIgniter\Router\RouteCollection->match([...], 'crear', 'Youtube::crearLista')
 3 SYSTEMPATH/Router/RouteCollection.php(799): CodeIgniter\Router\RouteCollection::{closure}(Object(CodeIgniter\Router\RouteCollection))
 4 APPPATH/Config/Routes.php(259): CodeIgniter\Router\RouteCollection->group('youtube', [...], Object(Closure))
 5 SYSTEMPATH/Router/RouteCollection.php(339): require('/Applications/ServBay/www/trackbitos/app/Config/Routes.php')
 6 SYSTEMPATH/CodeIgniter.php(821): CodeIgniter\Router\RouteCollection->loadRoutes()
 7 SYSTEMPATH/CodeIgniter.php(455): CodeIgniter\CodeIgniter->tryToRouteIt(null)
 8 SYSTEMPATH/CodeIgniter.php(354): CodeIgniter\CodeIgniter->handleRequest(null, Object(Config\Cache), false)
 9 SYSTEMPATH/Boot.php(363): CodeIgniter\CodeIgniter->run()
10 SYSTEMPATH/Boot.php(68): CodeIgniter\Boot::runCodeIgniter(Object(CodeIgniter\CodeIgniter))
11 FCPATH/index.php(59): CodeIgniter\Boot::bootWeb(Object(Config\Paths))
WARNING - 2025-09-05 15:51:35 --> [DEPRECATED] Passing lowercase HTTP method "post" is deprecated. Use uppercase HTTP method like "POST". in SYSTEMPATH/Router/RouteCollection.php on line 1026.
 1 SYSTEMPATH/Router/RouteCollection.php(1026): trigger_error('Passing lowercase HTTP method "post" is deprecated. Use uppercase HTTP method like "POST".', 16384)
 2 APPPATH/Config/Routes.php(261): CodeIgniter\Router\RouteCollection->match([...], 'crear', 'Youtube::crearLista')
 3 SYSTEMPATH/Router/RouteCollection.php(799): CodeIgniter\Router\RouteCollection::{closure}(Object(CodeIgniter\Router\RouteCollection))
 4 APPPATH/Config/Routes.php(259): CodeIgniter\Router\RouteCollection->group('youtube', [...], Object(Closure))
 5 SYSTEMPATH/Router/RouteCollection.php(339): require('/Applications/ServBay/www/trackbitos/app/Config/Routes.php')
 6 SYSTEMPATH/CodeIgniter.php(821): CodeIgniter\Router\RouteCollection->loadRoutes()
 7 SYSTEMPATH/CodeIgniter.php(455): CodeIgniter\CodeIgniter->tryToRouteIt(null)
 8 SYSTEMPATH/CodeIgniter.php(354): CodeIgniter\CodeIgniter->handleRequest(null, Object(Config\Cache), false)
 9 SYSTEMPATH/Boot.php(363): CodeIgniter\CodeIgniter->run()
10 SYSTEMPATH/Boot.php(68): CodeIgniter\Boot::runCodeIgniter(Object(CodeIgniter\CodeIgniter))
11 FCPATH/index.php(59): CodeIgniter\Boot::bootWeb(Object(Config\Paths))
DEBUG - 2025-09-05 15:51:35 --> Session: Class initialized using 'CodeIgniter\Session\Handlers\FileHandler' driver.
WARNING - 2025-09-05 15:51:35 --> [DEPRECATED] Passing lowercase HTTP method "get" is deprecated. Use uppercase HTTP method like "GET". in SYSTEMPATH/Router/RouteCollection.php on line 1026.
 1 SYSTEMPATH/Router/RouteCollection.php(1026): trigger_error('Passing lowercase HTTP method "get" is deprecated. Use uppercase HTTP method like "GET".', 16384)
 2 APPPATH/Config/Routes.php(146): CodeIgniter\Router\RouteCollection->match([...], 'mesociclos/nuevo', 'GimnasioMesociclos::nuevo')
 3 SYSTEMPATH/Router/RouteCollection.php(799): CodeIgniter\Router\RouteCollection::{closure}(Object(CodeIgniter\Router\RouteCollection))
 4 APPPATH/Config/Routes.php(144): CodeIgniter\Router\RouteCollection->group('gimnasio', [...], Object(Closure))
 5 SYSTEMPATH/Router/RouteCollection.php(339): require('/Applications/ServBay/www/trackbitos/app/Config/Routes.php')
 6 SYSTEMPATH/CodeIgniter.php(821): CodeIgniter\Router\RouteCollection->loadRoutes()
 7 SYSTEMPATH/CodeIgniter.php(455): CodeIgniter\CodeIgniter->tryToRouteIt(null)
 8 SYSTEMPATH/CodeIgniter.php(354): CodeIgniter\CodeIgniter->handleRequest(null, Object(Config\Cache), false)
 9 SYSTEMPATH/Boot.php(363): CodeIgniter\CodeIgniter->run()
10 SYSTEMPATH/Boot.php(68): CodeIgniter\Boot::runCodeIgniter(Object(CodeIgniter\CodeIgniter))
11 FCPATH/index.php(59): CodeIgniter\Boot::bootWeb(Object(Config\Paths))
WARNING - 2025-09-05 15:51:35 --> [DEPRECATED] Passing lowercase HTTP method "post" is deprecated. Use uppercase HTTP method like "POST". in SYSTEMPATH/Router/RouteCollection.php on line 1026.
 1 SYSTEMPATH/Router/RouteCollection.php(1026): trigger_error('Passing lowercase HTTP method "post" is deprecated. Use uppercase HTTP method like "POST".', 16384)
 2 APPPATH/Config/Routes.php(146): CodeIgniter\Router\RouteCollection->match([...], 'mesociclos/nuevo', 'GimnasioMesociclos::nuevo')
 3 SYSTEMPATH/Router/RouteCollection.php(799): CodeIgniter\Router\RouteCollection::{closure}(Object(CodeIgniter\Router\RouteCollection))
 4 APPPATH/Config/Routes.php(144): CodeIgniter\Router\RouteCollection->group('gimnasio', [...], Object(Closure))
 5 SYSTEMPATH/Router/RouteCollection.php(339): require('/Applications/ServBay/www/trackbitos/app/Config/Routes.php')
 6 SYSTEMPATH/CodeIgniter.php(821): CodeIgniter\Router\RouteCollection->loadRoutes()
 7 SYSTEMPATH/CodeIgniter.php(455): CodeIgniter\CodeIgniter->tryToRouteIt(null)
 8 SYSTEMPATH/CodeIgniter.php(354): CodeIgniter\CodeIgniter->handleRequest(null, Object(Config\Cache), false)
 9 SYSTEMPATH/Boot.php(363): CodeIgniter\CodeIgniter->run()
10 SYSTEMPATH/Boot.php(68): CodeIgniter\Boot::runCodeIgniter(Object(CodeIgniter\CodeIgniter))
11 FCPATH/index.php(59): CodeIgniter\Boot::bootWeb(Object(Config\Paths))
WARNING - 2025-09-05 15:51:35 --> [DEPRECATED] Passing lowercase HTTP method "get" is deprecated. Use uppercase HTTP method like "GET". in SYSTEMPATH/Router/RouteCollection.php on line 1026.
 1 SYSTEMPATH/Router/RouteCollection.php(1026): trigger_error('Passing lowercase HTTP method "get" is deprecated. Use uppercase HTTP method like "GET".', 16384)
 2 APPPATH/Config/Routes.php(148): CodeIgniter\Router\RouteCollection->match([...], 'mesociclos/(:num)/bloque/nuevo', 'GimnasioMesociclos::bloqueNuevo/$1')
 3 SYSTEMPATH/Router/RouteCollection.php(799): CodeIgniter\Router\RouteCollection::{closure}(Object(CodeIgniter\Router\RouteCollection))
 4 APPPATH/Config/Routes.php(144): CodeIgniter\Router\RouteCollection->group('gimnasio', [...], Object(Closure))
 5 SYSTEMPATH/Router/RouteCollection.php(339): require('/Applications/ServBay/www/trackbitos/app/Config/Routes.php')
 6 SYSTEMPATH/CodeIgniter.php(821): CodeIgniter\Router\RouteCollection->loadRoutes()
 7 SYSTEMPATH/CodeIgniter.php(455): CodeIgniter\CodeIgniter->tryToRouteIt(null)
 8 SYSTEMPATH/CodeIgniter.php(354): CodeIgniter\CodeIgniter->handleRequest(null, Object(Config\Cache), false)
 9 SYSTEMPATH/Boot.php(363): CodeIgniter\CodeIgniter->run()
10 SYSTEMPATH/Boot.php(68): CodeIgniter\Boot::runCodeIgniter(Object(CodeIgniter\CodeIgniter))
11 FCPATH/index.php(59): CodeIgniter\Boot::bootWeb(Object(Config\Paths))
WARNING - 2025-09-05 15:51:35 --> [DEPRECATED] Passing lowercase HTTP method "post" is deprecated. Use uppercase HTTP method like "POST". in SYSTEMPATH/Router/RouteCollection.php on line 1026.
 1 SYSTEMPATH/Router/RouteCollection.php(1026): trigger_error('Passing lowercase HTTP method "post" is deprecated. Use uppercase HTTP method like "POST".', 16384)
 2 APPPATH/Config/Routes.php(148): CodeIgniter\Router\RouteCollection->match([...], 'mesociclos/(:num)/bloque/nuevo', 'GimnasioMesociclos::bloqueNuevo/$1')
 3 SYSTEMPATH/Router/RouteCollection.php(799): CodeIgniter\Router\RouteCollection::{closure}(Object(CodeIgniter\Router\RouteCollection))
 4 APPPATH/Config/Routes.php(144): CodeIgniter\Router\RouteCollection->group('gimnasio', [...], Object(Closure))
 5 SYSTEMPATH/Router/RouteCollection.php(339): require('/Applications/ServBay/www/trackbitos/app/Config/Routes.php')
 6 SYSTEMPATH/CodeIgniter.php(821): CodeIgniter\Router\RouteCollection->loadRoutes()
 7 SYSTEMPATH/CodeIgniter.php(455): CodeIgniter\CodeIgniter->tryToRouteIt(null)
 8 SYSTEMPATH/CodeIgniter.php(354): CodeIgniter\CodeIgniter->handleRequest(null, Object(Config\Cache), false)
 9 SYSTEMPATH/Boot.php(363): CodeIgniter\CodeIgniter->run()
10 SYSTEMPATH/Boot.php(68): CodeIgniter\Boot::runCodeIgniter(Object(CodeIgniter\CodeIgniter))
11 FCPATH/index.php(59): CodeIgniter\Boot::bootWeb(Object(Config\Paths))
WARNING - 2025-09-05 15:51:35 --> [DEPRECATED] Passing lowercase HTTP method "get" is deprecated. Use uppercase HTTP method like "GET". in SYSTEMPATH/Router/RouteCollection.php on line 1026.
 1 SYSTEMPATH/Router/RouteCollection.php(1026): trigger_error('Passing lowercase HTTP method "get" is deprecated. Use uppercase HTTP method like "GET".', 16384)
 2 APPPATH/Config/Routes.php(150): CodeIgniter\Router\RouteCollection->match([...], 'mesociclos/(:num)/asignar/(:num)', 'GimnasioMesociclos::asignar/$1/$2')
 3 SYSTEMPATH/Router/RouteCollection.php(799): CodeIgniter\Router\RouteCollection::{closure}(Object(CodeIgniter\Router\RouteCollection))
 4 APPPATH/Config/Routes.php(144): CodeIgniter\Router\RouteCollection->group('gimnasio', [...], Object(Closure))
 5 SYSTEMPATH/Router/RouteCollection.php(339): require('/Applications/ServBay/www/trackbitos/app/Config/Routes.php')
 6 SYSTEMPATH/CodeIgniter.php(821): CodeIgniter\Router\RouteCollection->loadRoutes()
 7 SYSTEMPATH/CodeIgniter.php(455): CodeIgniter\CodeIgniter->tryToRouteIt(null)
 8 SYSTEMPATH/CodeIgniter.php(354): CodeIgniter\CodeIgniter->handleRequest(null, Object(Config\Cache), false)
 9 SYSTEMPATH/Boot.php(363): CodeIgniter\CodeIgniter->run()
10 SYSTEMPATH/Boot.php(68): CodeIgniter\Boot::runCodeIgniter(Object(CodeIgniter\CodeIgniter))
11 FCPATH/index.php(59): CodeIgniter\Boot::bootWeb(Object(Config\Paths))
WARNING - 2025-09-05 15:51:35 --> [DEPRECATED] Passing lowercase HTTP method "post" is deprecated. Use uppercase HTTP method like "POST". in SYSTEMPATH/Router/RouteCollection.php on line 1026.
 1 SYSTEMPATH/Router/RouteCollection.php(1026): trigger_error('Passing lowercase HTTP method "post" is deprecated. Use uppercase HTTP method like "POST".', 16384)
 2 APPPATH/Config/Routes.php(150): CodeIgniter\Router\RouteCollection->match([...], 'mesociclos/(:num)/asignar/(:num)', 'GimnasioMesociclos::asignar/$1/$2')
 3 SYSTEMPATH/Router/RouteCollection.php(799): CodeIgniter\Router\RouteCollection::{closure}(Object(CodeIgniter\Router\RouteCollection))
 4 APPPATH/Config/Routes.php(144): CodeIgniter\Router\RouteCollection->group('gimnasio', [...], Object(Closure))
 5 SYSTEMPATH/Router/RouteCollection.php(339): require('/Applications/ServBay/www/trackbitos/app/Config/Routes.php')
 6 SYSTEMPATH/CodeIgniter.php(821): CodeIgniter\Router\RouteCollection->loadRoutes()
 7 SYSTEMPATH/CodeIgniter.php(455): CodeIgniter\CodeIgniter->tryToRouteIt(null)
 8 SYSTEMPATH/CodeIgniter.php(354): CodeIgniter\CodeIgniter->handleRequest(null, Object(Config\Cache), false)
 9 SYSTEMPATH/Boot.php(363): CodeIgniter\CodeIgniter->run()
10 SYSTEMPATH/Boot.php(68): CodeIgniter\Boot::runCodeIgniter(Object(CodeIgniter\CodeIgniter))
11 FCPATH/index.php(59): CodeIgniter\Boot::bootWeb(Object(Config\Paths))
WARNING - 2025-09-05 15:51:35 --> [DEPRECATED] Passing lowercase HTTP method "get" is deprecated. Use uppercase HTTP method like "GET". in SYSTEMPATH/Router/RouteCollection.php on line 1026.
 1 SYSTEMPATH/Router/RouteCollection.php(1026): trigger_error('Passing lowercase HTTP method "get" is deprecated. Use uppercase HTTP method like "GET".', 16384)
 2 APPPATH/Config/Routes.php(153): CodeIgniter\Router\RouteCollection->match([...], 'mesociclos/(:num)/generar', 'GimnasioMesociclos::generar/$1')
 3 SYSTEMPATH/Router/RouteCollection.php(799): CodeIgniter\Router\RouteCollection::{closure}(Object(CodeIgniter\Router\RouteCollection))
 4 APPPATH/Config/Routes.php(144): CodeIgniter\Router\RouteCollection->group('gimnasio', [...], Object(Closure))
 5 SYSTEMPATH/Router/RouteCollection.php(339): require('/Applications/ServBay/www/trackbitos/app/Config/Routes.php')
 6 SYSTEMPATH/CodeIgniter.php(821): CodeIgniter\Router\RouteCollection->loadRoutes()
 7 SYSTEMPATH/CodeIgniter.php(455): CodeIgniter\CodeIgniter->tryToRouteIt(null)
 8 SYSTEMPATH/CodeIgniter.php(354): CodeIgniter\CodeIgniter->handleRequest(null, Object(Config\Cache), false)
 9 SYSTEMPATH/Boot.php(363): CodeIgniter\CodeIgniter->run()
10 SYSTEMPATH/Boot.php(68): CodeIgniter\Boot::runCodeIgniter(Object(CodeIgniter\CodeIgniter))
11 FCPATH/index.php(59): CodeIgniter\Boot::bootWeb(Object(Config\Paths))
WARNING - 2025-09-05 15:51:35 --> [DEPRECATED] Passing lowercase HTTP method "post" is deprecated. Use uppercase HTTP method like "POST". in SYSTEMPATH/Router/RouteCollection.php on line 1026.
 1 SYSTEMPATH/Router/RouteCollection.php(1026): trigger_error('Passing lowercase HTTP method "post" is deprecated. Use uppercase HTTP method like "POST".', 16384)
 2 APPPATH/Config/Routes.php(153): CodeIgniter\Router\RouteCollection->match([...], 'mesociclos/(:num)/generar', 'GimnasioMesociclos::generar/$1')
 3 SYSTEMPATH/Router/RouteCollection.php(799): CodeIgniter\Router\RouteCollection::{closure}(Object(CodeIgniter\Router\RouteCollection))
 4 APPPATH/Config/Routes.php(144): CodeIgniter\Router\RouteCollection->group('gimnasio', [...], Object(Closure))
 5 SYSTEMPATH/Router/RouteCollection.php(339): require('/Applications/ServBay/www/trackbitos/app/Config/Routes.php')
 6 SYSTEMPATH/CodeIgniter.php(821): CodeIgniter\Router\RouteCollection->loadRoutes()
 7 SYSTEMPATH/CodeIgniter.php(455): CodeIgniter\CodeIgniter->tryToRouteIt(null)
 8 SYSTEMPATH/CodeIgniter.php(354): CodeIgniter\CodeIgniter->handleRequest(null, Object(Config\Cache), false)
 9 SYSTEMPATH/Boot.php(363): CodeIgniter\CodeIgniter->run()
10 SYSTEMPATH/Boot.php(68): CodeIgniter\Boot::runCodeIgniter(Object(CodeIgniter\CodeIgniter))
11 FCPATH/index.php(59): CodeIgniter\Boot::bootWeb(Object(Config\Paths))
WARNING - 2025-09-05 15:51:35 --> [DEPRECATED] Passing lowercase HTTP method "get" is deprecated. Use uppercase HTTP method like "GET". in SYSTEMPATH/Router/RouteCollection.php on line 1026.
 1 SYSTEMPATH/Router/RouteCollection.php(1026): trigger_error('Passing lowercase HTTP method "get" is deprecated. Use uppercase HTTP method like "GET".', 16384)
 2 APPPATH/Config/Routes.php(161): CodeIgniter\Router\RouteCollection->match([...], 'mesociclos/(:num)/generar/bilbo', 'GimnasioMesociclos::generarBilbo/$1')
 3 SYSTEMPATH/Router/RouteCollection.php(799): CodeIgniter\Router\RouteCollection::{closure}(Object(CodeIgniter\Router\RouteCollection))
 4 APPPATH/Config/Routes.php(144): CodeIgniter\Router\RouteCollection->group('gimnasio', [...], Object(Closure))
 5 SYSTEMPATH/Router/RouteCollection.php(339): require('/Applications/ServBay/www/trackbitos/app/Config/Routes.php')
 6 SYSTEMPATH/CodeIgniter.php(821): CodeIgniter\Router\RouteCollection->loadRoutes()
 7 SYSTEMPATH/CodeIgniter.php(455): CodeIgniter\CodeIgniter->tryToRouteIt(null)
 8 SYSTEMPATH/CodeIgniter.php(354): CodeIgniter\CodeIgniter->handleRequest(null, Object(Config\Cache), false)
 9 SYSTEMPATH/Boot.php(363): CodeIgniter\CodeIgniter->run()
10 SYSTEMPATH/Boot.php(68): CodeIgniter\Boot::runCodeIgniter(Object(CodeIgniter\CodeIgniter))
11 FCPATH/index.php(59): CodeIgniter\Boot::bootWeb(Object(Config\Paths))
WARNING - 2025-09-05 15:51:35 --> [DEPRECATED] Passing lowercase HTTP method "post" is deprecated. Use uppercase HTTP method like "POST". in SYSTEMPATH/Router/RouteCollection.php on line 1026.
 1 SYSTEMPATH/Router/RouteCollection.php(1026): trigger_error('Passing lowercase HTTP method "post" is deprecated. Use uppercase HTTP method like "POST".', 16384)
 2 APPPATH/Config/Routes.php(161): CodeIgniter\Router\RouteCollection->match([...], 'mesociclos/(:num)/generar/bilbo', 'GimnasioMesociclos::generarBilbo/$1')
 3 SYSTEMPATH/Router/RouteCollection.php(799): CodeIgniter\Router\RouteCollection::{closure}(Object(CodeIgniter\Router\RouteCollection))
 4 APPPATH/Config/Routes.php(144): CodeIgniter\Router\RouteCollection->group('gimnasio', [...], Object(Closure))
 5 SYSTEMPATH/Router/RouteCollection.php(339): require('/Applications/ServBay/www/trackbitos/app/Config/Routes.php')
 6 SYSTEMPATH/CodeIgniter.php(821): CodeIgniter\Router\RouteCollection->loadRoutes()
 7 SYSTEMPATH/CodeIgniter.php(455): CodeIgniter\CodeIgniter->tryToRouteIt(null)
 8 SYSTEMPATH/CodeIgniter.php(354): CodeIgniter\CodeIgniter->handleRequest(null, Object(Config\Cache), false)
 9 SYSTEMPATH/Boot.php(363): CodeIgniter\CodeIgniter->run()
10 SYSTEMPATH/Boot.php(68): CodeIgniter\Boot::runCodeIgniter(Object(CodeIgniter\CodeIgniter))
11 FCPATH/index.php(59): CodeIgniter\Boot::bootWeb(Object(Config\Paths))
WARNING - 2025-09-05 15:51:35 --> [DEPRECATED] Passing lowercase HTTP method "get" is deprecated. Use uppercase HTTP method like "GET". in SYSTEMPATH/Router/RouteCollection.php on line 1026.
 1 SYSTEMPATH/Router/RouteCollection.php(1026): trigger_error('Passing lowercase HTTP method "get" is deprecated. Use uppercase HTTP method like "GET".', 16384)
 2 APPPATH/Config/Routes.php(261): CodeIgniter\Router\RouteCollection->match([...], 'crear', 'Youtube::crearLista')
 3 SYSTEMPATH/Router/RouteCollection.php(799): CodeIgniter\Router\RouteCollection::{closure}(Object(CodeIgniter\Router\RouteCollection))
 4 APPPATH/Config/Routes.php(259): CodeIgniter\Router\RouteCollection->group('youtube', [...], Object(Closure))
 5 SYSTEMPATH/Router/RouteCollection.php(339): require('/Applications/ServBay/www/trackbitos/app/Config/Routes.php')
 6 SYSTEMPATH/CodeIgniter.php(821): CodeIgniter\Router\RouteCollection->loadRoutes()
 7 SYSTEMPATH/CodeIgniter.php(455): CodeIgniter\CodeIgniter->tryToRouteIt(null)
 8 SYSTEMPATH/CodeIgniter.php(354): CodeIgniter\CodeIgniter->handleRequest(null, Object(Config\Cache), false)
 9 SYSTEMPATH/Boot.php(363): CodeIgniter\CodeIgniter->run()
10 SYSTEMPATH/Boot.php(68): CodeIgniter\Boot::runCodeIgniter(Object(CodeIgniter\CodeIgniter))
11 FCPATH/index.php(59): CodeIgniter\Boot::bootWeb(Object(Config\Paths))
WARNING - 2025-09-05 15:51:35 --> [DEPRECATED] Passing lowercase HTTP method "post" is deprecated. Use uppercase HTTP method like "POST". in SYSTEMPATH/Router/RouteCollection.php on line 1026.
 1 SYSTEMPATH/Router/RouteCollection.php(1026): trigger_error('Passing lowercase HTTP method "post" is deprecated. Use uppercase HTTP method like "POST".', 16384)
 2 APPPATH/Config/Routes.php(261): CodeIgniter\Router\RouteCollection->match([...], 'crear', 'Youtube::crearLista')
 3 SYSTEMPATH/Router/RouteCollection.php(799): CodeIgniter\Router\RouteCollection::{closure}(Object(CodeIgniter\Router\RouteCollection))
 4 APPPATH/Config/Routes.php(259): CodeIgniter\Router\RouteCollection->group('youtube', [...], Object(Closure))
 5 SYSTEMPATH/Router/RouteCollection.php(339): require('/Applications/ServBay/www/trackbitos/app/Config/Routes.php')
 6 SYSTEMPATH/CodeIgniter.php(821): CodeIgniter\Router\RouteCollection->loadRoutes()
 7 SYSTEMPATH/CodeIgniter.php(455): CodeIgniter\CodeIgniter->tryToRouteIt(null)
 8 SYSTEMPATH/CodeIgniter.php(354): CodeIgniter\CodeIgniter->handleRequest(null, Object(Config\Cache), false)
 9 SYSTEMPATH/Boot.php(363): CodeIgniter\CodeIgniter->run()
10 SYSTEMPATH/Boot.php(68): CodeIgniter\Boot::runCodeIgniter(Object(CodeIgniter\CodeIgniter))
11 FCPATH/index.php(59): CodeIgniter\Boot::bootWeb(Object(Config\Paths))
DEBUG - 2025-09-05 15:51:35 --> Session: Class initialized using 'CodeIgniter\Session\Handlers\FileHandler' driver.
CRITICAL - 2025-09-05 15:51:35 --> DivisionByZeroError: Division by zero
[Method: GET, Route: comidas/diario/2025-09-03]
in APPPATH/Views/comidas/diario/resumen.php on line 273.
 1 SYSTEMPATH/View/View.php(226): include()
 2 SYSTEMPATH/View/View.php(229): CodeIgniter\View\View->CodeIgniter\View\{closure}()
 3 SYSTEMPATH/Common.php(1167): CodeIgniter\View\View->render()
 4 APPPATH/Controllers/Comidas/Diario.php(244): view()
 5 SYSTEMPATH/CodeIgniter.php(933): App\Controllers\Comidas\Diario->ver()
 6 SYSTEMPATH/CodeIgniter.php(507): CodeIgniter\CodeIgniter->runController()
 7 SYSTEMPATH/CodeIgniter.php(354): CodeIgniter\CodeIgniter->handleRequest()
 8 SYSTEMPATH/Boot.php(363): CodeIgniter\CodeIgniter->run()
 9 SYSTEMPATH/Boot.php(68): CodeIgniter\Boot::runCodeIgniter()
10 FCPATH/index.php(59): CodeIgniter\Boot::bootWeb()
WARNING - 2025-09-05 16:32:21 --> [DEPRECATED] Passing lowercase HTTP method "get" is deprecated. Use uppercase HTTP method like "GET". in SYSTEMPATH/Router/RouteCollection.php on line 1026.
 1 SYSTEMPATH/Router/RouteCollection.php(1026): trigger_error('Passing lowercase HTTP method "get" is deprecated. Use uppercase HTTP method like "GET".', 16384)
 2 APPPATH/Config/Routes.php(146): CodeIgniter\Router\RouteCollection->match([...], 'mesociclos/nuevo', 'GimnasioMesociclos::nuevo')
 3 SYSTEMPATH/Router/RouteCollection.php(799): CodeIgniter\Router\RouteCollection::{closure}(Object(CodeIgniter\Router\RouteCollection))
 4 APPPATH/Config/Routes.php(144): CodeIgniter\Router\RouteCollection->group('gimnasio', [...], Object(Closure))
 5 SYSTEMPATH/Router/RouteCollection.php(339): require('/Applications/ServBay/www/trackbitos/app/Config/Routes.php')
 6 SYSTEMPATH/CodeIgniter.php(821): CodeIgniter\Router\RouteCollection->loadRoutes()
 7 SYSTEMPATH/CodeIgniter.php(455): CodeIgniter\CodeIgniter->tryToRouteIt(null)
 8 SYSTEMPATH/CodeIgniter.php(354): CodeIgniter\CodeIgniter->handleRequest(null, Object(Config\Cache), false)
 9 SYSTEMPATH/Boot.php(363): CodeIgniter\CodeIgniter->run()
10 SYSTEMPATH/Boot.php(68): CodeIgniter\Boot::runCodeIgniter(Object(CodeIgniter\CodeIgniter))
11 FCPATH/index.php(59): CodeIgniter\Boot::bootWeb(Object(Config\Paths))
WARNING - 2025-09-05 16:32:21 --> [DEPRECATED] Passing lowercase HTTP method "post" is deprecated. Use uppercase HTTP method like "POST". in SYSTEMPATH/Router/RouteCollection.php on line 1026.
 1 SYSTEMPATH/Router/RouteCollection.php(1026): trigger_error('Passing lowercase HTTP method "post" is deprecated. Use uppercase HTTP method like "POST".', 16384)
 2 APPPATH/Config/Routes.php(146): CodeIgniter\Router\RouteCollection->match([...], 'mesociclos/nuevo', 'GimnasioMesociclos::nuevo')
 3 SYSTEMPATH/Router/RouteCollection.php(799): CodeIgniter\Router\RouteCollection::{closure}(Object(CodeIgniter\Router\RouteCollection))
 4 APPPATH/Config/Routes.php(144): CodeIgniter\Router\RouteCollection->group('gimnasio', [...], Object(Closure))
 5 SYSTEMPATH/Router/RouteCollection.php(339): require('/Applications/ServBay/www/trackbitos/app/Config/Routes.php')
 6 SYSTEMPATH/CodeIgniter.php(821): CodeIgniter\Router\RouteCollection->loadRoutes()
 7 SYSTEMPATH/CodeIgniter.php(455): CodeIgniter\CodeIgniter->tryToRouteIt(null)
 8 SYSTEMPATH/CodeIgniter.php(354): CodeIgniter\CodeIgniter->handleRequest(null, Object(Config\Cache), false)
 9 SYSTEMPATH/Boot.php(363): CodeIgniter\CodeIgniter->run()
10 SYSTEMPATH/Boot.php(68): CodeIgniter\Boot::runCodeIgniter(Object(CodeIgniter\CodeIgniter))
11 FCPATH/index.php(59): CodeIgniter\Boot::bootWeb(Object(Config\Paths))
WARNING - 2025-09-05 16:32:21 --> [DEPRECATED] Passing lowercase HTTP method "get" is deprecated. Use uppercase HTTP method like "GET". in SYSTEMPATH/Router/RouteCollection.php on line 1026.
 1 SYSTEMPATH/Router/RouteCollection.php(1026): trigger_error('Passing lowercase HTTP method "get" is deprecated. Use uppercase HTTP method like "GET".', 16384)
 2 APPPATH/Config/Routes.php(148): CodeIgniter\Router\RouteCollection->match([...], 'mesociclos/(:num)/bloque/nuevo', 'GimnasioMesociclos::bloqueNuevo/$1')
 3 SYSTEMPATH/Router/RouteCollection.php(799): CodeIgniter\Router\RouteCollection::{closure}(Object(CodeIgniter\Router\RouteCollection))
 4 APPPATH/Config/Routes.php(144): CodeIgniter\Router\RouteCollection->group('gimnasio', [...], Object(Closure))
 5 SYSTEMPATH/Router/RouteCollection.php(339): require('/Applications/ServBay/www/trackbitos/app/Config/Routes.php')
 6 SYSTEMPATH/CodeIgniter.php(821): CodeIgniter\Router\RouteCollection->loadRoutes()
 7 SYSTEMPATH/CodeIgniter.php(455): CodeIgniter\CodeIgniter->tryToRouteIt(null)
 8 SYSTEMPATH/CodeIgniter.php(354): CodeIgniter\CodeIgniter->handleRequest(null, Object(Config\Cache), false)
 9 SYSTEMPATH/Boot.php(363): CodeIgniter\CodeIgniter->run()
10 SYSTEMPATH/Boot.php(68): CodeIgniter\Boot::runCodeIgniter(Object(CodeIgniter\CodeIgniter))
11 FCPATH/index.php(59): CodeIgniter\Boot::bootWeb(Object(Config\Paths))
WARNING - 2025-09-05 16:32:21 --> [DEPRECATED] Passing lowercase HTTP method "post" is deprecated. Use uppercase HTTP method like "POST". in SYSTEMPATH/Router/RouteCollection.php on line 1026.
 1 SYSTEMPATH/Router/RouteCollection.php(1026): trigger_error('Passing lowercase HTTP method "post" is deprecated. Use uppercase HTTP method like "POST".', 16384)
 2 APPPATH/Config/Routes.php(148): CodeIgniter\Router\RouteCollection->match([...], 'mesociclos/(:num)/bloque/nuevo', 'GimnasioMesociclos::bloqueNuevo/$1')
 3 SYSTEMPATH/Router/RouteCollection.php(799): CodeIgniter\Router\RouteCollection::{closure}(Object(CodeIgniter\Router\RouteCollection))
 4 APPPATH/Config/Routes.php(144): CodeIgniter\Router\RouteCollection->group('gimnasio', [...], Object(Closure))
 5 SYSTEMPATH/Router/RouteCollection.php(339): require('/Applications/ServBay/www/trackbitos/app/Config/Routes.php')
 6 SYSTEMPATH/CodeIgniter.php(821): CodeIgniter\Router\RouteCollection->loadRoutes()
 7 SYSTEMPATH/CodeIgniter.php(455): CodeIgniter\CodeIgniter->tryToRouteIt(null)
 8 SYSTEMPATH/CodeIgniter.php(354): CodeIgniter\CodeIgniter->handleRequest(null, Object(Config\Cache), false)
 9 SYSTEMPATH/Boot.php(363): CodeIgniter\CodeIgniter->run()
10 SYSTEMPATH/Boot.php(68): CodeIgniter\Boot::runCodeIgniter(Object(CodeIgniter\CodeIgniter))
11 FCPATH/index.php(59): CodeIgniter\Boot::bootWeb(Object(Config\Paths))
WARNING - 2025-09-05 16:32:21 --> [DEPRECATED] Passing lowercase HTTP method "get" is deprecated. Use uppercase HTTP method like "GET". in SYSTEMPATH/Router/RouteCollection.php on line 1026.
 1 SYSTEMPATH/Router/RouteCollection.php(1026): trigger_error('Passing lowercase HTTP method "get" is deprecated. Use uppercase HTTP method like "GET".', 16384)
 2 APPPATH/Config/Routes.php(150): CodeIgniter\Router\RouteCollection->match([...], 'mesociclos/(:num)/asignar/(:num)', 'GimnasioMesociclos::asignar/$1/$2')
 3 SYSTEMPATH/Router/RouteCollection.php(799): CodeIgniter\Router\RouteCollection::{closure}(Object(CodeIgniter\Router\RouteCollection))
 4 APPPATH/Config/Routes.php(144): CodeIgniter\Router\RouteCollection->group('gimnasio', [...], Object(Closure))
 5 SYSTEMPATH/Router/RouteCollection.php(339): require('/Applications/ServBay/www/trackbitos/app/Config/Routes.php')
 6 SYSTEMPATH/CodeIgniter.php(821): CodeIgniter\Router\RouteCollection->loadRoutes()
 7 SYSTEMPATH/CodeIgniter.php(455): CodeIgniter\CodeIgniter->tryToRouteIt(null)
 8 SYSTEMPATH/CodeIgniter.php(354): CodeIgniter\CodeIgniter->handleRequest(null, Object(Config\Cache), false)
 9 SYSTEMPATH/Boot.php(363): CodeIgniter\CodeIgniter->run()
10 SYSTEMPATH/Boot.php(68): CodeIgniter\Boot::runCodeIgniter(Object(CodeIgniter\CodeIgniter))
11 FCPATH/index.php(59): CodeIgniter\Boot::bootWeb(Object(Config\Paths))
WARNING - 2025-09-05 16:32:21 --> [DEPRECATED] Passing lowercase HTTP method "post" is deprecated. Use uppercase HTTP method like "POST". in SYSTEMPATH/Router/RouteCollection.php on line 1026.
 1 SYSTEMPATH/Router/RouteCollection.php(1026): trigger_error('Passing lowercase HTTP method "post" is deprecated. Use uppercase HTTP method like "POST".', 16384)
 2 APPPATH/Config/Routes.php(150): CodeIgniter\Router\RouteCollection->match([...], 'mesociclos/(:num)/asignar/(:num)', 'GimnasioMesociclos::asignar/$1/$2')
 3 SYSTEMPATH/Router/RouteCollection.php(799): CodeIgniter\Router\RouteCollection::{closure}(Object(CodeIgniter\Router\RouteCollection))
 4 APPPATH/Config/Routes.php(144): CodeIgniter\Router\RouteCollection->group('gimnasio', [...], Object(Closure))
 5 SYSTEMPATH/Router/RouteCollection.php(339): require('/Applications/ServBay/www/trackbitos/app/Config/Routes.php')
 6 SYSTEMPATH/CodeIgniter.php(821): CodeIgniter\Router\RouteCollection->loadRoutes()
 7 SYSTEMPATH/CodeIgniter.php(455): CodeIgniter\CodeIgniter->tryToRouteIt(null)
 8 SYSTEMPATH/CodeIgniter.php(354): CodeIgniter\CodeIgniter->handleRequest(null, Object(Config\Cache), false)
 9 SYSTEMPATH/Boot.php(363): CodeIgniter\CodeIgniter->run()
10 SYSTEMPATH/Boot.php(68): CodeIgniter\Boot::runCodeIgniter(Object(CodeIgniter\CodeIgniter))
11 FCPATH/index.php(59): CodeIgniter\Boot::bootWeb(Object(Config\Paths))
WARNING - 2025-09-05 16:32:21 --> [DEPRECATED] Passing lowercase HTTP method "get" is deprecated. Use uppercase HTTP method like "GET". in SYSTEMPATH/Router/RouteCollection.php on line 1026.
 1 SYSTEMPATH/Router/RouteCollection.php(1026): trigger_error('Passing lowercase HTTP method "get" is deprecated. Use uppercase HTTP method like "GET".', 16384)
 2 APPPATH/Config/Routes.php(153): CodeIgniter\Router\RouteCollection->match([...], 'mesociclos/(:num)/generar', 'GimnasioMesociclos::generar/$1')
 3 SYSTEMPATH/Router/RouteCollection.php(799): CodeIgniter\Router\RouteCollection::{closure}(Object(CodeIgniter\Router\RouteCollection))
 4 APPPATH/Config/Routes.php(144): CodeIgniter\Router\RouteCollection->group('gimnasio', [...], Object(Closure))
 5 SYSTEMPATH/Router/RouteCollection.php(339): require('/Applications/ServBay/www/trackbitos/app/Config/Routes.php')
 6 SYSTEMPATH/CodeIgniter.php(821): CodeIgniter\Router\RouteCollection->loadRoutes()
 7 SYSTEMPATH/CodeIgniter.php(455): CodeIgniter\CodeIgniter->tryToRouteIt(null)
 8 SYSTEMPATH/CodeIgniter.php(354): CodeIgniter\CodeIgniter->handleRequest(null, Object(Config\Cache), false)
 9 SYSTEMPATH/Boot.php(363): CodeIgniter\CodeIgniter->run()
10 SYSTEMPATH/Boot.php(68): CodeIgniter\Boot::runCodeIgniter(Object(CodeIgniter\CodeIgniter))
11 FCPATH/index.php(59): CodeIgniter\Boot::bootWeb(Object(Config\Paths))
WARNING - 2025-09-05 16:32:21 --> [DEPRECATED] Passing lowercase HTTP method "post" is deprecated. Use uppercase HTTP method like "POST". in SYSTEMPATH/Router/RouteCollection.php on line 1026.
 1 SYSTEMPATH/Router/RouteCollection.php(1026): trigger_error('Passing lowercase HTTP method "post" is deprecated. Use uppercase HTTP method like "POST".', 16384)
 2 APPPATH/Config/Routes.php(153): CodeIgniter\Router\RouteCollection->match([...], 'mesociclos/(:num)/generar', 'GimnasioMesociclos::generar/$1')
 3 SYSTEMPATH/Router/RouteCollection.php(799): CodeIgniter\Router\RouteCollection::{closure}(Object(CodeIgniter\Router\RouteCollection))
 4 APPPATH/Config/Routes.php(144): CodeIgniter\Router\RouteCollection->group('gimnasio', [...], Object(Closure))
 5 SYSTEMPATH/Router/RouteCollection.php(339): require('/Applications/ServBay/www/trackbitos/app/Config/Routes.php')
 6 SYSTEMPATH/CodeIgniter.php(821): CodeIgniter\Router\RouteCollection->loadRoutes()
 7 SYSTEMPATH/CodeIgniter.php(455): CodeIgniter\CodeIgniter->tryToRouteIt(null)
 8 SYSTEMPATH/CodeIgniter.php(354): CodeIgniter\CodeIgniter->handleRequest(null, Object(Config\Cache), false)
 9 SYSTEMPATH/Boot.php(363): CodeIgniter\CodeIgniter->run()
10 SYSTEMPATH/Boot.php(68): CodeIgniter\Boot::runCodeIgniter(Object(CodeIgniter\CodeIgniter))
11 FCPATH/index.php(59): CodeIgniter\Boot::bootWeb(Object(Config\Paths))
WARNING - 2025-09-05 16:32:21 --> [DEPRECATED] Passing lowercase HTTP method "get" is deprecated. Use uppercase HTTP method like "GET". in SYSTEMPATH/Router/RouteCollection.php on line 1026.
 1 SYSTEMPATH/Router/RouteCollection.php(1026): trigger_error('Passing lowercase HTTP method "get" is deprecated. Use uppercase HTTP method like "GET".', 16384)
 2 APPPATH/Config/Routes.php(161): CodeIgniter\Router\RouteCollection->match([...], 'mesociclos/(:num)/generar/bilbo', 'GimnasioMesociclos::generarBilbo/$1')
 3 SYSTEMPATH/Router/RouteCollection.php(799): CodeIgniter\Router\RouteCollection::{closure}(Object(CodeIgniter\Router\RouteCollection))
 4 APPPATH/Config/Routes.php(144): CodeIgniter\Router\RouteCollection->group('gimnasio', [...], Object(Closure))
 5 SYSTEMPATH/Router/RouteCollection.php(339): require('/Applications/ServBay/www/trackbitos/app/Config/Routes.php')
 6 SYSTEMPATH/CodeIgniter.php(821): CodeIgniter\Router\RouteCollection->loadRoutes()
 7 SYSTEMPATH/CodeIgniter.php(455): CodeIgniter\CodeIgniter->tryToRouteIt(null)
 8 SYSTEMPATH/CodeIgniter.php(354): CodeIgniter\CodeIgniter->handleRequest(null, Object(Config\Cache), false)
 9 SYSTEMPATH/Boot.php(363): CodeIgniter\CodeIgniter->run()
10 SYSTEMPATH/Boot.php(68): CodeIgniter\Boot::runCodeIgniter(Object(CodeIgniter\CodeIgniter))
11 FCPATH/index.php(59): CodeIgniter\Boot::bootWeb(Object(Config\Paths))
WARNING - 2025-09-05 16:32:21 --> [DEPRECATED] Passing lowercase HTTP method "post" is deprecated. Use uppercase HTTP method like "POST". in SYSTEMPATH/Router/RouteCollection.php on line 1026.
 1 SYSTEMPATH/Router/RouteCollection.php(1026): trigger_error('Passing lowercase HTTP method "post" is deprecated. Use uppercase HTTP method like "POST".', 16384)
 2 APPPATH/Config/Routes.php(161): CodeIgniter\Router\RouteCollection->match([...], 'mesociclos/(:num)/generar/bilbo', 'GimnasioMesociclos::generarBilbo/$1')
 3 SYSTEMPATH/Router/RouteCollection.php(799): CodeIgniter\Router\RouteCollection::{closure}(Object(CodeIgniter\Router\RouteCollection))
 4 APPPATH/Config/Routes.php(144): CodeIgniter\Router\RouteCollection->group('gimnasio', [...], Object(Closure))
 5 SYSTEMPATH/Router/RouteCollection.php(339): require('/Applications/ServBay/www/trackbitos/app/Config/Routes.php')
 6 SYSTEMPATH/CodeIgniter.php(821): CodeIgniter\Router\RouteCollection->loadRoutes()
 7 SYSTEMPATH/CodeIgniter.php(455): CodeIgniter\CodeIgniter->tryToRouteIt(null)
 8 SYSTEMPATH/CodeIgniter.php(354): CodeIgniter\CodeIgniter->handleRequest(null, Object(Config\Cache), false)
 9 SYSTEMPATH/Boot.php(363): CodeIgniter\CodeIgniter->run()
10 SYSTEMPATH/Boot.php(68): CodeIgniter\Boot::runCodeIgniter(Object(CodeIgniter\CodeIgniter))
11 FCPATH/index.php(59): CodeIgniter\Boot::bootWeb(Object(Config\Paths))
WARNING - 2025-09-05 16:32:21 --> [DEPRECATED] Passing lowercase HTTP method "get" is deprecated. Use uppercase HTTP method like "GET". in SYSTEMPATH/Router/RouteCollection.php on line 1026.
 1 SYSTEMPATH/Router/RouteCollection.php(1026): trigger_error('Passing lowercase HTTP method "get" is deprecated. Use uppercase HTTP method like "GET".', 16384)
 2 APPPATH/Config/Routes.php(261): CodeIgniter\Router\RouteCollection->match([...], 'crear', 'Youtube::crearLista')
 3 SYSTEMPATH/Router/RouteCollection.php(799): CodeIgniter\Router\RouteCollection::{closure}(Object(CodeIgniter\Router\RouteCollection))
 4 APPPATH/Config/Routes.php(259): CodeIgniter\Router\RouteCollection->group('youtube', [...], Object(Closure))
 5 SYSTEMPATH/Router/RouteCollection.php(339): require('/Applications/ServBay/www/trackbitos/app/Config/Routes.php')
 6 SYSTEMPATH/CodeIgniter.php(821): CodeIgniter\Router\RouteCollection->loadRoutes()
 7 SYSTEMPATH/CodeIgniter.php(455): CodeIgniter\CodeIgniter->tryToRouteIt(null)
 8 SYSTEMPATH/CodeIgniter.php(354): CodeIgniter\CodeIgniter->handleRequest(null, Object(Config\Cache), false)
 9 SYSTEMPATH/Boot.php(363): CodeIgniter\CodeIgniter->run()
10 SYSTEMPATH/Boot.php(68): CodeIgniter\Boot::runCodeIgniter(Object(CodeIgniter\CodeIgniter))
11 FCPATH/index.php(59): CodeIgniter\Boot::bootWeb(Object(Config\Paths))
WARNING - 2025-09-05 16:32:21 --> [DEPRECATED] Passing lowercase HTTP method "post" is deprecated. Use uppercase HTTP method like "POST". in SYSTEMPATH/Router/RouteCollection.php on line 1026.
 1 SYSTEMPATH/Router/RouteCollection.php(1026): trigger_error('Passing lowercase HTTP method "post" is deprecated. Use uppercase HTTP method like "POST".', 16384)
 2 APPPATH/Config/Routes.php(261): CodeIgniter\Router\RouteCollection->match([...], 'crear', 'Youtube::crearLista')
 3 SYSTEMPATH/Router/RouteCollection.php(799): CodeIgniter\Router\RouteCollection::{closure}(Object(CodeIgniter\Router\RouteCollection))
 4 APPPATH/Config/Routes.php(259): CodeIgniter\Router\RouteCollection->group('youtube', [...], Object(Closure))
 5 SYSTEMPATH/Router/RouteCollection.php(339): require('/Applications/ServBay/www/trackbitos/app/Config/Routes.php')
 6 SYSTEMPATH/CodeIgniter.php(821): CodeIgniter\Router\RouteCollection->loadRoutes()
 7 SYSTEMPATH/CodeIgniter.php(455): CodeIgniter\CodeIgniter->tryToRouteIt(null)
 8 SYSTEMPATH/CodeIgniter.php(354): CodeIgniter\CodeIgniter->handleRequest(null, Object(Config\Cache), false)
 9 SYSTEMPATH/Boot.php(363): CodeIgniter\CodeIgniter->run()
10 SYSTEMPATH/Boot.php(68): CodeIgniter\Boot::runCodeIgniter(Object(CodeIgniter\CodeIgniter))
11 FCPATH/index.php(59): CodeIgniter\Boot::bootWeb(Object(Config\Paths))
DEBUG - 2025-09-05 16:32:21 --> Session: Class initialized using 'CodeIgniter\Session\Handlers\FileHandler' driver.
