WARNING - 2025-09-18 15:36:16 --> [DEPRECATED] Passing lowercase HTTP method "get" is deprecated. Use uppercase HTTP method like "GET". in SYSTEMPATH/Router/RouteCollection.php on line 1026.
 1 SYSTEMPATH/Router/RouteCollection.php(1026): trigger_error('Passing lowercase HTTP method "get" is deprecated. Use uppercase HTTP method like "GET".', 16384)
 2 APPPATH/Config/Routes.php(146): CodeIgniter\Router\RouteCollection->match([...], 'mesociclos/nuevo', 'GimnasioMesociclos::nuevo')
 3 SYSTEMPATH/Router/RouteCollection.php(799): CodeIgniter\Router\RouteCollection::{closure}(Object(CodeIgniter\Router\RouteCollection))
 4 APPPATH/Config/Routes.php(144): CodeIgniter\Router\RouteCollection->group('gimnasio', [...], Object(Closure))
 5 SYSTEMPATH/Router/RouteCollection.php(339): require('/Applications/ServBay/www/trackbitos/app/Config/Routes.php')
 6 SYSTEMPATH/CodeIgniter.php(821): CodeIgniter\Router\RouteCollection->loadRoutes()
 7 SYSTEMPATH/CodeIgniter.php(455): CodeIgniter\CodeIgniter->tryToRouteIt(null)
 8 SYSTEMPATH/CodeIgniter.php(354): CodeIgniter\CodeIgniter->handleRequest(null, Object(Config\Cache), false)
 9 SYSTEMPATH/Boot.php(363): CodeIgniter\CodeIgniter->run()
10 SYSTEMPATH/Boot.php(68): CodeIgniter\Boot::runCodeIgniter(Object(CodeIgniter\CodeIgniter))
11 FCPATH/index.php(59): CodeIgniter\Boot::bootWeb(Object(Config\Paths))
WARNING - 2025-09-18 15:36:16 --> [DEPRECATED] Passing lowercase HTTP method "post" is deprecated. Use uppercase HTTP method like "POST". in SYSTEMPATH/Router/RouteCollection.php on line 1026.
 1 SYSTEMPATH/Router/RouteCollection.php(1026): trigger_error('Passing lowercase HTTP method "post" is deprecated. Use uppercase HTTP method like "POST".', 16384)
 2 APPPATH/Config/Routes.php(146): CodeIgniter\Router\RouteCollection->match([...], 'mesociclos/nuevo', 'GimnasioMesociclos::nuevo')
 3 SYSTEMPATH/Router/RouteCollection.php(799): CodeIgniter\Router\RouteCollection::{closure}(Object(CodeIgniter\Router\RouteCollection))
 4 APPPATH/Config/Routes.php(144): CodeIgniter\Router\RouteCollection->group('gimnasio', [...], Object(Closure))
 5 SYSTEMPATH/Router/RouteCollection.php(339): require('/Applications/ServBay/www/trackbitos/app/Config/Routes.php')
 6 SYSTEMPATH/CodeIgniter.php(821): CodeIgniter\Router\RouteCollection->loadRoutes()
 7 SYSTEMPATH/CodeIgniter.php(455): CodeIgniter\CodeIgniter->tryToRouteIt(null)
 8 SYSTEMPATH/CodeIgniter.php(354): CodeIgniter\CodeIgniter->handleRequest(null, Object(Config\Cache), false)
 9 SYSTEMPATH/Boot.php(363): CodeIgniter\CodeIgniter->run()
10 SYSTEMPATH/Boot.php(68): CodeIgniter\Boot::runCodeIgniter(Object(CodeIgniter\CodeIgniter))
11 FCPATH/index.php(59): CodeIgniter\Boot::bootWeb(Object(Config\Paths))
WARNING - 2025-09-18 15:36:16 --> [DEPRECATED] Passing lowercase HTTP method "get" is deprecated. Use uppercase HTTP method like "GET". in SYSTEMPATH/Router/RouteCollection.php on line 1026.
 1 SYSTEMPATH/Router/RouteCollection.php(1026): trigger_error('Passing lowercase HTTP method "get" is deprecated. Use uppercase HTTP method like "GET".', 16384)
 2 APPPATH/Config/Routes.php(148): CodeIgniter\Router\RouteCollection->match([...], 'mesociclos/(:num)/bloque/nuevo', 'GimnasioMesociclos::bloqueNuevo/$1')
 3 SYSTEMPATH/Router/RouteCollection.php(799): CodeIgniter\Router\RouteCollection::{closure}(Object(CodeIgniter\Router\RouteCollection))
 4 APPPATH/Config/Routes.php(144): CodeIgniter\Router\RouteCollection->group('gimnasio', [...], Object(Closure))
 5 SYSTEMPATH/Router/RouteCollection.php(339): require('/Applications/ServBay/www/trackbitos/app/Config/Routes.php')
 6 SYSTEMPATH/CodeIgniter.php(821): CodeIgniter\Router\RouteCollection->loadRoutes()
 7 SYSTEMPATH/CodeIgniter.php(455): CodeIgniter\CodeIgniter->tryToRouteIt(null)
 8 SYSTEMPATH/CodeIgniter.php(354): CodeIgniter\CodeIgniter->handleRequest(null, Object(Config\Cache), false)
 9 SYSTEMPATH/Boot.php(363): CodeIgniter\CodeIgniter->run()
10 SYSTEMPATH/Boot.php(68): CodeIgniter\Boot::runCodeIgniter(Object(CodeIgniter\CodeIgniter))
11 FCPATH/index.php(59): CodeIgniter\Boot::bootWeb(Object(Config\Paths))
WARNING - 2025-09-18 15:36:16 --> [DEPRECATED] Passing lowercase HTTP method "post" is deprecated. Use uppercase HTTP method like "POST". in SYSTEMPATH/Router/RouteCollection.php on line 1026.
 1 SYSTEMPATH/Router/RouteCollection.php(1026): trigger_error('Passing lowercase HTTP method "post" is deprecated. Use uppercase HTTP method like "POST".', 16384)
 2 APPPATH/Config/Routes.php(148): CodeIgniter\Router\RouteCollection->match([...], 'mesociclos/(:num)/bloque/nuevo', 'GimnasioMesociclos::bloqueNuevo/$1')
 3 SYSTEMPATH/Router/RouteCollection.php(799): CodeIgniter\Router\RouteCollection::{closure}(Object(CodeIgniter\Router\RouteCollection))
 4 APPPATH/Config/Routes.php(144): CodeIgniter\Router\RouteCollection->group('gimnasio', [...], Object(Closure))
 5 SYSTEMPATH/Router/RouteCollection.php(339): require('/Applications/ServBay/www/trackbitos/app/Config/Routes.php')
 6 SYSTEMPATH/CodeIgniter.php(821): CodeIgniter\Router\RouteCollection->loadRoutes()
 7 SYSTEMPATH/CodeIgniter.php(455): CodeIgniter\CodeIgniter->tryToRouteIt(null)
 8 SYSTEMPATH/CodeIgniter.php(354): CodeIgniter\CodeIgniter->handleRequest(null, Object(Config\Cache), false)
 9 SYSTEMPATH/Boot.php(363): CodeIgniter\CodeIgniter->run()
10 SYSTEMPATH/Boot.php(68): CodeIgniter\Boot::runCodeIgniter(Object(CodeIgniter\CodeIgniter))
11 FCPATH/index.php(59): CodeIgniter\Boot::bootWeb(Object(Config\Paths))
WARNING - 2025-09-18 15:36:16 --> [DEPRECATED] Passing lowercase HTTP method "get" is deprecated. Use uppercase HTTP method like "GET". in SYSTEMPATH/Router/RouteCollection.php on line 1026.
 1 SYSTEMPATH/Router/RouteCollection.php(1026): trigger_error('Passing lowercase HTTP method "get" is deprecated. Use uppercase HTTP method like "GET".', 16384)
 2 APPPATH/Config/Routes.php(150): CodeIgniter\Router\RouteCollection->match([...], 'mesociclos/(:num)/asignar/(:num)', 'GimnasioMesociclos::asignar/$1/$2')
 3 SYSTEMPATH/Router/RouteCollection.php(799): CodeIgniter\Router\RouteCollection::{closure}(Object(CodeIgniter\Router\RouteCollection))
 4 APPPATH/Config/Routes.php(144): CodeIgniter\Router\RouteCollection->group('gimnasio', [...], Object(Closure))
 5 SYSTEMPATH/Router/RouteCollection.php(339): require('/Applications/ServBay/www/trackbitos/app/Config/Routes.php')
 6 SYSTEMPATH/CodeIgniter.php(821): CodeIgniter\Router\RouteCollection->loadRoutes()
 7 SYSTEMPATH/CodeIgniter.php(455): CodeIgniter\CodeIgniter->tryToRouteIt(null)
 8 SYSTEMPATH/CodeIgniter.php(354): CodeIgniter\CodeIgniter->handleRequest(null, Object(Config\Cache), false)
 9 SYSTEMPATH/Boot.php(363): CodeIgniter\CodeIgniter->run()
10 SYSTEMPATH/Boot.php(68): CodeIgniter\Boot::runCodeIgniter(Object(CodeIgniter\CodeIgniter))
11 FCPATH/index.php(59): CodeIgniter\Boot::bootWeb(Object(Config\Paths))
WARNING - 2025-09-18 15:36:16 --> [DEPRECATED] Passing lowercase HTTP method "post" is deprecated. Use uppercase HTTP method like "POST". in SYSTEMPATH/Router/RouteCollection.php on line 1026.
 1 SYSTEMPATH/Router/RouteCollection.php(1026): trigger_error('Passing lowercase HTTP method "post" is deprecated. Use uppercase HTTP method like "POST".', 16384)
 2 APPPATH/Config/Routes.php(150): CodeIgniter\Router\RouteCollection->match([...], 'mesociclos/(:num)/asignar/(:num)', 'GimnasioMesociclos::asignar/$1/$2')
 3 SYSTEMPATH/Router/RouteCollection.php(799): CodeIgniter\Router\RouteCollection::{closure}(Object(CodeIgniter\Router\RouteCollection))
 4 APPPATH/Config/Routes.php(144): CodeIgniter\Router\RouteCollection->group('gimnasio', [...], Object(Closure))
 5 SYSTEMPATH/Router/RouteCollection.php(339): require('/Applications/ServBay/www/trackbitos/app/Config/Routes.php')
 6 SYSTEMPATH/CodeIgniter.php(821): CodeIgniter\Router\RouteCollection->loadRoutes()
 7 SYSTEMPATH/CodeIgniter.php(455): CodeIgniter\CodeIgniter->tryToRouteIt(null)
 8 SYSTEMPATH/CodeIgniter.php(354): CodeIgniter\CodeIgniter->handleRequest(null, Object(Config\Cache), false)
 9 SYSTEMPATH/Boot.php(363): CodeIgniter\CodeIgniter->run()
10 SYSTEMPATH/Boot.php(68): CodeIgniter\Boot::runCodeIgniter(Object(CodeIgniter\CodeIgniter))
11 FCPATH/index.php(59): CodeIgniter\Boot::bootWeb(Object(Config\Paths))
WARNING - 2025-09-18 15:36:16 --> [DEPRECATED] Passing lowercase HTTP method "get" is deprecated. Use uppercase HTTP method like "GET". in SYSTEMPATH/Router/RouteCollection.php on line 1026.
 1 SYSTEMPATH/Router/RouteCollection.php(1026): trigger_error('Passing lowercase HTTP method "get" is deprecated. Use uppercase HTTP method like "GET".', 16384)
 2 APPPATH/Config/Routes.php(153): CodeIgniter\Router\RouteCollection->match([...], 'mesociclos/(:num)/generar', 'GimnasioMesociclos::generar/$1')
 3 SYSTEMPATH/Router/RouteCollection.php(799): CodeIgniter\Router\RouteCollection::{closure}(Object(CodeIgniter\Router\RouteCollection))
 4 APPPATH/Config/Routes.php(144): CodeIgniter\Router\RouteCollection->group('gimnasio', [...], Object(Closure))
 5 SYSTEMPATH/Router/RouteCollection.php(339): require('/Applications/ServBay/www/trackbitos/app/Config/Routes.php')
 6 SYSTEMPATH/CodeIgniter.php(821): CodeIgniter\Router\RouteCollection->loadRoutes()
 7 SYSTEMPATH/CodeIgniter.php(455): CodeIgniter\CodeIgniter->tryToRouteIt(null)
 8 SYSTEMPATH/CodeIgniter.php(354): CodeIgniter\CodeIgniter->handleRequest(null, Object(Config\Cache), false)
 9 SYSTEMPATH/Boot.php(363): CodeIgniter\CodeIgniter->run()
10 SYSTEMPATH/Boot.php(68): CodeIgniter\Boot::runCodeIgniter(Object(CodeIgniter\CodeIgniter))
11 FCPATH/index.php(59): CodeIgniter\Boot::bootWeb(Object(Config\Paths))
WARNING - 2025-09-18 15:36:16 --> [DEPRECATED] Passing lowercase HTTP method "post" is deprecated. Use uppercase HTTP method like "POST". in SYSTEMPATH/Router/RouteCollection.php on line 1026.
 1 SYSTEMPATH/Router/RouteCollection.php(1026): trigger_error('Passing lowercase HTTP method "post" is deprecated. Use uppercase HTTP method like "POST".', 16384)
 2 APPPATH/Config/Routes.php(153): CodeIgniter\Router\RouteCollection->match([...], 'mesociclos/(:num)/generar', 'GimnasioMesociclos::generar/$1')
 3 SYSTEMPATH/Router/RouteCollection.php(799): CodeIgniter\Router\RouteCollection::{closure}(Object(CodeIgniter\Router\RouteCollection))
 4 APPPATH/Config/Routes.php(144): CodeIgniter\Router\RouteCollection->group('gimnasio', [...], Object(Closure))
 5 SYSTEMPATH/Router/RouteCollection.php(339): require('/Applications/ServBay/www/trackbitos/app/Config/Routes.php')
 6 SYSTEMPATH/CodeIgniter.php(821): CodeIgniter\Router\RouteCollection->loadRoutes()
 7 SYSTEMPATH/CodeIgniter.php(455): CodeIgniter\CodeIgniter->tryToRouteIt(null)
 8 SYSTEMPATH/CodeIgniter.php(354): CodeIgniter\CodeIgniter->handleRequest(null, Object(Config\Cache), false)
 9 SYSTEMPATH/Boot.php(363): CodeIgniter\CodeIgniter->run()
10 SYSTEMPATH/Boot.php(68): CodeIgniter\Boot::runCodeIgniter(Object(CodeIgniter\CodeIgniter))
11 FCPATH/index.php(59): CodeIgniter\Boot::bootWeb(Object(Config\Paths))
WARNING - 2025-09-18 15:36:16 --> [DEPRECATED] Passing lowercase HTTP method "get" is deprecated. Use uppercase HTTP method like "GET". in SYSTEMPATH/Router/RouteCollection.php on line 1026.
 1 SYSTEMPATH/Router/RouteCollection.php(1026): trigger_error('Passing lowercase HTTP method "get" is deprecated. Use uppercase HTTP method like "GET".', 16384)
 2 APPPATH/Config/Routes.php(161): CodeIgniter\Router\RouteCollection->match([...], 'mesociclos/(:num)/generar/bilbo', 'GimnasioMesociclos::generarBilbo/$1')
 3 SYSTEMPATH/Router/RouteCollection.php(799): CodeIgniter\Router\RouteCollection::{closure}(Object(CodeIgniter\Router\RouteCollection))
 4 APPPATH/Config/Routes.php(144): CodeIgniter\Router\RouteCollection->group('gimnasio', [...], Object(Closure))
 5 SYSTEMPATH/Router/RouteCollection.php(339): require('/Applications/ServBay/www/trackbitos/app/Config/Routes.php')
 6 SYSTEMPATH/CodeIgniter.php(821): CodeIgniter\Router\RouteCollection->loadRoutes()
 7 SYSTEMPATH/CodeIgniter.php(455): CodeIgniter\CodeIgniter->tryToRouteIt(null)
 8 SYSTEMPATH/CodeIgniter.php(354): CodeIgniter\CodeIgniter->handleRequest(null, Object(Config\Cache), false)
 9 SYSTEMPATH/Boot.php(363): CodeIgniter\CodeIgniter->run()
10 SYSTEMPATH/Boot.php(68): CodeIgniter\Boot::runCodeIgniter(Object(CodeIgniter\CodeIgniter))
11 FCPATH/index.php(59): CodeIgniter\Boot::bootWeb(Object(Config\Paths))
WARNING - 2025-09-18 15:36:16 --> [DEPRECATED] Passing lowercase HTTP method "post" is deprecated. Use uppercase HTTP method like "POST". in SYSTEMPATH/Router/RouteCollection.php on line 1026.
 1 SYSTEMPATH/Router/RouteCollection.php(1026): trigger_error('Passing lowercase HTTP method "post" is deprecated. Use uppercase HTTP method like "POST".', 16384)
 2 APPPATH/Config/Routes.php(161): CodeIgniter\Router\RouteCollection->match([...], 'mesociclos/(:num)/generar/bilbo', 'GimnasioMesociclos::generarBilbo/$1')
 3 SYSTEMPATH/Router/RouteCollection.php(799): CodeIgniter\Router\RouteCollection::{closure}(Object(CodeIgniter\Router\RouteCollection))
 4 APPPATH/Config/Routes.php(144): CodeIgniter\Router\RouteCollection->group('gimnasio', [...], Object(Closure))
 5 SYSTEMPATH/Router/RouteCollection.php(339): require('/Applications/ServBay/www/trackbitos/app/Config/Routes.php')
 6 SYSTEMPATH/CodeIgniter.php(821): CodeIgniter\Router\RouteCollection->loadRoutes()
 7 SYSTEMPATH/CodeIgniter.php(455): CodeIgniter\CodeIgniter->tryToRouteIt(null)
 8 SYSTEMPATH/CodeIgniter.php(354): CodeIgniter\CodeIgniter->handleRequest(null, Object(Config\Cache), false)
 9 SYSTEMPATH/Boot.php(363): CodeIgniter\CodeIgniter->run()
10 SYSTEMPATH/Boot.php(68): CodeIgniter\Boot::runCodeIgniter(Object(CodeIgniter\CodeIgniter))
11 FCPATH/index.php(59): CodeIgniter\Boot::bootWeb(Object(Config\Paths))
WARNING - 2025-09-18 15:36:16 --> [DEPRECATED] Passing lowercase HTTP method "get" is deprecated. Use uppercase HTTP method like "GET". in SYSTEMPATH/Router/RouteCollection.php on line 1026.
 1 SYSTEMPATH/Router/RouteCollection.php(1026): trigger_error('Passing lowercase HTTP method "get" is deprecated. Use uppercase HTTP method like "GET".', 16384)
 2 APPPATH/Config/Routes.php(261): CodeIgniter\Router\RouteCollection->match([...], 'crear', 'Youtube::crearLista')
 3 SYSTEMPATH/Router/RouteCollection.php(799): CodeIgniter\Router\RouteCollection::{closure}(Object(CodeIgniter\Router\RouteCollection))
 4 APPPATH/Config/Routes.php(259): CodeIgniter\Router\RouteCollection->group('youtube', [...], Object(Closure))
 5 SYSTEMPATH/Router/RouteCollection.php(339): require('/Applications/ServBay/www/trackbitos/app/Config/Routes.php')
 6 SYSTEMPATH/CodeIgniter.php(821): CodeIgniter\Router\RouteCollection->loadRoutes()
 7 SYSTEMPATH/CodeIgniter.php(455): CodeIgniter\CodeIgniter->tryToRouteIt(null)
 8 SYSTEMPATH/CodeIgniter.php(354): CodeIgniter\CodeIgniter->handleRequest(null, Object(Config\Cache), false)
 9 SYSTEMPATH/Boot.php(363): CodeIgniter\CodeIgniter->run()
10 SYSTEMPATH/Boot.php(68): CodeIgniter\Boot::runCodeIgniter(Object(CodeIgniter\CodeIgniter))
11 FCPATH/index.php(59): CodeIgniter\Boot::bootWeb(Object(Config\Paths))
WARNING - 2025-09-18 15:36:16 --> [DEPRECATED] Passing lowercase HTTP method "post" is deprecated. Use uppercase HTTP method like "POST". in SYSTEMPATH/Router/RouteCollection.php on line 1026.
 1 SYSTEMPATH/Router/RouteCollection.php(1026): trigger_error('Passing lowercase HTTP method "post" is deprecated. Use uppercase HTTP method like "POST".', 16384)
 2 APPPATH/Config/Routes.php(261): CodeIgniter\Router\RouteCollection->match([...], 'crear', 'Youtube::crearLista')
 3 SYSTEMPATH/Router/RouteCollection.php(799): CodeIgniter\Router\RouteCollection::{closure}(Object(CodeIgniter\Router\RouteCollection))
 4 APPPATH/Config/Routes.php(259): CodeIgniter\Router\RouteCollection->group('youtube', [...], Object(Closure))
 5 SYSTEMPATH/Router/RouteCollection.php(339): require('/Applications/ServBay/www/trackbitos/app/Config/Routes.php')
 6 SYSTEMPATH/CodeIgniter.php(821): CodeIgniter\Router\RouteCollection->loadRoutes()
 7 SYSTEMPATH/CodeIgniter.php(455): CodeIgniter\CodeIgniter->tryToRouteIt(null)
 8 SYSTEMPATH/CodeIgniter.php(354): CodeIgniter\CodeIgniter->handleRequest(null, Object(Config\Cache), false)
 9 SYSTEMPATH/Boot.php(363): CodeIgniter\CodeIgniter->run()
10 SYSTEMPATH/Boot.php(68): CodeIgniter\Boot::runCodeIgniter(Object(CodeIgniter\CodeIgniter))
11 FCPATH/index.php(59): CodeIgniter\Boot::bootWeb(Object(Config\Paths))
WARNING - 2025-09-18 15:36:17 --> [DEPRECATED] Passing lowercase HTTP method "get" is deprecated. Use uppercase HTTP method like "GET". in SYSTEMPATH/Router/RouteCollection.php on line 1026.
 1 SYSTEMPATH/Router/RouteCollection.php(1026): trigger_error('Passing lowercase HTTP method "get" is deprecated. Use uppercase HTTP method like "GET".', 16384)
 2 APPPATH/Config/Routes.php(146): CodeIgniter\Router\RouteCollection->match([...], 'mesociclos/nuevo', 'GimnasioMesociclos::nuevo')
 3 SYSTEMPATH/Router/RouteCollection.php(799): CodeIgniter\Router\RouteCollection::{closure}(Object(CodeIgniter\Router\RouteCollection))
 4 APPPATH/Config/Routes.php(144): CodeIgniter\Router\RouteCollection->group('gimnasio', [...], Object(Closure))
 5 SYSTEMPATH/Router/RouteCollection.php(339): require('/Applications/ServBay/www/trackbitos/app/Config/Routes.php')
 6 SYSTEMPATH/CodeIgniter.php(821): CodeIgniter\Router\RouteCollection->loadRoutes()
 7 SYSTEMPATH/CodeIgniter.php(455): CodeIgniter\CodeIgniter->tryToRouteIt(null)
 8 SYSTEMPATH/CodeIgniter.php(354): CodeIgniter\CodeIgniter->handleRequest(null, Object(Config\Cache), false)
 9 SYSTEMPATH/Boot.php(363): CodeIgniter\CodeIgniter->run()
10 SYSTEMPATH/Boot.php(68): CodeIgniter\Boot::runCodeIgniter(Object(CodeIgniter\CodeIgniter))
11 FCPATH/index.php(59): CodeIgniter\Boot::bootWeb(Object(Config\Paths))
WARNING - 2025-09-18 15:36:17 --> [DEPRECATED] Passing lowercase HTTP method "post" is deprecated. Use uppercase HTTP method like "POST". in SYSTEMPATH/Router/RouteCollection.php on line 1026.
 1 SYSTEMPATH/Router/RouteCollection.php(1026): trigger_error('Passing lowercase HTTP method "post" is deprecated. Use uppercase HTTP method like "POST".', 16384)
 2 APPPATH/Config/Routes.php(146): CodeIgniter\Router\RouteCollection->match([...], 'mesociclos/nuevo', 'GimnasioMesociclos::nuevo')
 3 SYSTEMPATH/Router/RouteCollection.php(799): CodeIgniter\Router\RouteCollection::{closure}(Object(CodeIgniter\Router\RouteCollection))
 4 APPPATH/Config/Routes.php(144): CodeIgniter\Router\RouteCollection->group('gimnasio', [...], Object(Closure))
 5 SYSTEMPATH/Router/RouteCollection.php(339): require('/Applications/ServBay/www/trackbitos/app/Config/Routes.php')
 6 SYSTEMPATH/CodeIgniter.php(821): CodeIgniter\Router\RouteCollection->loadRoutes()
 7 SYSTEMPATH/CodeIgniter.php(455): CodeIgniter\CodeIgniter->tryToRouteIt(null)
 8 SYSTEMPATH/CodeIgniter.php(354): CodeIgniter\CodeIgniter->handleRequest(null, Object(Config\Cache), false)
 9 SYSTEMPATH/Boot.php(363): CodeIgniter\CodeIgniter->run()
10 SYSTEMPATH/Boot.php(68): CodeIgniter\Boot::runCodeIgniter(Object(CodeIgniter\CodeIgniter))
11 FCPATH/index.php(59): CodeIgniter\Boot::bootWeb(Object(Config\Paths))
WARNING - 2025-09-18 15:36:17 --> [DEPRECATED] Passing lowercase HTTP method "get" is deprecated. Use uppercase HTTP method like "GET". in SYSTEMPATH/Router/RouteCollection.php on line 1026.
 1 SYSTEMPATH/Router/RouteCollection.php(1026): trigger_error('Passing lowercase HTTP method "get" is deprecated. Use uppercase HTTP method like "GET".', 16384)
 2 APPPATH/Config/Routes.php(148): CodeIgniter\Router\RouteCollection->match([...], 'mesociclos/(:num)/bloque/nuevo', 'GimnasioMesociclos::bloqueNuevo/$1')
 3 SYSTEMPATH/Router/RouteCollection.php(799): CodeIgniter\Router\RouteCollection::{closure}(Object(CodeIgniter\Router\RouteCollection))
 4 APPPATH/Config/Routes.php(144): CodeIgniter\Router\RouteCollection->group('gimnasio', [...], Object(Closure))
 5 SYSTEMPATH/Router/RouteCollection.php(339): require('/Applications/ServBay/www/trackbitos/app/Config/Routes.php')
 6 SYSTEMPATH/CodeIgniter.php(821): CodeIgniter\Router\RouteCollection->loadRoutes()
 7 SYSTEMPATH/CodeIgniter.php(455): CodeIgniter\CodeIgniter->tryToRouteIt(null)
 8 SYSTEMPATH/CodeIgniter.php(354): CodeIgniter\CodeIgniter->handleRequest(null, Object(Config\Cache), false)
 9 SYSTEMPATH/Boot.php(363): CodeIgniter\CodeIgniter->run()
10 SYSTEMPATH/Boot.php(68): CodeIgniter\Boot::runCodeIgniter(Object(CodeIgniter\CodeIgniter))
11 FCPATH/index.php(59): CodeIgniter\Boot::bootWeb(Object(Config\Paths))
WARNING - 2025-09-18 15:36:17 --> [DEPRECATED] Passing lowercase HTTP method "post" is deprecated. Use uppercase HTTP method like "POST". in SYSTEMPATH/Router/RouteCollection.php on line 1026.
 1 SYSTEMPATH/Router/RouteCollection.php(1026): trigger_error('Passing lowercase HTTP method "post" is deprecated. Use uppercase HTTP method like "POST".', 16384)
 2 APPPATH/Config/Routes.php(148): CodeIgniter\Router\RouteCollection->match([...], 'mesociclos/(:num)/bloque/nuevo', 'GimnasioMesociclos::bloqueNuevo/$1')
 3 SYSTEMPATH/Router/RouteCollection.php(799): CodeIgniter\Router\RouteCollection::{closure}(Object(CodeIgniter\Router\RouteCollection))
 4 APPPATH/Config/Routes.php(144): CodeIgniter\Router\RouteCollection->group('gimnasio', [...], Object(Closure))
 5 SYSTEMPATH/Router/RouteCollection.php(339): require('/Applications/ServBay/www/trackbitos/app/Config/Routes.php')
 6 SYSTEMPATH/CodeIgniter.php(821): CodeIgniter\Router\RouteCollection->loadRoutes()
 7 SYSTEMPATH/CodeIgniter.php(455): CodeIgniter\CodeIgniter->tryToRouteIt(null)
 8 SYSTEMPATH/CodeIgniter.php(354): CodeIgniter\CodeIgniter->handleRequest(null, Object(Config\Cache), false)
 9 SYSTEMPATH/Boot.php(363): CodeIgniter\CodeIgniter->run()
10 SYSTEMPATH/Boot.php(68): CodeIgniter\Boot::runCodeIgniter(Object(CodeIgniter\CodeIgniter))
11 FCPATH/index.php(59): CodeIgniter\Boot::bootWeb(Object(Config\Paths))
WARNING - 2025-09-18 15:36:17 --> [DEPRECATED] Passing lowercase HTTP method "get" is deprecated. Use uppercase HTTP method like "GET". in SYSTEMPATH/Router/RouteCollection.php on line 1026.
 1 SYSTEMPATH/Router/RouteCollection.php(1026): trigger_error('Passing lowercase HTTP method "get" is deprecated. Use uppercase HTTP method like "GET".', 16384)
 2 APPPATH/Config/Routes.php(150): CodeIgniter\Router\RouteCollection->match([...], 'mesociclos/(:num)/asignar/(:num)', 'GimnasioMesociclos::asignar/$1/$2')
 3 SYSTEMPATH/Router/RouteCollection.php(799): CodeIgniter\Router\RouteCollection::{closure}(Object(CodeIgniter\Router\RouteCollection))
 4 APPPATH/Config/Routes.php(144): CodeIgniter\Router\RouteCollection->group('gimnasio', [...], Object(Closure))
 5 SYSTEMPATH/Router/RouteCollection.php(339): require('/Applications/ServBay/www/trackbitos/app/Config/Routes.php')
 6 SYSTEMPATH/CodeIgniter.php(821): CodeIgniter\Router\RouteCollection->loadRoutes()
 7 SYSTEMPATH/CodeIgniter.php(455): CodeIgniter\CodeIgniter->tryToRouteIt(null)
 8 SYSTEMPATH/CodeIgniter.php(354): CodeIgniter\CodeIgniter->handleRequest(null, Object(Config\Cache), false)
 9 SYSTEMPATH/Boot.php(363): CodeIgniter\CodeIgniter->run()
10 SYSTEMPATH/Boot.php(68): CodeIgniter\Boot::runCodeIgniter(Object(CodeIgniter\CodeIgniter))
11 FCPATH/index.php(59): CodeIgniter\Boot::bootWeb(Object(Config\Paths))
WARNING - 2025-09-18 15:36:17 --> [DEPRECATED] Passing lowercase HTTP method "post" is deprecated. Use uppercase HTTP method like "POST". in SYSTEMPATH/Router/RouteCollection.php on line 1026.
 1 SYSTEMPATH/Router/RouteCollection.php(1026): trigger_error('Passing lowercase HTTP method "post" is deprecated. Use uppercase HTTP method like "POST".', 16384)
 2 APPPATH/Config/Routes.php(150): CodeIgniter\Router\RouteCollection->match([...], 'mesociclos/(:num)/asignar/(:num)', 'GimnasioMesociclos::asignar/$1/$2')
 3 SYSTEMPATH/Router/RouteCollection.php(799): CodeIgniter\Router\RouteCollection::{closure}(Object(CodeIgniter\Router\RouteCollection))
 4 APPPATH/Config/Routes.php(144): CodeIgniter\Router\RouteCollection->group('gimnasio', [...], Object(Closure))
 5 SYSTEMPATH/Router/RouteCollection.php(339): require('/Applications/ServBay/www/trackbitos/app/Config/Routes.php')
 6 SYSTEMPATH/CodeIgniter.php(821): CodeIgniter\Router\RouteCollection->loadRoutes()
 7 SYSTEMPATH/CodeIgniter.php(455): CodeIgniter\CodeIgniter->tryToRouteIt(null)
 8 SYSTEMPATH/CodeIgniter.php(354): CodeIgniter\CodeIgniter->handleRequest(null, Object(Config\Cache), false)
 9 SYSTEMPATH/Boot.php(363): CodeIgniter\CodeIgniter->run()
10 SYSTEMPATH/Boot.php(68): CodeIgniter\Boot::runCodeIgniter(Object(CodeIgniter\CodeIgniter))
11 FCPATH/index.php(59): CodeIgniter\Boot::bootWeb(Object(Config\Paths))
WARNING - 2025-09-18 15:36:17 --> [DEPRECATED] Passing lowercase HTTP method "get" is deprecated. Use uppercase HTTP method like "GET". in SYSTEMPATH/Router/RouteCollection.php on line 1026.
 1 SYSTEMPATH/Router/RouteCollection.php(1026): trigger_error('Passing lowercase HTTP method "get" is deprecated. Use uppercase HTTP method like "GET".', 16384)
 2 APPPATH/Config/Routes.php(153): CodeIgniter\Router\RouteCollection->match([...], 'mesociclos/(:num)/generar', 'GimnasioMesociclos::generar/$1')
 3 SYSTEMPATH/Router/RouteCollection.php(799): CodeIgniter\Router\RouteCollection::{closure}(Object(CodeIgniter\Router\RouteCollection))
 4 APPPATH/Config/Routes.php(144): CodeIgniter\Router\RouteCollection->group('gimnasio', [...], Object(Closure))
 5 SYSTEMPATH/Router/RouteCollection.php(339): require('/Applications/ServBay/www/trackbitos/app/Config/Routes.php')
 6 SYSTEMPATH/CodeIgniter.php(821): CodeIgniter\Router\RouteCollection->loadRoutes()
 7 SYSTEMPATH/CodeIgniter.php(455): CodeIgniter\CodeIgniter->tryToRouteIt(null)
 8 SYSTEMPATH/CodeIgniter.php(354): CodeIgniter\CodeIgniter->handleRequest(null, Object(Config\Cache), false)
 9 SYSTEMPATH/Boot.php(363): CodeIgniter\CodeIgniter->run()
10 SYSTEMPATH/Boot.php(68): CodeIgniter\Boot::runCodeIgniter(Object(CodeIgniter\CodeIgniter))
11 FCPATH/index.php(59): CodeIgniter\Boot::bootWeb(Object(Config\Paths))
WARNING - 2025-09-18 15:36:17 --> [DEPRECATED] Passing lowercase HTTP method "post" is deprecated. Use uppercase HTTP method like "POST". in SYSTEMPATH/Router/RouteCollection.php on line 1026.
 1 SYSTEMPATH/Router/RouteCollection.php(1026): trigger_error('Passing lowercase HTTP method "post" is deprecated. Use uppercase HTTP method like "POST".', 16384)
 2 APPPATH/Config/Routes.php(153): CodeIgniter\Router\RouteCollection->match([...], 'mesociclos/(:num)/generar', 'GimnasioMesociclos::generar/$1')
 3 SYSTEMPATH/Router/RouteCollection.php(799): CodeIgniter\Router\RouteCollection::{closure}(Object(CodeIgniter\Router\RouteCollection))
 4 APPPATH/Config/Routes.php(144): CodeIgniter\Router\RouteCollection->group('gimnasio', [...], Object(Closure))
 5 SYSTEMPATH/Router/RouteCollection.php(339): require('/Applications/ServBay/www/trackbitos/app/Config/Routes.php')
 6 SYSTEMPATH/CodeIgniter.php(821): CodeIgniter\Router\RouteCollection->loadRoutes()
 7 SYSTEMPATH/CodeIgniter.php(455): CodeIgniter\CodeIgniter->tryToRouteIt(null)
 8 SYSTEMPATH/CodeIgniter.php(354): CodeIgniter\CodeIgniter->handleRequest(null, Object(Config\Cache), false)
 9 SYSTEMPATH/Boot.php(363): CodeIgniter\CodeIgniter->run()
10 SYSTEMPATH/Boot.php(68): CodeIgniter\Boot::runCodeIgniter(Object(CodeIgniter\CodeIgniter))
11 FCPATH/index.php(59): CodeIgniter\Boot::bootWeb(Object(Config\Paths))
WARNING - 2025-09-18 15:36:17 --> [DEPRECATED] Passing lowercase HTTP method "get" is deprecated. Use uppercase HTTP method like "GET". in SYSTEMPATH/Router/RouteCollection.php on line 1026.
 1 SYSTEMPATH/Router/RouteCollection.php(1026): trigger_error('Passing lowercase HTTP method "get" is deprecated. Use uppercase HTTP method like "GET".', 16384)
 2 APPPATH/Config/Routes.php(161): CodeIgniter\Router\RouteCollection->match([...], 'mesociclos/(:num)/generar/bilbo', 'GimnasioMesociclos::generarBilbo/$1')
 3 SYSTEMPATH/Router/RouteCollection.php(799): CodeIgniter\Router\RouteCollection::{closure}(Object(CodeIgniter\Router\RouteCollection))
 4 APPPATH/Config/Routes.php(144): CodeIgniter\Router\RouteCollection->group('gimnasio', [...], Object(Closure))
 5 SYSTEMPATH/Router/RouteCollection.php(339): require('/Applications/ServBay/www/trackbitos/app/Config/Routes.php')
 6 SYSTEMPATH/CodeIgniter.php(821): CodeIgniter\Router\RouteCollection->loadRoutes()
 7 SYSTEMPATH/CodeIgniter.php(455): CodeIgniter\CodeIgniter->tryToRouteIt(null)
 8 SYSTEMPATH/CodeIgniter.php(354): CodeIgniter\CodeIgniter->handleRequest(null, Object(Config\Cache), false)
 9 SYSTEMPATH/Boot.php(363): CodeIgniter\CodeIgniter->run()
10 SYSTEMPATH/Boot.php(68): CodeIgniter\Boot::runCodeIgniter(Object(CodeIgniter\CodeIgniter))
11 FCPATH/index.php(59): CodeIgniter\Boot::bootWeb(Object(Config\Paths))
WARNING - 2025-09-18 15:36:17 --> [DEPRECATED] Passing lowercase HTTP method "post" is deprecated. Use uppercase HTTP method like "POST". in SYSTEMPATH/Router/RouteCollection.php on line 1026.
 1 SYSTEMPATH/Router/RouteCollection.php(1026): trigger_error('Passing lowercase HTTP method "post" is deprecated. Use uppercase HTTP method like "POST".', 16384)
 2 APPPATH/Config/Routes.php(161): CodeIgniter\Router\RouteCollection->match([...], 'mesociclos/(:num)/generar/bilbo', 'GimnasioMesociclos::generarBilbo/$1')
 3 SYSTEMPATH/Router/RouteCollection.php(799): CodeIgniter\Router\RouteCollection::{closure}(Object(CodeIgniter\Router\RouteCollection))
 4 APPPATH/Config/Routes.php(144): CodeIgniter\Router\RouteCollection->group('gimnasio', [...], Object(Closure))
 5 SYSTEMPATH/Router/RouteCollection.php(339): require('/Applications/ServBay/www/trackbitos/app/Config/Routes.php')
 6 SYSTEMPATH/CodeIgniter.php(821): CodeIgniter\Router\RouteCollection->loadRoutes()
 7 SYSTEMPATH/CodeIgniter.php(455): CodeIgniter\CodeIgniter->tryToRouteIt(null)
 8 SYSTEMPATH/CodeIgniter.php(354): CodeIgniter\CodeIgniter->handleRequest(null, Object(Config\Cache), false)
 9 SYSTEMPATH/Boot.php(363): CodeIgniter\CodeIgniter->run()
10 SYSTEMPATH/Boot.php(68): CodeIgniter\Boot::runCodeIgniter(Object(CodeIgniter\CodeIgniter))
11 FCPATH/index.php(59): CodeIgniter\Boot::bootWeb(Object(Config\Paths))
WARNING - 2025-09-18 15:36:17 --> [DEPRECATED] Passing lowercase HTTP method "get" is deprecated. Use uppercase HTTP method like "GET". in SYSTEMPATH/Router/RouteCollection.php on line 1026.
 1 SYSTEMPATH/Router/RouteCollection.php(1026): trigger_error('Passing lowercase HTTP method "get" is deprecated. Use uppercase HTTP method like "GET".', 16384)
 2 APPPATH/Config/Routes.php(261): CodeIgniter\Router\RouteCollection->match([...], 'crear', 'Youtube::crearLista')
 3 SYSTEMPATH/Router/RouteCollection.php(799): CodeIgniter\Router\RouteCollection::{closure}(Object(CodeIgniter\Router\RouteCollection))
 4 APPPATH/Config/Routes.php(259): CodeIgniter\Router\RouteCollection->group('youtube', [...], Object(Closure))
 5 SYSTEMPATH/Router/RouteCollection.php(339): require('/Applications/ServBay/www/trackbitos/app/Config/Routes.php')
 6 SYSTEMPATH/CodeIgniter.php(821): CodeIgniter\Router\RouteCollection->loadRoutes()
 7 SYSTEMPATH/CodeIgniter.php(455): CodeIgniter\CodeIgniter->tryToRouteIt(null)
 8 SYSTEMPATH/CodeIgniter.php(354): CodeIgniter\CodeIgniter->handleRequest(null, Object(Config\Cache), false)
 9 SYSTEMPATH/Boot.php(363): CodeIgniter\CodeIgniter->run()
10 SYSTEMPATH/Boot.php(68): CodeIgniter\Boot::runCodeIgniter(Object(CodeIgniter\CodeIgniter))
11 FCPATH/index.php(59): CodeIgniter\Boot::bootWeb(Object(Config\Paths))
WARNING - 2025-09-18 15:36:17 --> [DEPRECATED] Passing lowercase HTTP method "post" is deprecated. Use uppercase HTTP method like "POST". in SYSTEMPATH/Router/RouteCollection.php on line 1026.
 1 SYSTEMPATH/Router/RouteCollection.php(1026): trigger_error('Passing lowercase HTTP method "post" is deprecated. Use uppercase HTTP method like "POST".', 16384)
 2 APPPATH/Config/Routes.php(261): CodeIgniter\Router\RouteCollection->match([...], 'crear', 'Youtube::crearLista')
 3 SYSTEMPATH/Router/RouteCollection.php(799): CodeIgniter\Router\RouteCollection::{closure}(Object(CodeIgniter\Router\RouteCollection))
 4 APPPATH/Config/Routes.php(259): CodeIgniter\Router\RouteCollection->group('youtube', [...], Object(Closure))
 5 SYSTEMPATH/Router/RouteCollection.php(339): require('/Applications/ServBay/www/trackbitos/app/Config/Routes.php')
 6 SYSTEMPATH/CodeIgniter.php(821): CodeIgniter\Router\RouteCollection->loadRoutes()
 7 SYSTEMPATH/CodeIgniter.php(455): CodeIgniter\CodeIgniter->tryToRouteIt(null)
 8 SYSTEMPATH/CodeIgniter.php(354): CodeIgniter\CodeIgniter->handleRequest(null, Object(Config\Cache), false)
 9 SYSTEMPATH/Boot.php(363): CodeIgniter\CodeIgniter->run()
10 SYSTEMPATH/Boot.php(68): CodeIgniter\Boot::runCodeIgniter(Object(CodeIgniter\CodeIgniter))
11 FCPATH/index.php(59): CodeIgniter\Boot::bootWeb(Object(Config\Paths))
DEBUG - 2025-09-18 15:36:17 --> Session: Class initialized using 'CodeIgniter\Session\Handlers\FileHandler' driver.
WARNING - 2025-09-18 15:36:17 --> [DEPRECATED] Passing lowercase HTTP method "get" is deprecated. Use uppercase HTTP method like "GET". in SYSTEMPATH/Router/RouteCollection.php on line 1026.
 1 SYSTEMPATH/Router/RouteCollection.php(1026): trigger_error('Passing lowercase HTTP method "get" is deprecated. Use uppercase HTTP method like "GET".', 16384)
 2 APPPATH/Config/Routes.php(146): CodeIgniter\Router\RouteCollection->match([...], 'mesociclos/nuevo', 'GimnasioMesociclos::nuevo')
 3 SYSTEMPATH/Router/RouteCollection.php(799): CodeIgniter\Router\RouteCollection::{closure}(Object(CodeIgniter\Router\RouteCollection))
 4 APPPATH/Config/Routes.php(144): CodeIgniter\Router\RouteCollection->group('gimnasio', [...], Object(Closure))
 5 SYSTEMPATH/Router/RouteCollection.php(339): require('/Applications/ServBay/www/trackbitos/app/Config/Routes.php')
 6 SYSTEMPATH/CodeIgniter.php(821): CodeIgniter\Router\RouteCollection->loadRoutes()
 7 SYSTEMPATH/CodeIgniter.php(455): CodeIgniter\CodeIgniter->tryToRouteIt(null)
 8 SYSTEMPATH/CodeIgniter.php(354): CodeIgniter\CodeIgniter->handleRequest(null, Object(Config\Cache), false)
 9 SYSTEMPATH/Boot.php(363): CodeIgniter\CodeIgniter->run()
10 SYSTEMPATH/Boot.php(68): CodeIgniter\Boot::runCodeIgniter(Object(CodeIgniter\CodeIgniter))
11 FCPATH/index.php(59): CodeIgniter\Boot::bootWeb(Object(Config\Paths))
WARNING - 2025-09-18 15:36:17 --> [DEPRECATED] Passing lowercase HTTP method "post" is deprecated. Use uppercase HTTP method like "POST". in SYSTEMPATH/Router/RouteCollection.php on line 1026.
 1 SYSTEMPATH/Router/RouteCollection.php(1026): trigger_error('Passing lowercase HTTP method "post" is deprecated. Use uppercase HTTP method like "POST".', 16384)
 2 APPPATH/Config/Routes.php(146): CodeIgniter\Router\RouteCollection->match([...], 'mesociclos/nuevo', 'GimnasioMesociclos::nuevo')
 3 SYSTEMPATH/Router/RouteCollection.php(799): CodeIgniter\Router\RouteCollection::{closure}(Object(CodeIgniter\Router\RouteCollection))
 4 APPPATH/Config/Routes.php(144): CodeIgniter\Router\RouteCollection->group('gimnasio', [...], Object(Closure))
 5 SYSTEMPATH/Router/RouteCollection.php(339): require('/Applications/ServBay/www/trackbitos/app/Config/Routes.php')
 6 SYSTEMPATH/CodeIgniter.php(821): CodeIgniter\Router\RouteCollection->loadRoutes()
 7 SYSTEMPATH/CodeIgniter.php(455): CodeIgniter\CodeIgniter->tryToRouteIt(null)
 8 SYSTEMPATH/CodeIgniter.php(354): CodeIgniter\CodeIgniter->handleRequest(null, Object(Config\Cache), false)
 9 SYSTEMPATH/Boot.php(363): CodeIgniter\CodeIgniter->run()
10 SYSTEMPATH/Boot.php(68): CodeIgniter\Boot::runCodeIgniter(Object(CodeIgniter\CodeIgniter))
11 FCPATH/index.php(59): CodeIgniter\Boot::bootWeb(Object(Config\Paths))
WARNING - 2025-09-18 15:36:17 --> [DEPRECATED] Passing lowercase HTTP method "get" is deprecated. Use uppercase HTTP method like "GET". in SYSTEMPATH/Router/RouteCollection.php on line 1026.
 1 SYSTEMPATH/Router/RouteCollection.php(1026): trigger_error('Passing lowercase HTTP method "get" is deprecated. Use uppercase HTTP method like "GET".', 16384)
 2 APPPATH/Config/Routes.php(148): CodeIgniter\Router\RouteCollection->match([...], 'mesociclos/(:num)/bloque/nuevo', 'GimnasioMesociclos::bloqueNuevo/$1')
 3 SYSTEMPATH/Router/RouteCollection.php(799): CodeIgniter\Router\RouteCollection::{closure}(Object(CodeIgniter\Router\RouteCollection))
 4 APPPATH/Config/Routes.php(144): CodeIgniter\Router\RouteCollection->group('gimnasio', [...], Object(Closure))
 5 SYSTEMPATH/Router/RouteCollection.php(339): require('/Applications/ServBay/www/trackbitos/app/Config/Routes.php')
 6 SYSTEMPATH/CodeIgniter.php(821): CodeIgniter\Router\RouteCollection->loadRoutes()
 7 SYSTEMPATH/CodeIgniter.php(455): CodeIgniter\CodeIgniter->tryToRouteIt(null)
 8 SYSTEMPATH/CodeIgniter.php(354): CodeIgniter\CodeIgniter->handleRequest(null, Object(Config\Cache), false)
 9 SYSTEMPATH/Boot.php(363): CodeIgniter\CodeIgniter->run()
10 SYSTEMPATH/Boot.php(68): CodeIgniter\Boot::runCodeIgniter(Object(CodeIgniter\CodeIgniter))
11 FCPATH/index.php(59): CodeIgniter\Boot::bootWeb(Object(Config\Paths))
WARNING - 2025-09-18 15:36:17 --> [DEPRECATED] Passing lowercase HTTP method "post" is deprecated. Use uppercase HTTP method like "POST". in SYSTEMPATH/Router/RouteCollection.php on line 1026.
 1 SYSTEMPATH/Router/RouteCollection.php(1026): trigger_error('Passing lowercase HTTP method "post" is deprecated. Use uppercase HTTP method like "POST".', 16384)
 2 APPPATH/Config/Routes.php(148): CodeIgniter\Router\RouteCollection->match([...], 'mesociclos/(:num)/bloque/nuevo', 'GimnasioMesociclos::bloqueNuevo/$1')
 3 SYSTEMPATH/Router/RouteCollection.php(799): CodeIgniter\Router\RouteCollection::{closure}(Object(CodeIgniter\Router\RouteCollection))
 4 APPPATH/Config/Routes.php(144): CodeIgniter\Router\RouteCollection->group('gimnasio', [...], Object(Closure))
 5 SYSTEMPATH/Router/RouteCollection.php(339): require('/Applications/ServBay/www/trackbitos/app/Config/Routes.php')
 6 SYSTEMPATH/CodeIgniter.php(821): CodeIgniter\Router\RouteCollection->loadRoutes()
 7 SYSTEMPATH/CodeIgniter.php(455): CodeIgniter\CodeIgniter->tryToRouteIt(null)
 8 SYSTEMPATH/CodeIgniter.php(354): CodeIgniter\CodeIgniter->handleRequest(null, Object(Config\Cache), false)
 9 SYSTEMPATH/Boot.php(363): CodeIgniter\CodeIgniter->run()
10 SYSTEMPATH/Boot.php(68): CodeIgniter\Boot::runCodeIgniter(Object(CodeIgniter\CodeIgniter))
11 FCPATH/index.php(59): CodeIgniter\Boot::bootWeb(Object(Config\Paths))
WARNING - 2025-09-18 15:36:17 --> [DEPRECATED] Passing lowercase HTTP method "get" is deprecated. Use uppercase HTTP method like "GET". in SYSTEMPATH/Router/RouteCollection.php on line 1026.
 1 SYSTEMPATH/Router/RouteCollection.php(1026): trigger_error('Passing lowercase HTTP method "get" is deprecated. Use uppercase HTTP method like "GET".', 16384)
 2 APPPATH/Config/Routes.php(150): CodeIgniter\Router\RouteCollection->match([...], 'mesociclos/(:num)/asignar/(:num)', 'GimnasioMesociclos::asignar/$1/$2')
 3 SYSTEMPATH/Router/RouteCollection.php(799): CodeIgniter\Router\RouteCollection::{closure}(Object(CodeIgniter\Router\RouteCollection))
 4 APPPATH/Config/Routes.php(144): CodeIgniter\Router\RouteCollection->group('gimnasio', [...], Object(Closure))
 5 SYSTEMPATH/Router/RouteCollection.php(339): require('/Applications/ServBay/www/trackbitos/app/Config/Routes.php')
 6 SYSTEMPATH/CodeIgniter.php(821): CodeIgniter\Router\RouteCollection->loadRoutes()
 7 SYSTEMPATH/CodeIgniter.php(455): CodeIgniter\CodeIgniter->tryToRouteIt(null)
 8 SYSTEMPATH/CodeIgniter.php(354): CodeIgniter\CodeIgniter->handleRequest(null, Object(Config\Cache), false)
 9 SYSTEMPATH/Boot.php(363): CodeIgniter\CodeIgniter->run()
10 SYSTEMPATH/Boot.php(68): CodeIgniter\Boot::runCodeIgniter(Object(CodeIgniter\CodeIgniter))
11 FCPATH/index.php(59): CodeIgniter\Boot::bootWeb(Object(Config\Paths))
WARNING - 2025-09-18 15:36:17 --> [DEPRECATED] Passing lowercase HTTP method "post" is deprecated. Use uppercase HTTP method like "POST". in SYSTEMPATH/Router/RouteCollection.php on line 1026.
 1 SYSTEMPATH/Router/RouteCollection.php(1026): trigger_error('Passing lowercase HTTP method "post" is deprecated. Use uppercase HTTP method like "POST".', 16384)
 2 APPPATH/Config/Routes.php(150): CodeIgniter\Router\RouteCollection->match([...], 'mesociclos/(:num)/asignar/(:num)', 'GimnasioMesociclos::asignar/$1/$2')
 3 SYSTEMPATH/Router/RouteCollection.php(799): CodeIgniter\Router\RouteCollection::{closure}(Object(CodeIgniter\Router\RouteCollection))
 4 APPPATH/Config/Routes.php(144): CodeIgniter\Router\RouteCollection->group('gimnasio', [...], Object(Closure))
 5 SYSTEMPATH/Router/RouteCollection.php(339): require('/Applications/ServBay/www/trackbitos/app/Config/Routes.php')
 6 SYSTEMPATH/CodeIgniter.php(821): CodeIgniter\Router\RouteCollection->loadRoutes()
 7 SYSTEMPATH/CodeIgniter.php(455): CodeIgniter\CodeIgniter->tryToRouteIt(null)
 8 SYSTEMPATH/CodeIgniter.php(354): CodeIgniter\CodeIgniter->handleRequest(null, Object(Config\Cache), false)
 9 SYSTEMPATH/Boot.php(363): CodeIgniter\CodeIgniter->run()
10 SYSTEMPATH/Boot.php(68): CodeIgniter\Boot::runCodeIgniter(Object(CodeIgniter\CodeIgniter))
11 FCPATH/index.php(59): CodeIgniter\Boot::bootWeb(Object(Config\Paths))
WARNING - 2025-09-18 15:36:17 --> [DEPRECATED] Passing lowercase HTTP method "get" is deprecated. Use uppercase HTTP method like "GET". in SYSTEMPATH/Router/RouteCollection.php on line 1026.
 1 SYSTEMPATH/Router/RouteCollection.php(1026): trigger_error('Passing lowercase HTTP method "get" is deprecated. Use uppercase HTTP method like "GET".', 16384)
 2 APPPATH/Config/Routes.php(153): CodeIgniter\Router\RouteCollection->match([...], 'mesociclos/(:num)/generar', 'GimnasioMesociclos::generar/$1')
 3 SYSTEMPATH/Router/RouteCollection.php(799): CodeIgniter\Router\RouteCollection::{closure}(Object(CodeIgniter\Router\RouteCollection))
 4 APPPATH/Config/Routes.php(144): CodeIgniter\Router\RouteCollection->group('gimnasio', [...], Object(Closure))
 5 SYSTEMPATH/Router/RouteCollection.php(339): require('/Applications/ServBay/www/trackbitos/app/Config/Routes.php')
 6 SYSTEMPATH/CodeIgniter.php(821): CodeIgniter\Router\RouteCollection->loadRoutes()
 7 SYSTEMPATH/CodeIgniter.php(455): CodeIgniter\CodeIgniter->tryToRouteIt(null)
 8 SYSTEMPATH/CodeIgniter.php(354): CodeIgniter\CodeIgniter->handleRequest(null, Object(Config\Cache), false)
 9 SYSTEMPATH/Boot.php(363): CodeIgniter\CodeIgniter->run()
10 SYSTEMPATH/Boot.php(68): CodeIgniter\Boot::runCodeIgniter(Object(CodeIgniter\CodeIgniter))
11 FCPATH/index.php(59): CodeIgniter\Boot::bootWeb(Object(Config\Paths))
WARNING - 2025-09-18 15:36:17 --> [DEPRECATED] Passing lowercase HTTP method "post" is deprecated. Use uppercase HTTP method like "POST". in SYSTEMPATH/Router/RouteCollection.php on line 1026.
 1 SYSTEMPATH/Router/RouteCollection.php(1026): trigger_error('Passing lowercase HTTP method "post" is deprecated. Use uppercase HTTP method like "POST".', 16384)
 2 APPPATH/Config/Routes.php(153): CodeIgniter\Router\RouteCollection->match([...], 'mesociclos/(:num)/generar', 'GimnasioMesociclos::generar/$1')
 3 SYSTEMPATH/Router/RouteCollection.php(799): CodeIgniter\Router\RouteCollection::{closure}(Object(CodeIgniter\Router\RouteCollection))
 4 APPPATH/Config/Routes.php(144): CodeIgniter\Router\RouteCollection->group('gimnasio', [...], Object(Closure))
 5 SYSTEMPATH/Router/RouteCollection.php(339): require('/Applications/ServBay/www/trackbitos/app/Config/Routes.php')
 6 SYSTEMPATH/CodeIgniter.php(821): CodeIgniter\Router\RouteCollection->loadRoutes()
 7 SYSTEMPATH/CodeIgniter.php(455): CodeIgniter\CodeIgniter->tryToRouteIt(null)
 8 SYSTEMPATH/CodeIgniter.php(354): CodeIgniter\CodeIgniter->handleRequest(null, Object(Config\Cache), false)
 9 SYSTEMPATH/Boot.php(363): CodeIgniter\CodeIgniter->run()
10 SYSTEMPATH/Boot.php(68): CodeIgniter\Boot::runCodeIgniter(Object(CodeIgniter\CodeIgniter))
11 FCPATH/index.php(59): CodeIgniter\Boot::bootWeb(Object(Config\Paths))
WARNING - 2025-09-18 15:36:17 --> [DEPRECATED] Passing lowercase HTTP method "get" is deprecated. Use uppercase HTTP method like "GET". in SYSTEMPATH/Router/RouteCollection.php on line 1026.
 1 SYSTEMPATH/Router/RouteCollection.php(1026): trigger_error('Passing lowercase HTTP method "get" is deprecated. Use uppercase HTTP method like "GET".', 16384)
 2 APPPATH/Config/Routes.php(161): CodeIgniter\Router\RouteCollection->match([...], 'mesociclos/(:num)/generar/bilbo', 'GimnasioMesociclos::generarBilbo/$1')
 3 SYSTEMPATH/Router/RouteCollection.php(799): CodeIgniter\Router\RouteCollection::{closure}(Object(CodeIgniter\Router\RouteCollection))
 4 APPPATH/Config/Routes.php(144): CodeIgniter\Router\RouteCollection->group('gimnasio', [...], Object(Closure))
 5 SYSTEMPATH/Router/RouteCollection.php(339): require('/Applications/ServBay/www/trackbitos/app/Config/Routes.php')
 6 SYSTEMPATH/CodeIgniter.php(821): CodeIgniter\Router\RouteCollection->loadRoutes()
 7 SYSTEMPATH/CodeIgniter.php(455): CodeIgniter\CodeIgniter->tryToRouteIt(null)
 8 SYSTEMPATH/CodeIgniter.php(354): CodeIgniter\CodeIgniter->handleRequest(null, Object(Config\Cache), false)
 9 SYSTEMPATH/Boot.php(363): CodeIgniter\CodeIgniter->run()
10 SYSTEMPATH/Boot.php(68): CodeIgniter\Boot::runCodeIgniter(Object(CodeIgniter\CodeIgniter))
11 FCPATH/index.php(59): CodeIgniter\Boot::bootWeb(Object(Config\Paths))
WARNING - 2025-09-18 15:36:17 --> [DEPRECATED] Passing lowercase HTTP method "post" is deprecated. Use uppercase HTTP method like "POST". in SYSTEMPATH/Router/RouteCollection.php on line 1026.
 1 SYSTEMPATH/Router/RouteCollection.php(1026): trigger_error('Passing lowercase HTTP method "post" is deprecated. Use uppercase HTTP method like "POST".', 16384)
 2 APPPATH/Config/Routes.php(161): CodeIgniter\Router\RouteCollection->match([...], 'mesociclos/(:num)/generar/bilbo', 'GimnasioMesociclos::generarBilbo/$1')
 3 SYSTEMPATH/Router/RouteCollection.php(799): CodeIgniter\Router\RouteCollection::{closure}(Object(CodeIgniter\Router\RouteCollection))
 4 APPPATH/Config/Routes.php(144): CodeIgniter\Router\RouteCollection->group('gimnasio', [...], Object(Closure))
 5 SYSTEMPATH/Router/RouteCollection.php(339): require('/Applications/ServBay/www/trackbitos/app/Config/Routes.php')
 6 SYSTEMPATH/CodeIgniter.php(821): CodeIgniter\Router\RouteCollection->loadRoutes()
 7 SYSTEMPATH/CodeIgniter.php(455): CodeIgniter\CodeIgniter->tryToRouteIt(null)
 8 SYSTEMPATH/CodeIgniter.php(354): CodeIgniter\CodeIgniter->handleRequest(null, Object(Config\Cache), false)
 9 SYSTEMPATH/Boot.php(363): CodeIgniter\CodeIgniter->run()
10 SYSTEMPATH/Boot.php(68): CodeIgniter\Boot::runCodeIgniter(Object(CodeIgniter\CodeIgniter))
11 FCPATH/index.php(59): CodeIgniter\Boot::bootWeb(Object(Config\Paths))
WARNING - 2025-09-18 15:36:17 --> [DEPRECATED] Passing lowercase HTTP method "get" is deprecated. Use uppercase HTTP method like "GET". in SYSTEMPATH/Router/RouteCollection.php on line 1026.
 1 SYSTEMPATH/Router/RouteCollection.php(1026): trigger_error('Passing lowercase HTTP method "get" is deprecated. Use uppercase HTTP method like "GET".', 16384)
 2 APPPATH/Config/Routes.php(261): CodeIgniter\Router\RouteCollection->match([...], 'crear', 'Youtube::crearLista')
 3 SYSTEMPATH/Router/RouteCollection.php(799): CodeIgniter\Router\RouteCollection::{closure}(Object(CodeIgniter\Router\RouteCollection))
 4 APPPATH/Config/Routes.php(259): CodeIgniter\Router\RouteCollection->group('youtube', [...], Object(Closure))
 5 SYSTEMPATH/Router/RouteCollection.php(339): require('/Applications/ServBay/www/trackbitos/app/Config/Routes.php')
 6 SYSTEMPATH/CodeIgniter.php(821): CodeIgniter\Router\RouteCollection->loadRoutes()
 7 SYSTEMPATH/CodeIgniter.php(455): CodeIgniter\CodeIgniter->tryToRouteIt(null)
 8 SYSTEMPATH/CodeIgniter.php(354): CodeIgniter\CodeIgniter->handleRequest(null, Object(Config\Cache), false)
 9 SYSTEMPATH/Boot.php(363): CodeIgniter\CodeIgniter->run()
10 SYSTEMPATH/Boot.php(68): CodeIgniter\Boot::runCodeIgniter(Object(CodeIgniter\CodeIgniter))
11 FCPATH/index.php(59): CodeIgniter\Boot::bootWeb(Object(Config\Paths))
WARNING - 2025-09-18 15:36:17 --> [DEPRECATED] Passing lowercase HTTP method "post" is deprecated. Use uppercase HTTP method like "POST". in SYSTEMPATH/Router/RouteCollection.php on line 1026.
 1 SYSTEMPATH/Router/RouteCollection.php(1026): trigger_error('Passing lowercase HTTP method "post" is deprecated. Use uppercase HTTP method like "POST".', 16384)
 2 APPPATH/Config/Routes.php(261): CodeIgniter\Router\RouteCollection->match([...], 'crear', 'Youtube::crearLista')
 3 SYSTEMPATH/Router/RouteCollection.php(799): CodeIgniter\Router\RouteCollection::{closure}(Object(CodeIgniter\Router\RouteCollection))
 4 APPPATH/Config/Routes.php(259): CodeIgniter\Router\RouteCollection->group('youtube', [...], Object(Closure))
 5 SYSTEMPATH/Router/RouteCollection.php(339): require('/Applications/ServBay/www/trackbitos/app/Config/Routes.php')
 6 SYSTEMPATH/CodeIgniter.php(821): CodeIgniter\Router\RouteCollection->loadRoutes()
 7 SYSTEMPATH/CodeIgniter.php(455): CodeIgniter\CodeIgniter->tryToRouteIt(null)
 8 SYSTEMPATH/CodeIgniter.php(354): CodeIgniter\CodeIgniter->handleRequest(null, Object(Config\Cache), false)
 9 SYSTEMPATH/Boot.php(363): CodeIgniter\CodeIgniter->run()
10 SYSTEMPATH/Boot.php(68): CodeIgniter\Boot::runCodeIgniter(Object(CodeIgniter\CodeIgniter))
11 FCPATH/index.php(59): CodeIgniter\Boot::bootWeb(Object(Config\Paths))
DEBUG - 2025-09-18 15:36:17 --> Session: Class initialized using 'CodeIgniter\Session\Handlers\FileHandler' driver.
WARNING - 2025-09-18 15:36:19 --> [DEPRECATED] Passing lowercase HTTP method "get" is deprecated. Use uppercase HTTP method like "GET". in SYSTEMPATH/Router/RouteCollection.php on line 1026.
 1 SYSTEMPATH/Router/RouteCollection.php(1026): trigger_error('Passing lowercase HTTP method "get" is deprecated. Use uppercase HTTP method like "GET".', 16384)
 2 APPPATH/Config/Routes.php(146): CodeIgniter\Router\RouteCollection->match([...], 'mesociclos/nuevo', 'GimnasioMesociclos::nuevo')
 3 SYSTEMPATH/Router/RouteCollection.php(799): CodeIgniter\Router\RouteCollection::{closure}(Object(CodeIgniter\Router\RouteCollection))
 4 APPPATH/Config/Routes.php(144): CodeIgniter\Router\RouteCollection->group('gimnasio', [...], Object(Closure))
 5 SYSTEMPATH/Router/RouteCollection.php(339): require('/Applications/ServBay/www/trackbitos/app/Config/Routes.php')
 6 SYSTEMPATH/CodeIgniter.php(821): CodeIgniter\Router\RouteCollection->loadRoutes()
 7 SYSTEMPATH/CodeIgniter.php(455): CodeIgniter\CodeIgniter->tryToRouteIt(null)
 8 SYSTEMPATH/CodeIgniter.php(354): CodeIgniter\CodeIgniter->handleRequest(null, Object(Config\Cache), false)
 9 SYSTEMPATH/Boot.php(363): CodeIgniter\CodeIgniter->run()
10 SYSTEMPATH/Boot.php(68): CodeIgniter\Boot::runCodeIgniter(Object(CodeIgniter\CodeIgniter))
11 FCPATH/index.php(59): CodeIgniter\Boot::bootWeb(Object(Config\Paths))
WARNING - 2025-09-18 15:36:19 --> [DEPRECATED] Passing lowercase HTTP method "post" is deprecated. Use uppercase HTTP method like "POST". in SYSTEMPATH/Router/RouteCollection.php on line 1026.
 1 SYSTEMPATH/Router/RouteCollection.php(1026): trigger_error('Passing lowercase HTTP method "post" is deprecated. Use uppercase HTTP method like "POST".', 16384)
 2 APPPATH/Config/Routes.php(146): CodeIgniter\Router\RouteCollection->match([...], 'mesociclos/nuevo', 'GimnasioMesociclos::nuevo')
 3 SYSTEMPATH/Router/RouteCollection.php(799): CodeIgniter\Router\RouteCollection::{closure}(Object(CodeIgniter\Router\RouteCollection))
 4 APPPATH/Config/Routes.php(144): CodeIgniter\Router\RouteCollection->group('gimnasio', [...], Object(Closure))
 5 SYSTEMPATH/Router/RouteCollection.php(339): require('/Applications/ServBay/www/trackbitos/app/Config/Routes.php')
 6 SYSTEMPATH/CodeIgniter.php(821): CodeIgniter\Router\RouteCollection->loadRoutes()
 7 SYSTEMPATH/CodeIgniter.php(455): CodeIgniter\CodeIgniter->tryToRouteIt(null)
 8 SYSTEMPATH/CodeIgniter.php(354): CodeIgniter\CodeIgniter->handleRequest(null, Object(Config\Cache), false)
 9 SYSTEMPATH/Boot.php(363): CodeIgniter\CodeIgniter->run()
10 SYSTEMPATH/Boot.php(68): CodeIgniter\Boot::runCodeIgniter(Object(CodeIgniter\CodeIgniter))
11 FCPATH/index.php(59): CodeIgniter\Boot::bootWeb(Object(Config\Paths))
WARNING - 2025-09-18 15:36:19 --> [DEPRECATED] Passing lowercase HTTP method "get" is deprecated. Use uppercase HTTP method like "GET". in SYSTEMPATH/Router/RouteCollection.php on line 1026.
 1 SYSTEMPATH/Router/RouteCollection.php(1026): trigger_error('Passing lowercase HTTP method "get" is deprecated. Use uppercase HTTP method like "GET".', 16384)
 2 APPPATH/Config/Routes.php(148): CodeIgniter\Router\RouteCollection->match([...], 'mesociclos/(:num)/bloque/nuevo', 'GimnasioMesociclos::bloqueNuevo/$1')
 3 SYSTEMPATH/Router/RouteCollection.php(799): CodeIgniter\Router\RouteCollection::{closure}(Object(CodeIgniter\Router\RouteCollection))
 4 APPPATH/Config/Routes.php(144): CodeIgniter\Router\RouteCollection->group('gimnasio', [...], Object(Closure))
 5 SYSTEMPATH/Router/RouteCollection.php(339): require('/Applications/ServBay/www/trackbitos/app/Config/Routes.php')
 6 SYSTEMPATH/CodeIgniter.php(821): CodeIgniter\Router\RouteCollection->loadRoutes()
 7 SYSTEMPATH/CodeIgniter.php(455): CodeIgniter\CodeIgniter->tryToRouteIt(null)
 8 SYSTEMPATH/CodeIgniter.php(354): CodeIgniter\CodeIgniter->handleRequest(null, Object(Config\Cache), false)
 9 SYSTEMPATH/Boot.php(363): CodeIgniter\CodeIgniter->run()
10 SYSTEMPATH/Boot.php(68): CodeIgniter\Boot::runCodeIgniter(Object(CodeIgniter\CodeIgniter))
11 FCPATH/index.php(59): CodeIgniter\Boot::bootWeb(Object(Config\Paths))
WARNING - 2025-09-18 15:36:19 --> [DEPRECATED] Passing lowercase HTTP method "post" is deprecated. Use uppercase HTTP method like "POST". in SYSTEMPATH/Router/RouteCollection.php on line 1026.
 1 SYSTEMPATH/Router/RouteCollection.php(1026): trigger_error('Passing lowercase HTTP method "post" is deprecated. Use uppercase HTTP method like "POST".', 16384)
 2 APPPATH/Config/Routes.php(148): CodeIgniter\Router\RouteCollection->match([...], 'mesociclos/(:num)/bloque/nuevo', 'GimnasioMesociclos::bloqueNuevo/$1')
 3 SYSTEMPATH/Router/RouteCollection.php(799): CodeIgniter\Router\RouteCollection::{closure}(Object(CodeIgniter\Router\RouteCollection))
 4 APPPATH/Config/Routes.php(144): CodeIgniter\Router\RouteCollection->group('gimnasio', [...], Object(Closure))
 5 SYSTEMPATH/Router/RouteCollection.php(339): require('/Applications/ServBay/www/trackbitos/app/Config/Routes.php')
 6 SYSTEMPATH/CodeIgniter.php(821): CodeIgniter\Router\RouteCollection->loadRoutes()
 7 SYSTEMPATH/CodeIgniter.php(455): CodeIgniter\CodeIgniter->tryToRouteIt(null)
 8 SYSTEMPATH/CodeIgniter.php(354): CodeIgniter\CodeIgniter->handleRequest(null, Object(Config\Cache), false)
 9 SYSTEMPATH/Boot.php(363): CodeIgniter\CodeIgniter->run()
10 SYSTEMPATH/Boot.php(68): CodeIgniter\Boot::runCodeIgniter(Object(CodeIgniter\CodeIgniter))
11 FCPATH/index.php(59): CodeIgniter\Boot::bootWeb(Object(Config\Paths))
WARNING - 2025-09-18 15:36:19 --> [DEPRECATED] Passing lowercase HTTP method "get" is deprecated. Use uppercase HTTP method like "GET". in SYSTEMPATH/Router/RouteCollection.php on line 1026.
 1 SYSTEMPATH/Router/RouteCollection.php(1026): trigger_error('Passing lowercase HTTP method "get" is deprecated. Use uppercase HTTP method like "GET".', 16384)
 2 APPPATH/Config/Routes.php(150): CodeIgniter\Router\RouteCollection->match([...], 'mesociclos/(:num)/asignar/(:num)', 'GimnasioMesociclos::asignar/$1/$2')
 3 SYSTEMPATH/Router/RouteCollection.php(799): CodeIgniter\Router\RouteCollection::{closure}(Object(CodeIgniter\Router\RouteCollection))
 4 APPPATH/Config/Routes.php(144): CodeIgniter\Router\RouteCollection->group('gimnasio', [...], Object(Closure))
 5 SYSTEMPATH/Router/RouteCollection.php(339): require('/Applications/ServBay/www/trackbitos/app/Config/Routes.php')
 6 SYSTEMPATH/CodeIgniter.php(821): CodeIgniter\Router\RouteCollection->loadRoutes()
 7 SYSTEMPATH/CodeIgniter.php(455): CodeIgniter\CodeIgniter->tryToRouteIt(null)
 8 SYSTEMPATH/CodeIgniter.php(354): CodeIgniter\CodeIgniter->handleRequest(null, Object(Config\Cache), false)
 9 SYSTEMPATH/Boot.php(363): CodeIgniter\CodeIgniter->run()
10 SYSTEMPATH/Boot.php(68): CodeIgniter\Boot::runCodeIgniter(Object(CodeIgniter\CodeIgniter))
11 FCPATH/index.php(59): CodeIgniter\Boot::bootWeb(Object(Config\Paths))
WARNING - 2025-09-18 15:36:19 --> [DEPRECATED] Passing lowercase HTTP method "post" is deprecated. Use uppercase HTTP method like "POST". in SYSTEMPATH/Router/RouteCollection.php on line 1026.
 1 SYSTEMPATH/Router/RouteCollection.php(1026): trigger_error('Passing lowercase HTTP method "post" is deprecated. Use uppercase HTTP method like "POST".', 16384)
 2 APPPATH/Config/Routes.php(150): CodeIgniter\Router\RouteCollection->match([...], 'mesociclos/(:num)/asignar/(:num)', 'GimnasioMesociclos::asignar/$1/$2')
 3 SYSTEMPATH/Router/RouteCollection.php(799): CodeIgniter\Router\RouteCollection::{closure}(Object(CodeIgniter\Router\RouteCollection))
 4 APPPATH/Config/Routes.php(144): CodeIgniter\Router\RouteCollection->group('gimnasio', [...], Object(Closure))
 5 SYSTEMPATH/Router/RouteCollection.php(339): require('/Applications/ServBay/www/trackbitos/app/Config/Routes.php')
 6 SYSTEMPATH/CodeIgniter.php(821): CodeIgniter\Router\RouteCollection->loadRoutes()
 7 SYSTEMPATH/CodeIgniter.php(455): CodeIgniter\CodeIgniter->tryToRouteIt(null)
 8 SYSTEMPATH/CodeIgniter.php(354): CodeIgniter\CodeIgniter->handleRequest(null, Object(Config\Cache), false)
 9 SYSTEMPATH/Boot.php(363): CodeIgniter\CodeIgniter->run()
10 SYSTEMPATH/Boot.php(68): CodeIgniter\Boot::runCodeIgniter(Object(CodeIgniter\CodeIgniter))
11 FCPATH/index.php(59): CodeIgniter\Boot::bootWeb(Object(Config\Paths))
WARNING - 2025-09-18 15:36:19 --> [DEPRECATED] Passing lowercase HTTP method "get" is deprecated. Use uppercase HTTP method like "GET". in SYSTEMPATH/Router/RouteCollection.php on line 1026.
 1 SYSTEMPATH/Router/RouteCollection.php(1026): trigger_error('Passing lowercase HTTP method "get" is deprecated. Use uppercase HTTP method like "GET".', 16384)
 2 APPPATH/Config/Routes.php(153): CodeIgniter\Router\RouteCollection->match([...], 'mesociclos/(:num)/generar', 'GimnasioMesociclos::generar/$1')
 3 SYSTEMPATH/Router/RouteCollection.php(799): CodeIgniter\Router\RouteCollection::{closure}(Object(CodeIgniter\Router\RouteCollection))
 4 APPPATH/Config/Routes.php(144): CodeIgniter\Router\RouteCollection->group('gimnasio', [...], Object(Closure))
 5 SYSTEMPATH/Router/RouteCollection.php(339): require('/Applications/ServBay/www/trackbitos/app/Config/Routes.php')
 6 SYSTEMPATH/CodeIgniter.php(821): CodeIgniter\Router\RouteCollection->loadRoutes()
 7 SYSTEMPATH/CodeIgniter.php(455): CodeIgniter\CodeIgniter->tryToRouteIt(null)
 8 SYSTEMPATH/CodeIgniter.php(354): CodeIgniter\CodeIgniter->handleRequest(null, Object(Config\Cache), false)
 9 SYSTEMPATH/Boot.php(363): CodeIgniter\CodeIgniter->run()
10 SYSTEMPATH/Boot.php(68): CodeIgniter\Boot::runCodeIgniter(Object(CodeIgniter\CodeIgniter))
11 FCPATH/index.php(59): CodeIgniter\Boot::bootWeb(Object(Config\Paths))
WARNING - 2025-09-18 15:36:19 --> [DEPRECATED] Passing lowercase HTTP method "post" is deprecated. Use uppercase HTTP method like "POST". in SYSTEMPATH/Router/RouteCollection.php on line 1026.
 1 SYSTEMPATH/Router/RouteCollection.php(1026): trigger_error('Passing lowercase HTTP method "post" is deprecated. Use uppercase HTTP method like "POST".', 16384)
 2 APPPATH/Config/Routes.php(153): CodeIgniter\Router\RouteCollection->match([...], 'mesociclos/(:num)/generar', 'GimnasioMesociclos::generar/$1')
 3 SYSTEMPATH/Router/RouteCollection.php(799): CodeIgniter\Router\RouteCollection::{closure}(Object(CodeIgniter\Router\RouteCollection))
 4 APPPATH/Config/Routes.php(144): CodeIgniter\Router\RouteCollection->group('gimnasio', [...], Object(Closure))
 5 SYSTEMPATH/Router/RouteCollection.php(339): require('/Applications/ServBay/www/trackbitos/app/Config/Routes.php')
 6 SYSTEMPATH/CodeIgniter.php(821): CodeIgniter\Router\RouteCollection->loadRoutes()
 7 SYSTEMPATH/CodeIgniter.php(455): CodeIgniter\CodeIgniter->tryToRouteIt(null)
 8 SYSTEMPATH/CodeIgniter.php(354): CodeIgniter\CodeIgniter->handleRequest(null, Object(Config\Cache), false)
 9 SYSTEMPATH/Boot.php(363): CodeIgniter\CodeIgniter->run()
10 SYSTEMPATH/Boot.php(68): CodeIgniter\Boot::runCodeIgniter(Object(CodeIgniter\CodeIgniter))
11 FCPATH/index.php(59): CodeIgniter\Boot::bootWeb(Object(Config\Paths))
WARNING - 2025-09-18 15:36:19 --> [DEPRECATED] Passing lowercase HTTP method "get" is deprecated. Use uppercase HTTP method like "GET". in SYSTEMPATH/Router/RouteCollection.php on line 1026.
 1 SYSTEMPATH/Router/RouteCollection.php(1026): trigger_error('Passing lowercase HTTP method "get" is deprecated. Use uppercase HTTP method like "GET".', 16384)
 2 APPPATH/Config/Routes.php(161): CodeIgniter\Router\RouteCollection->match([...], 'mesociclos/(:num)/generar/bilbo', 'GimnasioMesociclos::generarBilbo/$1')
 3 SYSTEMPATH/Router/RouteCollection.php(799): CodeIgniter\Router\RouteCollection::{closure}(Object(CodeIgniter\Router\RouteCollection))
 4 APPPATH/Config/Routes.php(144): CodeIgniter\Router\RouteCollection->group('gimnasio', [...], Object(Closure))
 5 SYSTEMPATH/Router/RouteCollection.php(339): require('/Applications/ServBay/www/trackbitos/app/Config/Routes.php')
 6 SYSTEMPATH/CodeIgniter.php(821): CodeIgniter\Router\RouteCollection->loadRoutes()
 7 SYSTEMPATH/CodeIgniter.php(455): CodeIgniter\CodeIgniter->tryToRouteIt(null)
 8 SYSTEMPATH/CodeIgniter.php(354): CodeIgniter\CodeIgniter->handleRequest(null, Object(Config\Cache), false)
 9 SYSTEMPATH/Boot.php(363): CodeIgniter\CodeIgniter->run()
10 SYSTEMPATH/Boot.php(68): CodeIgniter\Boot::runCodeIgniter(Object(CodeIgniter\CodeIgniter))
11 FCPATH/index.php(59): CodeIgniter\Boot::bootWeb(Object(Config\Paths))
WARNING - 2025-09-18 15:36:19 --> [DEPRECATED] Passing lowercase HTTP method "post" is deprecated. Use uppercase HTTP method like "POST". in SYSTEMPATH/Router/RouteCollection.php on line 1026.
 1 SYSTEMPATH/Router/RouteCollection.php(1026): trigger_error('Passing lowercase HTTP method "post" is deprecated. Use uppercase HTTP method like "POST".', 16384)
 2 APPPATH/Config/Routes.php(161): CodeIgniter\Router\RouteCollection->match([...], 'mesociclos/(:num)/generar/bilbo', 'GimnasioMesociclos::generarBilbo/$1')
 3 SYSTEMPATH/Router/RouteCollection.php(799): CodeIgniter\Router\RouteCollection::{closure}(Object(CodeIgniter\Router\RouteCollection))
 4 APPPATH/Config/Routes.php(144): CodeIgniter\Router\RouteCollection->group('gimnasio', [...], Object(Closure))
 5 SYSTEMPATH/Router/RouteCollection.php(339): require('/Applications/ServBay/www/trackbitos/app/Config/Routes.php')
 6 SYSTEMPATH/CodeIgniter.php(821): CodeIgniter\Router\RouteCollection->loadRoutes()
 7 SYSTEMPATH/CodeIgniter.php(455): CodeIgniter\CodeIgniter->tryToRouteIt(null)
 8 SYSTEMPATH/CodeIgniter.php(354): CodeIgniter\CodeIgniter->handleRequest(null, Object(Config\Cache), false)
 9 SYSTEMPATH/Boot.php(363): CodeIgniter\CodeIgniter->run()
10 SYSTEMPATH/Boot.php(68): CodeIgniter\Boot::runCodeIgniter(Object(CodeIgniter\CodeIgniter))
11 FCPATH/index.php(59): CodeIgniter\Boot::bootWeb(Object(Config\Paths))
WARNING - 2025-09-18 15:36:19 --> [DEPRECATED] Passing lowercase HTTP method "get" is deprecated. Use uppercase HTTP method like "GET". in SYSTEMPATH/Router/RouteCollection.php on line 1026.
 1 SYSTEMPATH/Router/RouteCollection.php(1026): trigger_error('Passing lowercase HTTP method "get" is deprecated. Use uppercase HTTP method like "GET".', 16384)
 2 APPPATH/Config/Routes.php(261): CodeIgniter\Router\RouteCollection->match([...], 'crear', 'Youtube::crearLista')
 3 SYSTEMPATH/Router/RouteCollection.php(799): CodeIgniter\Router\RouteCollection::{closure}(Object(CodeIgniter\Router\RouteCollection))
 4 APPPATH/Config/Routes.php(259): CodeIgniter\Router\RouteCollection->group('youtube', [...], Object(Closure))
 5 SYSTEMPATH/Router/RouteCollection.php(339): require('/Applications/ServBay/www/trackbitos/app/Config/Routes.php')
 6 SYSTEMPATH/CodeIgniter.php(821): CodeIgniter\Router\RouteCollection->loadRoutes()
 7 SYSTEMPATH/CodeIgniter.php(455): CodeIgniter\CodeIgniter->tryToRouteIt(null)
 8 SYSTEMPATH/CodeIgniter.php(354): CodeIgniter\CodeIgniter->handleRequest(null, Object(Config\Cache), false)
 9 SYSTEMPATH/Boot.php(363): CodeIgniter\CodeIgniter->run()
10 SYSTEMPATH/Boot.php(68): CodeIgniter\Boot::runCodeIgniter(Object(CodeIgniter\CodeIgniter))
11 FCPATH/index.php(59): CodeIgniter\Boot::bootWeb(Object(Config\Paths))
WARNING - 2025-09-18 15:36:19 --> [DEPRECATED] Passing lowercase HTTP method "post" is deprecated. Use uppercase HTTP method like "POST". in SYSTEMPATH/Router/RouteCollection.php on line 1026.
 1 SYSTEMPATH/Router/RouteCollection.php(1026): trigger_error('Passing lowercase HTTP method "post" is deprecated. Use uppercase HTTP method like "POST".', 16384)
 2 APPPATH/Config/Routes.php(261): CodeIgniter\Router\RouteCollection->match([...], 'crear', 'Youtube::crearLista')
 3 SYSTEMPATH/Router/RouteCollection.php(799): CodeIgniter\Router\RouteCollection::{closure}(Object(CodeIgniter\Router\RouteCollection))
 4 APPPATH/Config/Routes.php(259): CodeIgniter\Router\RouteCollection->group('youtube', [...], Object(Closure))
 5 SYSTEMPATH/Router/RouteCollection.php(339): require('/Applications/ServBay/www/trackbitos/app/Config/Routes.php')
 6 SYSTEMPATH/CodeIgniter.php(821): CodeIgniter\Router\RouteCollection->loadRoutes()
 7 SYSTEMPATH/CodeIgniter.php(455): CodeIgniter\CodeIgniter->tryToRouteIt(null)
 8 SYSTEMPATH/CodeIgniter.php(354): CodeIgniter\CodeIgniter->handleRequest(null, Object(Config\Cache), false)
 9 SYSTEMPATH/Boot.php(363): CodeIgniter\CodeIgniter->run()
10 SYSTEMPATH/Boot.php(68): CodeIgniter\Boot::runCodeIgniter(Object(CodeIgniter\CodeIgniter))
11 FCPATH/index.php(59): CodeIgniter\Boot::bootWeb(Object(Config\Paths))
DEBUG - 2025-09-18 15:36:19 --> Session: Class initialized using 'CodeIgniter\Session\Handlers\FileHandler' driver.
WARNING - 2025-09-18 15:36:19 --> [DEPRECATED] Passing lowercase HTTP method "get" is deprecated. Use uppercase HTTP method like "GET". in SYSTEMPATH/Router/RouteCollection.php on line 1026.
 1 SYSTEMPATH/Router/RouteCollection.php(1026): trigger_error('Passing lowercase HTTP method "get" is deprecated. Use uppercase HTTP method like "GET".', 16384)
 2 APPPATH/Config/Routes.php(146): CodeIgniter\Router\RouteCollection->match([...], 'mesociclos/nuevo', 'GimnasioMesociclos::nuevo')
 3 SYSTEMPATH/Router/RouteCollection.php(799): CodeIgniter\Router\RouteCollection::{closure}(Object(CodeIgniter\Router\RouteCollection))
 4 APPPATH/Config/Routes.php(144): CodeIgniter\Router\RouteCollection->group('gimnasio', [...], Object(Closure))
 5 SYSTEMPATH/Router/RouteCollection.php(339): require('/Applications/ServBay/www/trackbitos/app/Config/Routes.php')
 6 SYSTEMPATH/CodeIgniter.php(821): CodeIgniter\Router\RouteCollection->loadRoutes()
 7 SYSTEMPATH/CodeIgniter.php(455): CodeIgniter\CodeIgniter->tryToRouteIt(null)
 8 SYSTEMPATH/CodeIgniter.php(354): CodeIgniter\CodeIgniter->handleRequest(null, Object(Config\Cache), false)
 9 SYSTEMPATH/Boot.php(363): CodeIgniter\CodeIgniter->run()
10 SYSTEMPATH/Boot.php(68): CodeIgniter\Boot::runCodeIgniter(Object(CodeIgniter\CodeIgniter))
11 FCPATH/index.php(59): CodeIgniter\Boot::bootWeb(Object(Config\Paths))
WARNING - 2025-09-18 15:36:19 --> [DEPRECATED] Passing lowercase HTTP method "post" is deprecated. Use uppercase HTTP method like "POST". in SYSTEMPATH/Router/RouteCollection.php on line 1026.
 1 SYSTEMPATH/Router/RouteCollection.php(1026): trigger_error('Passing lowercase HTTP method "post" is deprecated. Use uppercase HTTP method like "POST".', 16384)
 2 APPPATH/Config/Routes.php(146): CodeIgniter\Router\RouteCollection->match([...], 'mesociclos/nuevo', 'GimnasioMesociclos::nuevo')
 3 SYSTEMPATH/Router/RouteCollection.php(799): CodeIgniter\Router\RouteCollection::{closure}(Object(CodeIgniter\Router\RouteCollection))
 4 APPPATH/Config/Routes.php(144): CodeIgniter\Router\RouteCollection->group('gimnasio', [...], Object(Closure))
 5 SYSTEMPATH/Router/RouteCollection.php(339): require('/Applications/ServBay/www/trackbitos/app/Config/Routes.php')
 6 SYSTEMPATH/CodeIgniter.php(821): CodeIgniter\Router\RouteCollection->loadRoutes()
 7 SYSTEMPATH/CodeIgniter.php(455): CodeIgniter\CodeIgniter->tryToRouteIt(null)
 8 SYSTEMPATH/CodeIgniter.php(354): CodeIgniter\CodeIgniter->handleRequest(null, Object(Config\Cache), false)
 9 SYSTEMPATH/Boot.php(363): CodeIgniter\CodeIgniter->run()
10 SYSTEMPATH/Boot.php(68): CodeIgniter\Boot::runCodeIgniter(Object(CodeIgniter\CodeIgniter))
11 FCPATH/index.php(59): CodeIgniter\Boot::bootWeb(Object(Config\Paths))
WARNING - 2025-09-18 15:36:19 --> [DEPRECATED] Passing lowercase HTTP method "get" is deprecated. Use uppercase HTTP method like "GET". in SYSTEMPATH/Router/RouteCollection.php on line 1026.
 1 SYSTEMPATH/Router/RouteCollection.php(1026): trigger_error('Passing lowercase HTTP method "get" is deprecated. Use uppercase HTTP method like "GET".', 16384)
 2 APPPATH/Config/Routes.php(148): CodeIgniter\Router\RouteCollection->match([...], 'mesociclos/(:num)/bloque/nuevo', 'GimnasioMesociclos::bloqueNuevo/$1')
 3 SYSTEMPATH/Router/RouteCollection.php(799): CodeIgniter\Router\RouteCollection::{closure}(Object(CodeIgniter\Router\RouteCollection))
 4 APPPATH/Config/Routes.php(144): CodeIgniter\Router\RouteCollection->group('gimnasio', [...], Object(Closure))
 5 SYSTEMPATH/Router/RouteCollection.php(339): require('/Applications/ServBay/www/trackbitos/app/Config/Routes.php')
 6 SYSTEMPATH/CodeIgniter.php(821): CodeIgniter\Router\RouteCollection->loadRoutes()
 7 SYSTEMPATH/CodeIgniter.php(455): CodeIgniter\CodeIgniter->tryToRouteIt(null)
 8 SYSTEMPATH/CodeIgniter.php(354): CodeIgniter\CodeIgniter->handleRequest(null, Object(Config\Cache), false)
 9 SYSTEMPATH/Boot.php(363): CodeIgniter\CodeIgniter->run()
10 SYSTEMPATH/Boot.php(68): CodeIgniter\Boot::runCodeIgniter(Object(CodeIgniter\CodeIgniter))
11 FCPATH/index.php(59): CodeIgniter\Boot::bootWeb(Object(Config\Paths))
WARNING - 2025-09-18 15:36:19 --> [DEPRECATED] Passing lowercase HTTP method "post" is deprecated. Use uppercase HTTP method like "POST". in SYSTEMPATH/Router/RouteCollection.php on line 1026.
 1 SYSTEMPATH/Router/RouteCollection.php(1026): trigger_error('Passing lowercase HTTP method "post" is deprecated. Use uppercase HTTP method like "POST".', 16384)
 2 APPPATH/Config/Routes.php(148): CodeIgniter\Router\RouteCollection->match([...], 'mesociclos/(:num)/bloque/nuevo', 'GimnasioMesociclos::bloqueNuevo/$1')
 3 SYSTEMPATH/Router/RouteCollection.php(799): CodeIgniter\Router\RouteCollection::{closure}(Object(CodeIgniter\Router\RouteCollection))
 4 APPPATH/Config/Routes.php(144): CodeIgniter\Router\RouteCollection->group('gimnasio', [...], Object(Closure))
 5 SYSTEMPATH/Router/RouteCollection.php(339): require('/Applications/ServBay/www/trackbitos/app/Config/Routes.php')
 6 SYSTEMPATH/CodeIgniter.php(821): CodeIgniter\Router\RouteCollection->loadRoutes()
 7 SYSTEMPATH/CodeIgniter.php(455): CodeIgniter\CodeIgniter->tryToRouteIt(null)
 8 SYSTEMPATH/CodeIgniter.php(354): CodeIgniter\CodeIgniter->handleRequest(null, Object(Config\Cache), false)
 9 SYSTEMPATH/Boot.php(363): CodeIgniter\CodeIgniter->run()
10 SYSTEMPATH/Boot.php(68): CodeIgniter\Boot::runCodeIgniter(Object(CodeIgniter\CodeIgniter))
11 FCPATH/index.php(59): CodeIgniter\Boot::bootWeb(Object(Config\Paths))
WARNING - 2025-09-18 15:36:19 --> [DEPRECATED] Passing lowercase HTTP method "get" is deprecated. Use uppercase HTTP method like "GET". in SYSTEMPATH/Router/RouteCollection.php on line 1026.
 1 SYSTEMPATH/Router/RouteCollection.php(1026): trigger_error('Passing lowercase HTTP method "get" is deprecated. Use uppercase HTTP method like "GET".', 16384)
 2 APPPATH/Config/Routes.php(150): CodeIgniter\Router\RouteCollection->match([...], 'mesociclos/(:num)/asignar/(:num)', 'GimnasioMesociclos::asignar/$1/$2')
 3 SYSTEMPATH/Router/RouteCollection.php(799): CodeIgniter\Router\RouteCollection::{closure}(Object(CodeIgniter\Router\RouteCollection))
 4 APPPATH/Config/Routes.php(144): CodeIgniter\Router\RouteCollection->group('gimnasio', [...], Object(Closure))
 5 SYSTEMPATH/Router/RouteCollection.php(339): require('/Applications/ServBay/www/trackbitos/app/Config/Routes.php')
 6 SYSTEMPATH/CodeIgniter.php(821): CodeIgniter\Router\RouteCollection->loadRoutes()
 7 SYSTEMPATH/CodeIgniter.php(455): CodeIgniter\CodeIgniter->tryToRouteIt(null)
 8 SYSTEMPATH/CodeIgniter.php(354): CodeIgniter\CodeIgniter->handleRequest(null, Object(Config\Cache), false)
 9 SYSTEMPATH/Boot.php(363): CodeIgniter\CodeIgniter->run()
10 SYSTEMPATH/Boot.php(68): CodeIgniter\Boot::runCodeIgniter(Object(CodeIgniter\CodeIgniter))
11 FCPATH/index.php(59): CodeIgniter\Boot::bootWeb(Object(Config\Paths))
WARNING - 2025-09-18 15:36:19 --> [DEPRECATED] Passing lowercase HTTP method "post" is deprecated. Use uppercase HTTP method like "POST". in SYSTEMPATH/Router/RouteCollection.php on line 1026.
 1 SYSTEMPATH/Router/RouteCollection.php(1026): trigger_error('Passing lowercase HTTP method "post" is deprecated. Use uppercase HTTP method like "POST".', 16384)
 2 APPPATH/Config/Routes.php(150): CodeIgniter\Router\RouteCollection->match([...], 'mesociclos/(:num)/asignar/(:num)', 'GimnasioMesociclos::asignar/$1/$2')
 3 SYSTEMPATH/Router/RouteCollection.php(799): CodeIgniter\Router\RouteCollection::{closure}(Object(CodeIgniter\Router\RouteCollection))
 4 APPPATH/Config/Routes.php(144): CodeIgniter\Router\RouteCollection->group('gimnasio', [...], Object(Closure))
 5 SYSTEMPATH/Router/RouteCollection.php(339): require('/Applications/ServBay/www/trackbitos/app/Config/Routes.php')
 6 SYSTEMPATH/CodeIgniter.php(821): CodeIgniter\Router\RouteCollection->loadRoutes()
 7 SYSTEMPATH/CodeIgniter.php(455): CodeIgniter\CodeIgniter->tryToRouteIt(null)
 8 SYSTEMPATH/CodeIgniter.php(354): CodeIgniter\CodeIgniter->handleRequest(null, Object(Config\Cache), false)
 9 SYSTEMPATH/Boot.php(363): CodeIgniter\CodeIgniter->run()
10 SYSTEMPATH/Boot.php(68): CodeIgniter\Boot::runCodeIgniter(Object(CodeIgniter\CodeIgniter))
11 FCPATH/index.php(59): CodeIgniter\Boot::bootWeb(Object(Config\Paths))
WARNING - 2025-09-18 15:36:19 --> [DEPRECATED] Passing lowercase HTTP method "get" is deprecated. Use uppercase HTTP method like "GET". in SYSTEMPATH/Router/RouteCollection.php on line 1026.
 1 SYSTEMPATH/Router/RouteCollection.php(1026): trigger_error('Passing lowercase HTTP method "get" is deprecated. Use uppercase HTTP method like "GET".', 16384)
 2 APPPATH/Config/Routes.php(153): CodeIgniter\Router\RouteCollection->match([...], 'mesociclos/(:num)/generar', 'GimnasioMesociclos::generar/$1')
 3 SYSTEMPATH/Router/RouteCollection.php(799): CodeIgniter\Router\RouteCollection::{closure}(Object(CodeIgniter\Router\RouteCollection))
 4 APPPATH/Config/Routes.php(144): CodeIgniter\Router\RouteCollection->group('gimnasio', [...], Object(Closure))
 5 SYSTEMPATH/Router/RouteCollection.php(339): require('/Applications/ServBay/www/trackbitos/app/Config/Routes.php')
 6 SYSTEMPATH/CodeIgniter.php(821): CodeIgniter\Router\RouteCollection->loadRoutes()
 7 SYSTEMPATH/CodeIgniter.php(455): CodeIgniter\CodeIgniter->tryToRouteIt(null)
 8 SYSTEMPATH/CodeIgniter.php(354): CodeIgniter\CodeIgniter->handleRequest(null, Object(Config\Cache), false)
 9 SYSTEMPATH/Boot.php(363): CodeIgniter\CodeIgniter->run()
10 SYSTEMPATH/Boot.php(68): CodeIgniter\Boot::runCodeIgniter(Object(CodeIgniter\CodeIgniter))
11 FCPATH/index.php(59): CodeIgniter\Boot::bootWeb(Object(Config\Paths))
WARNING - 2025-09-18 15:36:19 --> [DEPRECATED] Passing lowercase HTTP method "post" is deprecated. Use uppercase HTTP method like "POST". in SYSTEMPATH/Router/RouteCollection.php on line 1026.
 1 SYSTEMPATH/Router/RouteCollection.php(1026): trigger_error('Passing lowercase HTTP method "post" is deprecated. Use uppercase HTTP method like "POST".', 16384)
 2 APPPATH/Config/Routes.php(153): CodeIgniter\Router\RouteCollection->match([...], 'mesociclos/(:num)/generar', 'GimnasioMesociclos::generar/$1')
 3 SYSTEMPATH/Router/RouteCollection.php(799): CodeIgniter\Router\RouteCollection::{closure}(Object(CodeIgniter\Router\RouteCollection))
 4 APPPATH/Config/Routes.php(144): CodeIgniter\Router\RouteCollection->group('gimnasio', [...], Object(Closure))
 5 SYSTEMPATH/Router/RouteCollection.php(339): require('/Applications/ServBay/www/trackbitos/app/Config/Routes.php')
 6 SYSTEMPATH/CodeIgniter.php(821): CodeIgniter\Router\RouteCollection->loadRoutes()
 7 SYSTEMPATH/CodeIgniter.php(455): CodeIgniter\CodeIgniter->tryToRouteIt(null)
 8 SYSTEMPATH/CodeIgniter.php(354): CodeIgniter\CodeIgniter->handleRequest(null, Object(Config\Cache), false)
 9 SYSTEMPATH/Boot.php(363): CodeIgniter\CodeIgniter->run()
10 SYSTEMPATH/Boot.php(68): CodeIgniter\Boot::runCodeIgniter(Object(CodeIgniter\CodeIgniter))
11 FCPATH/index.php(59): CodeIgniter\Boot::bootWeb(Object(Config\Paths))
WARNING - 2025-09-18 15:36:19 --> [DEPRECATED] Passing lowercase HTTP method "get" is deprecated. Use uppercase HTTP method like "GET". in SYSTEMPATH/Router/RouteCollection.php on line 1026.
 1 SYSTEMPATH/Router/RouteCollection.php(1026): trigger_error('Passing lowercase HTTP method "get" is deprecated. Use uppercase HTTP method like "GET".', 16384)
 2 APPPATH/Config/Routes.php(161): CodeIgniter\Router\RouteCollection->match([...], 'mesociclos/(:num)/generar/bilbo', 'GimnasioMesociclos::generarBilbo/$1')
 3 SYSTEMPATH/Router/RouteCollection.php(799): CodeIgniter\Router\RouteCollection::{closure}(Object(CodeIgniter\Router\RouteCollection))
 4 APPPATH/Config/Routes.php(144): CodeIgniter\Router\RouteCollection->group('gimnasio', [...], Object(Closure))
 5 SYSTEMPATH/Router/RouteCollection.php(339): require('/Applications/ServBay/www/trackbitos/app/Config/Routes.php')
 6 SYSTEMPATH/CodeIgniter.php(821): CodeIgniter\Router\RouteCollection->loadRoutes()
 7 SYSTEMPATH/CodeIgniter.php(455): CodeIgniter\CodeIgniter->tryToRouteIt(null)
 8 SYSTEMPATH/CodeIgniter.php(354): CodeIgniter\CodeIgniter->handleRequest(null, Object(Config\Cache), false)
 9 SYSTEMPATH/Boot.php(363): CodeIgniter\CodeIgniter->run()
10 SYSTEMPATH/Boot.php(68): CodeIgniter\Boot::runCodeIgniter(Object(CodeIgniter\CodeIgniter))
11 FCPATH/index.php(59): CodeIgniter\Boot::bootWeb(Object(Config\Paths))
WARNING - 2025-09-18 15:36:19 --> [DEPRECATED] Passing lowercase HTTP method "post" is deprecated. Use uppercase HTTP method like "POST". in SYSTEMPATH/Router/RouteCollection.php on line 1026.
 1 SYSTEMPATH/Router/RouteCollection.php(1026): trigger_error('Passing lowercase HTTP method "post" is deprecated. Use uppercase HTTP method like "POST".', 16384)
 2 APPPATH/Config/Routes.php(161): CodeIgniter\Router\RouteCollection->match([...], 'mesociclos/(:num)/generar/bilbo', 'GimnasioMesociclos::generarBilbo/$1')
 3 SYSTEMPATH/Router/RouteCollection.php(799): CodeIgniter\Router\RouteCollection::{closure}(Object(CodeIgniter\Router\RouteCollection))
 4 APPPATH/Config/Routes.php(144): CodeIgniter\Router\RouteCollection->group('gimnasio', [...], Object(Closure))
 5 SYSTEMPATH/Router/RouteCollection.php(339): require('/Applications/ServBay/www/trackbitos/app/Config/Routes.php')
 6 SYSTEMPATH/CodeIgniter.php(821): CodeIgniter\Router\RouteCollection->loadRoutes()
 7 SYSTEMPATH/CodeIgniter.php(455): CodeIgniter\CodeIgniter->tryToRouteIt(null)
 8 SYSTEMPATH/CodeIgniter.php(354): CodeIgniter\CodeIgniter->handleRequest(null, Object(Config\Cache), false)
 9 SYSTEMPATH/Boot.php(363): CodeIgniter\CodeIgniter->run()
10 SYSTEMPATH/Boot.php(68): CodeIgniter\Boot::runCodeIgniter(Object(CodeIgniter\CodeIgniter))
11 FCPATH/index.php(59): CodeIgniter\Boot::bootWeb(Object(Config\Paths))
WARNING - 2025-09-18 15:36:19 --> [DEPRECATED] Passing lowercase HTTP method "get" is deprecated. Use uppercase HTTP method like "GET". in SYSTEMPATH/Router/RouteCollection.php on line 1026.
 1 SYSTEMPATH/Router/RouteCollection.php(1026): trigger_error('Passing lowercase HTTP method "get" is deprecated. Use uppercase HTTP method like "GET".', 16384)
 2 APPPATH/Config/Routes.php(261): CodeIgniter\Router\RouteCollection->match([...], 'crear', 'Youtube::crearLista')
 3 SYSTEMPATH/Router/RouteCollection.php(799): CodeIgniter\Router\RouteCollection::{closure}(Object(CodeIgniter\Router\RouteCollection))
 4 APPPATH/Config/Routes.php(259): CodeIgniter\Router\RouteCollection->group('youtube', [...], Object(Closure))
 5 SYSTEMPATH/Router/RouteCollection.php(339): require('/Applications/ServBay/www/trackbitos/app/Config/Routes.php')
 6 SYSTEMPATH/CodeIgniter.php(821): CodeIgniter\Router\RouteCollection->loadRoutes()
 7 SYSTEMPATH/CodeIgniter.php(455): CodeIgniter\CodeIgniter->tryToRouteIt(null)
 8 SYSTEMPATH/CodeIgniter.php(354): CodeIgniter\CodeIgniter->handleRequest(null, Object(Config\Cache), false)
 9 SYSTEMPATH/Boot.php(363): CodeIgniter\CodeIgniter->run()
10 SYSTEMPATH/Boot.php(68): CodeIgniter\Boot::runCodeIgniter(Object(CodeIgniter\CodeIgniter))
11 FCPATH/index.php(59): CodeIgniter\Boot::bootWeb(Object(Config\Paths))
WARNING - 2025-09-18 15:36:19 --> [DEPRECATED] Passing lowercase HTTP method "post" is deprecated. Use uppercase HTTP method like "POST". in SYSTEMPATH/Router/RouteCollection.php on line 1026.
 1 SYSTEMPATH/Router/RouteCollection.php(1026): trigger_error('Passing lowercase HTTP method "post" is deprecated. Use uppercase HTTP method like "POST".', 16384)
 2 APPPATH/Config/Routes.php(261): CodeIgniter\Router\RouteCollection->match([...], 'crear', 'Youtube::crearLista')
 3 SYSTEMPATH/Router/RouteCollection.php(799): CodeIgniter\Router\RouteCollection::{closure}(Object(CodeIgniter\Router\RouteCollection))
 4 APPPATH/Config/Routes.php(259): CodeIgniter\Router\RouteCollection->group('youtube', [...], Object(Closure))
 5 SYSTEMPATH/Router/RouteCollection.php(339): require('/Applications/ServBay/www/trackbitos/app/Config/Routes.php')
 6 SYSTEMPATH/CodeIgniter.php(821): CodeIgniter\Router\RouteCollection->loadRoutes()
 7 SYSTEMPATH/CodeIgniter.php(455): CodeIgniter\CodeIgniter->tryToRouteIt(null)
 8 SYSTEMPATH/CodeIgniter.php(354): CodeIgniter\CodeIgniter->handleRequest(null, Object(Config\Cache), false)
 9 SYSTEMPATH/Boot.php(363): CodeIgniter\CodeIgniter->run()
10 SYSTEMPATH/Boot.php(68): CodeIgniter\Boot::runCodeIgniter(Object(CodeIgniter\CodeIgniter))
11 FCPATH/index.php(59): CodeIgniter\Boot::bootWeb(Object(Config\Paths))
DEBUG - 2025-09-18 15:36:19 --> Session: Class initialized using 'CodeIgniter\Session\Handlers\FileHandler' driver.
WARNING - 2025-09-18 15:36:20 --> [DEPRECATED] Passing lowercase HTTP method "get" is deprecated. Use uppercase HTTP method like "GET". in SYSTEMPATH/Router/RouteCollection.php on line 1026.
 1 SYSTEMPATH/Router/RouteCollection.php(1026): trigger_error('Passing lowercase HTTP method "get" is deprecated. Use uppercase HTTP method like "GET".', 16384)
 2 APPPATH/Config/Routes.php(146): CodeIgniter\Router\RouteCollection->match([...], 'mesociclos/nuevo', 'GimnasioMesociclos::nuevo')
 3 SYSTEMPATH/Router/RouteCollection.php(799): CodeIgniter\Router\RouteCollection::{closure}(Object(CodeIgniter\Router\RouteCollection))
 4 APPPATH/Config/Routes.php(144): CodeIgniter\Router\RouteCollection->group('gimnasio', [...], Object(Closure))
 5 SYSTEMPATH/Router/RouteCollection.php(339): require('/Applications/ServBay/www/trackbitos/app/Config/Routes.php')
 6 SYSTEMPATH/CodeIgniter.php(821): CodeIgniter\Router\RouteCollection->loadRoutes()
 7 SYSTEMPATH/CodeIgniter.php(455): CodeIgniter\CodeIgniter->tryToRouteIt(null)
 8 SYSTEMPATH/CodeIgniter.php(354): CodeIgniter\CodeIgniter->handleRequest(null, Object(Config\Cache), false)
 9 SYSTEMPATH/Boot.php(363): CodeIgniter\CodeIgniter->run()
10 SYSTEMPATH/Boot.php(68): CodeIgniter\Boot::runCodeIgniter(Object(CodeIgniter\CodeIgniter))
11 FCPATH/index.php(59): CodeIgniter\Boot::bootWeb(Object(Config\Paths))
WARNING - 2025-09-18 15:36:20 --> [DEPRECATED] Passing lowercase HTTP method "post" is deprecated. Use uppercase HTTP method like "POST". in SYSTEMPATH/Router/RouteCollection.php on line 1026.
 1 SYSTEMPATH/Router/RouteCollection.php(1026): trigger_error('Passing lowercase HTTP method "post" is deprecated. Use uppercase HTTP method like "POST".', 16384)
 2 APPPATH/Config/Routes.php(146): CodeIgniter\Router\RouteCollection->match([...], 'mesociclos/nuevo', 'GimnasioMesociclos::nuevo')
 3 SYSTEMPATH/Router/RouteCollection.php(799): CodeIgniter\Router\RouteCollection::{closure}(Object(CodeIgniter\Router\RouteCollection))
 4 APPPATH/Config/Routes.php(144): CodeIgniter\Router\RouteCollection->group('gimnasio', [...], Object(Closure))
 5 SYSTEMPATH/Router/RouteCollection.php(339): require('/Applications/ServBay/www/trackbitos/app/Config/Routes.php')
 6 SYSTEMPATH/CodeIgniter.php(821): CodeIgniter\Router\RouteCollection->loadRoutes()
 7 SYSTEMPATH/CodeIgniter.php(455): CodeIgniter\CodeIgniter->tryToRouteIt(null)
 8 SYSTEMPATH/CodeIgniter.php(354): CodeIgniter\CodeIgniter->handleRequest(null, Object(Config\Cache), false)
 9 SYSTEMPATH/Boot.php(363): CodeIgniter\CodeIgniter->run()
10 SYSTEMPATH/Boot.php(68): CodeIgniter\Boot::runCodeIgniter(Object(CodeIgniter\CodeIgniter))
11 FCPATH/index.php(59): CodeIgniter\Boot::bootWeb(Object(Config\Paths))
WARNING - 2025-09-18 15:36:20 --> [DEPRECATED] Passing lowercase HTTP method "get" is deprecated. Use uppercase HTTP method like "GET". in SYSTEMPATH/Router/RouteCollection.php on line 1026.
 1 SYSTEMPATH/Router/RouteCollection.php(1026): trigger_error('Passing lowercase HTTP method "get" is deprecated. Use uppercase HTTP method like "GET".', 16384)
 2 APPPATH/Config/Routes.php(148): CodeIgniter\Router\RouteCollection->match([...], 'mesociclos/(:num)/bloque/nuevo', 'GimnasioMesociclos::bloqueNuevo/$1')
 3 SYSTEMPATH/Router/RouteCollection.php(799): CodeIgniter\Router\RouteCollection::{closure}(Object(CodeIgniter\Router\RouteCollection))
 4 APPPATH/Config/Routes.php(144): CodeIgniter\Router\RouteCollection->group('gimnasio', [...], Object(Closure))
 5 SYSTEMPATH/Router/RouteCollection.php(339): require('/Applications/ServBay/www/trackbitos/app/Config/Routes.php')
 6 SYSTEMPATH/CodeIgniter.php(821): CodeIgniter\Router\RouteCollection->loadRoutes()
 7 SYSTEMPATH/CodeIgniter.php(455): CodeIgniter\CodeIgniter->tryToRouteIt(null)
 8 SYSTEMPATH/CodeIgniter.php(354): CodeIgniter\CodeIgniter->handleRequest(null, Object(Config\Cache), false)
 9 SYSTEMPATH/Boot.php(363): CodeIgniter\CodeIgniter->run()
10 SYSTEMPATH/Boot.php(68): CodeIgniter\Boot::runCodeIgniter(Object(CodeIgniter\CodeIgniter))
11 FCPATH/index.php(59): CodeIgniter\Boot::bootWeb(Object(Config\Paths))
WARNING - 2025-09-18 15:36:20 --> [DEPRECATED] Passing lowercase HTTP method "post" is deprecated. Use uppercase HTTP method like "POST". in SYSTEMPATH/Router/RouteCollection.php on line 1026.
 1 SYSTEMPATH/Router/RouteCollection.php(1026): trigger_error('Passing lowercase HTTP method "post" is deprecated. Use uppercase HTTP method like "POST".', 16384)
 2 APPPATH/Config/Routes.php(148): CodeIgniter\Router\RouteCollection->match([...], 'mesociclos/(:num)/bloque/nuevo', 'GimnasioMesociclos::bloqueNuevo/$1')
 3 SYSTEMPATH/Router/RouteCollection.php(799): CodeIgniter\Router\RouteCollection::{closure}(Object(CodeIgniter\Router\RouteCollection))
 4 APPPATH/Config/Routes.php(144): CodeIgniter\Router\RouteCollection->group('gimnasio', [...], Object(Closure))
 5 SYSTEMPATH/Router/RouteCollection.php(339): require('/Applications/ServBay/www/trackbitos/app/Config/Routes.php')
 6 SYSTEMPATH/CodeIgniter.php(821): CodeIgniter\Router\RouteCollection->loadRoutes()
 7 SYSTEMPATH/CodeIgniter.php(455): CodeIgniter\CodeIgniter->tryToRouteIt(null)
 8 SYSTEMPATH/CodeIgniter.php(354): CodeIgniter\CodeIgniter->handleRequest(null, Object(Config\Cache), false)
 9 SYSTEMPATH/Boot.php(363): CodeIgniter\CodeIgniter->run()
10 SYSTEMPATH/Boot.php(68): CodeIgniter\Boot::runCodeIgniter(Object(CodeIgniter\CodeIgniter))
11 FCPATH/index.php(59): CodeIgniter\Boot::bootWeb(Object(Config\Paths))
WARNING - 2025-09-18 15:36:20 --> [DEPRECATED] Passing lowercase HTTP method "get" is deprecated. Use uppercase HTTP method like "GET". in SYSTEMPATH/Router/RouteCollection.php on line 1026.
 1 SYSTEMPATH/Router/RouteCollection.php(1026): trigger_error('Passing lowercase HTTP method "get" is deprecated. Use uppercase HTTP method like "GET".', 16384)
 2 APPPATH/Config/Routes.php(150): CodeIgniter\Router\RouteCollection->match([...], 'mesociclos/(:num)/asignar/(:num)', 'GimnasioMesociclos::asignar/$1/$2')
 3 SYSTEMPATH/Router/RouteCollection.php(799): CodeIgniter\Router\RouteCollection::{closure}(Object(CodeIgniter\Router\RouteCollection))
 4 APPPATH/Config/Routes.php(144): CodeIgniter\Router\RouteCollection->group('gimnasio', [...], Object(Closure))
 5 SYSTEMPATH/Router/RouteCollection.php(339): require('/Applications/ServBay/www/trackbitos/app/Config/Routes.php')
 6 SYSTEMPATH/CodeIgniter.php(821): CodeIgniter\Router\RouteCollection->loadRoutes()
 7 SYSTEMPATH/CodeIgniter.php(455): CodeIgniter\CodeIgniter->tryToRouteIt(null)
 8 SYSTEMPATH/CodeIgniter.php(354): CodeIgniter\CodeIgniter->handleRequest(null, Object(Config\Cache), false)
 9 SYSTEMPATH/Boot.php(363): CodeIgniter\CodeIgniter->run()
10 SYSTEMPATH/Boot.php(68): CodeIgniter\Boot::runCodeIgniter(Object(CodeIgniter\CodeIgniter))
11 FCPATH/index.php(59): CodeIgniter\Boot::bootWeb(Object(Config\Paths))
WARNING - 2025-09-18 15:36:20 --> [DEPRECATED] Passing lowercase HTTP method "post" is deprecated. Use uppercase HTTP method like "POST". in SYSTEMPATH/Router/RouteCollection.php on line 1026.
 1 SYSTEMPATH/Router/RouteCollection.php(1026): trigger_error('Passing lowercase HTTP method "post" is deprecated. Use uppercase HTTP method like "POST".', 16384)
 2 APPPATH/Config/Routes.php(150): CodeIgniter\Router\RouteCollection->match([...], 'mesociclos/(:num)/asignar/(:num)', 'GimnasioMesociclos::asignar/$1/$2')
 3 SYSTEMPATH/Router/RouteCollection.php(799): CodeIgniter\Router\RouteCollection::{closure}(Object(CodeIgniter\Router\RouteCollection))
 4 APPPATH/Config/Routes.php(144): CodeIgniter\Router\RouteCollection->group('gimnasio', [...], Object(Closure))
 5 SYSTEMPATH/Router/RouteCollection.php(339): require('/Applications/ServBay/www/trackbitos/app/Config/Routes.php')
 6 SYSTEMPATH/CodeIgniter.php(821): CodeIgniter\Router\RouteCollection->loadRoutes()
 7 SYSTEMPATH/CodeIgniter.php(455): CodeIgniter\CodeIgniter->tryToRouteIt(null)
 8 SYSTEMPATH/CodeIgniter.php(354): CodeIgniter\CodeIgniter->handleRequest(null, Object(Config\Cache), false)
 9 SYSTEMPATH/Boot.php(363): CodeIgniter\CodeIgniter->run()
10 SYSTEMPATH/Boot.php(68): CodeIgniter\Boot::runCodeIgniter(Object(CodeIgniter\CodeIgniter))
11 FCPATH/index.php(59): CodeIgniter\Boot::bootWeb(Object(Config\Paths))
WARNING - 2025-09-18 15:36:20 --> [DEPRECATED] Passing lowercase HTTP method "get" is deprecated. Use uppercase HTTP method like "GET". in SYSTEMPATH/Router/RouteCollection.php on line 1026.
 1 SYSTEMPATH/Router/RouteCollection.php(1026): trigger_error('Passing lowercase HTTP method "get" is deprecated. Use uppercase HTTP method like "GET".', 16384)
 2 APPPATH/Config/Routes.php(153): CodeIgniter\Router\RouteCollection->match([...], 'mesociclos/(:num)/generar', 'GimnasioMesociclos::generar/$1')
 3 SYSTEMPATH/Router/RouteCollection.php(799): CodeIgniter\Router\RouteCollection::{closure}(Object(CodeIgniter\Router\RouteCollection))
 4 APPPATH/Config/Routes.php(144): CodeIgniter\Router\RouteCollection->group('gimnasio', [...], Object(Closure))
 5 SYSTEMPATH/Router/RouteCollection.php(339): require('/Applications/ServBay/www/trackbitos/app/Config/Routes.php')
 6 SYSTEMPATH/CodeIgniter.php(821): CodeIgniter\Router\RouteCollection->loadRoutes()
 7 SYSTEMPATH/CodeIgniter.php(455): CodeIgniter\CodeIgniter->tryToRouteIt(null)
 8 SYSTEMPATH/CodeIgniter.php(354): CodeIgniter\CodeIgniter->handleRequest(null, Object(Config\Cache), false)
 9 SYSTEMPATH/Boot.php(363): CodeIgniter\CodeIgniter->run()
10 SYSTEMPATH/Boot.php(68): CodeIgniter\Boot::runCodeIgniter(Object(CodeIgniter\CodeIgniter))
11 FCPATH/index.php(59): CodeIgniter\Boot::bootWeb(Object(Config\Paths))
WARNING - 2025-09-18 15:36:20 --> [DEPRECATED] Passing lowercase HTTP method "post" is deprecated. Use uppercase HTTP method like "POST". in SYSTEMPATH/Router/RouteCollection.php on line 1026.
 1 SYSTEMPATH/Router/RouteCollection.php(1026): trigger_error('Passing lowercase HTTP method "post" is deprecated. Use uppercase HTTP method like "POST".', 16384)
 2 APPPATH/Config/Routes.php(153): CodeIgniter\Router\RouteCollection->match([...], 'mesociclos/(:num)/generar', 'GimnasioMesociclos::generar/$1')
 3 SYSTEMPATH/Router/RouteCollection.php(799): CodeIgniter\Router\RouteCollection::{closure}(Object(CodeIgniter\Router\RouteCollection))
 4 APPPATH/Config/Routes.php(144): CodeIgniter\Router\RouteCollection->group('gimnasio', [...], Object(Closure))
 5 SYSTEMPATH/Router/RouteCollection.php(339): require('/Applications/ServBay/www/trackbitos/app/Config/Routes.php')
 6 SYSTEMPATH/CodeIgniter.php(821): CodeIgniter\Router\RouteCollection->loadRoutes()
 7 SYSTEMPATH/CodeIgniter.php(455): CodeIgniter\CodeIgniter->tryToRouteIt(null)
 8 SYSTEMPATH/CodeIgniter.php(354): CodeIgniter\CodeIgniter->handleRequest(null, Object(Config\Cache), false)
 9 SYSTEMPATH/Boot.php(363): CodeIgniter\CodeIgniter->run()
10 SYSTEMPATH/Boot.php(68): CodeIgniter\Boot::runCodeIgniter(Object(CodeIgniter\CodeIgniter))
11 FCPATH/index.php(59): CodeIgniter\Boot::bootWeb(Object(Config\Paths))
WARNING - 2025-09-18 15:36:20 --> [DEPRECATED] Passing lowercase HTTP method "get" is deprecated. Use uppercase HTTP method like "GET". in SYSTEMPATH/Router/RouteCollection.php on line 1026.
 1 SYSTEMPATH/Router/RouteCollection.php(1026): trigger_error('Passing lowercase HTTP method "get" is deprecated. Use uppercase HTTP method like "GET".', 16384)
 2 APPPATH/Config/Routes.php(161): CodeIgniter\Router\RouteCollection->match([...], 'mesociclos/(:num)/generar/bilbo', 'GimnasioMesociclos::generarBilbo/$1')
 3 SYSTEMPATH/Router/RouteCollection.php(799): CodeIgniter\Router\RouteCollection::{closure}(Object(CodeIgniter\Router\RouteCollection))
 4 APPPATH/Config/Routes.php(144): CodeIgniter\Router\RouteCollection->group('gimnasio', [...], Object(Closure))
 5 SYSTEMPATH/Router/RouteCollection.php(339): require('/Applications/ServBay/www/trackbitos/app/Config/Routes.php')
 6 SYSTEMPATH/CodeIgniter.php(821): CodeIgniter\Router\RouteCollection->loadRoutes()
 7 SYSTEMPATH/CodeIgniter.php(455): CodeIgniter\CodeIgniter->tryToRouteIt(null)
 8 SYSTEMPATH/CodeIgniter.php(354): CodeIgniter\CodeIgniter->handleRequest(null, Object(Config\Cache), false)
 9 SYSTEMPATH/Boot.php(363): CodeIgniter\CodeIgniter->run()
10 SYSTEMPATH/Boot.php(68): CodeIgniter\Boot::runCodeIgniter(Object(CodeIgniter\CodeIgniter))
11 FCPATH/index.php(59): CodeIgniter\Boot::bootWeb(Object(Config\Paths))
WARNING - 2025-09-18 15:36:20 --> [DEPRECATED] Passing lowercase HTTP method "post" is deprecated. Use uppercase HTTP method like "POST". in SYSTEMPATH/Router/RouteCollection.php on line 1026.
 1 SYSTEMPATH/Router/RouteCollection.php(1026): trigger_error('Passing lowercase HTTP method "post" is deprecated. Use uppercase HTTP method like "POST".', 16384)
 2 APPPATH/Config/Routes.php(161): CodeIgniter\Router\RouteCollection->match([...], 'mesociclos/(:num)/generar/bilbo', 'GimnasioMesociclos::generarBilbo/$1')
 3 SYSTEMPATH/Router/RouteCollection.php(799): CodeIgniter\Router\RouteCollection::{closure}(Object(CodeIgniter\Router\RouteCollection))
 4 APPPATH/Config/Routes.php(144): CodeIgniter\Router\RouteCollection->group('gimnasio', [...], Object(Closure))
 5 SYSTEMPATH/Router/RouteCollection.php(339): require('/Applications/ServBay/www/trackbitos/app/Config/Routes.php')
 6 SYSTEMPATH/CodeIgniter.php(821): CodeIgniter\Router\RouteCollection->loadRoutes()
 7 SYSTEMPATH/CodeIgniter.php(455): CodeIgniter\CodeIgniter->tryToRouteIt(null)
 8 SYSTEMPATH/CodeIgniter.php(354): CodeIgniter\CodeIgniter->handleRequest(null, Object(Config\Cache), false)
 9 SYSTEMPATH/Boot.php(363): CodeIgniter\CodeIgniter->run()
10 SYSTEMPATH/Boot.php(68): CodeIgniter\Boot::runCodeIgniter(Object(CodeIgniter\CodeIgniter))
11 FCPATH/index.php(59): CodeIgniter\Boot::bootWeb(Object(Config\Paths))
WARNING - 2025-09-18 15:36:20 --> [DEPRECATED] Passing lowercase HTTP method "get" is deprecated. Use uppercase HTTP method like "GET". in SYSTEMPATH/Router/RouteCollection.php on line 1026.
 1 SYSTEMPATH/Router/RouteCollection.php(1026): trigger_error('Passing lowercase HTTP method "get" is deprecated. Use uppercase HTTP method like "GET".', 16384)
 2 APPPATH/Config/Routes.php(261): CodeIgniter\Router\RouteCollection->match([...], 'crear', 'Youtube::crearLista')
 3 SYSTEMPATH/Router/RouteCollection.php(799): CodeIgniter\Router\RouteCollection::{closure}(Object(CodeIgniter\Router\RouteCollection))
 4 APPPATH/Config/Routes.php(259): CodeIgniter\Router\RouteCollection->group('youtube', [...], Object(Closure))
 5 SYSTEMPATH/Router/RouteCollection.php(339): require('/Applications/ServBay/www/trackbitos/app/Config/Routes.php')
 6 SYSTEMPATH/CodeIgniter.php(821): CodeIgniter\Router\RouteCollection->loadRoutes()
 7 SYSTEMPATH/CodeIgniter.php(455): CodeIgniter\CodeIgniter->tryToRouteIt(null)
 8 SYSTEMPATH/CodeIgniter.php(354): CodeIgniter\CodeIgniter->handleRequest(null, Object(Config\Cache), false)
 9 SYSTEMPATH/Boot.php(363): CodeIgniter\CodeIgniter->run()
10 SYSTEMPATH/Boot.php(68): CodeIgniter\Boot::runCodeIgniter(Object(CodeIgniter\CodeIgniter))
11 FCPATH/index.php(59): CodeIgniter\Boot::bootWeb(Object(Config\Paths))
WARNING - 2025-09-18 15:36:20 --> [DEPRECATED] Passing lowercase HTTP method "post" is deprecated. Use uppercase HTTP method like "POST". in SYSTEMPATH/Router/RouteCollection.php on line 1026.
 1 SYSTEMPATH/Router/RouteCollection.php(1026): trigger_error('Passing lowercase HTTP method "post" is deprecated. Use uppercase HTTP method like "POST".', 16384)
 2 APPPATH/Config/Routes.php(261): CodeIgniter\Router\RouteCollection->match([...], 'crear', 'Youtube::crearLista')
 3 SYSTEMPATH/Router/RouteCollection.php(799): CodeIgniter\Router\RouteCollection::{closure}(Object(CodeIgniter\Router\RouteCollection))
 4 APPPATH/Config/Routes.php(259): CodeIgniter\Router\RouteCollection->group('youtube', [...], Object(Closure))
 5 SYSTEMPATH/Router/RouteCollection.php(339): require('/Applications/ServBay/www/trackbitos/app/Config/Routes.php')
 6 SYSTEMPATH/CodeIgniter.php(821): CodeIgniter\Router\RouteCollection->loadRoutes()
 7 SYSTEMPATH/CodeIgniter.php(455): CodeIgniter\CodeIgniter->tryToRouteIt(null)
 8 SYSTEMPATH/CodeIgniter.php(354): CodeIgniter\CodeIgniter->handleRequest(null, Object(Config\Cache), false)
 9 SYSTEMPATH/Boot.php(363): CodeIgniter\CodeIgniter->run()
10 SYSTEMPATH/Boot.php(68): CodeIgniter\Boot::runCodeIgniter(Object(CodeIgniter\CodeIgniter))
11 FCPATH/index.php(59): CodeIgniter\Boot::bootWeb(Object(Config\Paths))
DEBUG - 2025-09-18 15:36:20 --> Session: Class initialized using 'CodeIgniter\Session\Handlers\FileHandler' driver.
WARNING - 2025-09-18 15:36:20 --> [DEPRECATED] Passing lowercase HTTP method "get" is deprecated. Use uppercase HTTP method like "GET". in SYSTEMPATH/Router/RouteCollection.php on line 1026.
 1 SYSTEMPATH/Router/RouteCollection.php(1026): trigger_error('Passing lowercase HTTP method "get" is deprecated. Use uppercase HTTP method like "GET".', 16384)
 2 APPPATH/Config/Routes.php(146): CodeIgniter\Router\RouteCollection->match([...], 'mesociclos/nuevo', 'GimnasioMesociclos::nuevo')
 3 SYSTEMPATH/Router/RouteCollection.php(799): CodeIgniter\Router\RouteCollection::{closure}(Object(CodeIgniter\Router\RouteCollection))
 4 APPPATH/Config/Routes.php(144): CodeIgniter\Router\RouteCollection->group('gimnasio', [...], Object(Closure))
 5 SYSTEMPATH/Router/RouteCollection.php(339): require('/Applications/ServBay/www/trackbitos/app/Config/Routes.php')
 6 SYSTEMPATH/CodeIgniter.php(821): CodeIgniter\Router\RouteCollection->loadRoutes()
 7 SYSTEMPATH/CodeIgniter.php(455): CodeIgniter\CodeIgniter->tryToRouteIt(null)
 8 SYSTEMPATH/CodeIgniter.php(354): CodeIgniter\CodeIgniter->handleRequest(null, Object(Config\Cache), false)
 9 SYSTEMPATH/Boot.php(363): CodeIgniter\CodeIgniter->run()
10 SYSTEMPATH/Boot.php(68): CodeIgniter\Boot::runCodeIgniter(Object(CodeIgniter\CodeIgniter))
11 FCPATH/index.php(59): CodeIgniter\Boot::bootWeb(Object(Config\Paths))
WARNING - 2025-09-18 15:36:20 --> [DEPRECATED] Passing lowercase HTTP method "post" is deprecated. Use uppercase HTTP method like "POST". in SYSTEMPATH/Router/RouteCollection.php on line 1026.
 1 SYSTEMPATH/Router/RouteCollection.php(1026): trigger_error('Passing lowercase HTTP method "post" is deprecated. Use uppercase HTTP method like "POST".', 16384)
 2 APPPATH/Config/Routes.php(146): CodeIgniter\Router\RouteCollection->match([...], 'mesociclos/nuevo', 'GimnasioMesociclos::nuevo')
 3 SYSTEMPATH/Router/RouteCollection.php(799): CodeIgniter\Router\RouteCollection::{closure}(Object(CodeIgniter\Router\RouteCollection))
 4 APPPATH/Config/Routes.php(144): CodeIgniter\Router\RouteCollection->group('gimnasio', [...], Object(Closure))
 5 SYSTEMPATH/Router/RouteCollection.php(339): require('/Applications/ServBay/www/trackbitos/app/Config/Routes.php')
 6 SYSTEMPATH/CodeIgniter.php(821): CodeIgniter\Router\RouteCollection->loadRoutes()
 7 SYSTEMPATH/CodeIgniter.php(455): CodeIgniter\CodeIgniter->tryToRouteIt(null)
 8 SYSTEMPATH/CodeIgniter.php(354): CodeIgniter\CodeIgniter->handleRequest(null, Object(Config\Cache), false)
 9 SYSTEMPATH/Boot.php(363): CodeIgniter\CodeIgniter->run()
10 SYSTEMPATH/Boot.php(68): CodeIgniter\Boot::runCodeIgniter(Object(CodeIgniter\CodeIgniter))
11 FCPATH/index.php(59): CodeIgniter\Boot::bootWeb(Object(Config\Paths))
WARNING - 2025-09-18 15:36:20 --> [DEPRECATED] Passing lowercase HTTP method "get" is deprecated. Use uppercase HTTP method like "GET". in SYSTEMPATH/Router/RouteCollection.php on line 1026.
 1 SYSTEMPATH/Router/RouteCollection.php(1026): trigger_error('Passing lowercase HTTP method "get" is deprecated. Use uppercase HTTP method like "GET".', 16384)
 2 APPPATH/Config/Routes.php(148): CodeIgniter\Router\RouteCollection->match([...], 'mesociclos/(:num)/bloque/nuevo', 'GimnasioMesociclos::bloqueNuevo/$1')
 3 SYSTEMPATH/Router/RouteCollection.php(799): CodeIgniter\Router\RouteCollection::{closure}(Object(CodeIgniter\Router\RouteCollection))
 4 APPPATH/Config/Routes.php(144): CodeIgniter\Router\RouteCollection->group('gimnasio', [...], Object(Closure))
 5 SYSTEMPATH/Router/RouteCollection.php(339): require('/Applications/ServBay/www/trackbitos/app/Config/Routes.php')
 6 SYSTEMPATH/CodeIgniter.php(821): CodeIgniter\Router\RouteCollection->loadRoutes()
 7 SYSTEMPATH/CodeIgniter.php(455): CodeIgniter\CodeIgniter->tryToRouteIt(null)
 8 SYSTEMPATH/CodeIgniter.php(354): CodeIgniter\CodeIgniter->handleRequest(null, Object(Config\Cache), false)
 9 SYSTEMPATH/Boot.php(363): CodeIgniter\CodeIgniter->run()
10 SYSTEMPATH/Boot.php(68): CodeIgniter\Boot::runCodeIgniter(Object(CodeIgniter\CodeIgniter))
11 FCPATH/index.php(59): CodeIgniter\Boot::bootWeb(Object(Config\Paths))
WARNING - 2025-09-18 15:36:20 --> [DEPRECATED] Passing lowercase HTTP method "post" is deprecated. Use uppercase HTTP method like "POST". in SYSTEMPATH/Router/RouteCollection.php on line 1026.
 1 SYSTEMPATH/Router/RouteCollection.php(1026): trigger_error('Passing lowercase HTTP method "post" is deprecated. Use uppercase HTTP method like "POST".', 16384)
 2 APPPATH/Config/Routes.php(148): CodeIgniter\Router\RouteCollection->match([...], 'mesociclos/(:num)/bloque/nuevo', 'GimnasioMesociclos::bloqueNuevo/$1')
 3 SYSTEMPATH/Router/RouteCollection.php(799): CodeIgniter\Router\RouteCollection::{closure}(Object(CodeIgniter\Router\RouteCollection))
 4 APPPATH/Config/Routes.php(144): CodeIgniter\Router\RouteCollection->group('gimnasio', [...], Object(Closure))
 5 SYSTEMPATH/Router/RouteCollection.php(339): require('/Applications/ServBay/www/trackbitos/app/Config/Routes.php')
 6 SYSTEMPATH/CodeIgniter.php(821): CodeIgniter\Router\RouteCollection->loadRoutes()
 7 SYSTEMPATH/CodeIgniter.php(455): CodeIgniter\CodeIgniter->tryToRouteIt(null)
 8 SYSTEMPATH/CodeIgniter.php(354): CodeIgniter\CodeIgniter->handleRequest(null, Object(Config\Cache), false)
 9 SYSTEMPATH/Boot.php(363): CodeIgniter\CodeIgniter->run()
10 SYSTEMPATH/Boot.php(68): CodeIgniter\Boot::runCodeIgniter(Object(CodeIgniter\CodeIgniter))
11 FCPATH/index.php(59): CodeIgniter\Boot::bootWeb(Object(Config\Paths))
WARNING - 2025-09-18 15:36:20 --> [DEPRECATED] Passing lowercase HTTP method "get" is deprecated. Use uppercase HTTP method like "GET". in SYSTEMPATH/Router/RouteCollection.php on line 1026.
 1 SYSTEMPATH/Router/RouteCollection.php(1026): trigger_error('Passing lowercase HTTP method "get" is deprecated. Use uppercase HTTP method like "GET".', 16384)
 2 APPPATH/Config/Routes.php(150): CodeIgniter\Router\RouteCollection->match([...], 'mesociclos/(:num)/asignar/(:num)', 'GimnasioMesociclos::asignar/$1/$2')
 3 SYSTEMPATH/Router/RouteCollection.php(799): CodeIgniter\Router\RouteCollection::{closure}(Object(CodeIgniter\Router\RouteCollection))
 4 APPPATH/Config/Routes.php(144): CodeIgniter\Router\RouteCollection->group('gimnasio', [...], Object(Closure))
 5 SYSTEMPATH/Router/RouteCollection.php(339): require('/Applications/ServBay/www/trackbitos/app/Config/Routes.php')
 6 SYSTEMPATH/CodeIgniter.php(821): CodeIgniter\Router\RouteCollection->loadRoutes()
 7 SYSTEMPATH/CodeIgniter.php(455): CodeIgniter\CodeIgniter->tryToRouteIt(null)
 8 SYSTEMPATH/CodeIgniter.php(354): CodeIgniter\CodeIgniter->handleRequest(null, Object(Config\Cache), false)
 9 SYSTEMPATH/Boot.php(363): CodeIgniter\CodeIgniter->run()
10 SYSTEMPATH/Boot.php(68): CodeIgniter\Boot::runCodeIgniter(Object(CodeIgniter\CodeIgniter))
11 FCPATH/index.php(59): CodeIgniter\Boot::bootWeb(Object(Config\Paths))
WARNING - 2025-09-18 15:36:20 --> [DEPRECATED] Passing lowercase HTTP method "post" is deprecated. Use uppercase HTTP method like "POST". in SYSTEMPATH/Router/RouteCollection.php on line 1026.
 1 SYSTEMPATH/Router/RouteCollection.php(1026): trigger_error('Passing lowercase HTTP method "post" is deprecated. Use uppercase HTTP method like "POST".', 16384)
 2 APPPATH/Config/Routes.php(150): CodeIgniter\Router\RouteCollection->match([...], 'mesociclos/(:num)/asignar/(:num)', 'GimnasioMesociclos::asignar/$1/$2')
 3 SYSTEMPATH/Router/RouteCollection.php(799): CodeIgniter\Router\RouteCollection::{closure}(Object(CodeIgniter\Router\RouteCollection))
 4 APPPATH/Config/Routes.php(144): CodeIgniter\Router\RouteCollection->group('gimnasio', [...], Object(Closure))
 5 SYSTEMPATH/Router/RouteCollection.php(339): require('/Applications/ServBay/www/trackbitos/app/Config/Routes.php')
 6 SYSTEMPATH/CodeIgniter.php(821): CodeIgniter\Router\RouteCollection->loadRoutes()
 7 SYSTEMPATH/CodeIgniter.php(455): CodeIgniter\CodeIgniter->tryToRouteIt(null)
 8 SYSTEMPATH/CodeIgniter.php(354): CodeIgniter\CodeIgniter->handleRequest(null, Object(Config\Cache), false)
 9 SYSTEMPATH/Boot.php(363): CodeIgniter\CodeIgniter->run()
10 SYSTEMPATH/Boot.php(68): CodeIgniter\Boot::runCodeIgniter(Object(CodeIgniter\CodeIgniter))
11 FCPATH/index.php(59): CodeIgniter\Boot::bootWeb(Object(Config\Paths))
WARNING - 2025-09-18 15:36:20 --> [DEPRECATED] Passing lowercase HTTP method "get" is deprecated. Use uppercase HTTP method like "GET". in SYSTEMPATH/Router/RouteCollection.php on line 1026.
 1 SYSTEMPATH/Router/RouteCollection.php(1026): trigger_error('Passing lowercase HTTP method "get" is deprecated. Use uppercase HTTP method like "GET".', 16384)
 2 APPPATH/Config/Routes.php(153): CodeIgniter\Router\RouteCollection->match([...], 'mesociclos/(:num)/generar', 'GimnasioMesociclos::generar/$1')
 3 SYSTEMPATH/Router/RouteCollection.php(799): CodeIgniter\Router\RouteCollection::{closure}(Object(CodeIgniter\Router\RouteCollection))
 4 APPPATH/Config/Routes.php(144): CodeIgniter\Router\RouteCollection->group('gimnasio', [...], Object(Closure))
 5 SYSTEMPATH/Router/RouteCollection.php(339): require('/Applications/ServBay/www/trackbitos/app/Config/Routes.php')
 6 SYSTEMPATH/CodeIgniter.php(821): CodeIgniter\Router\RouteCollection->loadRoutes()
 7 SYSTEMPATH/CodeIgniter.php(455): CodeIgniter\CodeIgniter->tryToRouteIt(null)
 8 SYSTEMPATH/CodeIgniter.php(354): CodeIgniter\CodeIgniter->handleRequest(null, Object(Config\Cache), false)
 9 SYSTEMPATH/Boot.php(363): CodeIgniter\CodeIgniter->run()
10 SYSTEMPATH/Boot.php(68): CodeIgniter\Boot::runCodeIgniter(Object(CodeIgniter\CodeIgniter))
11 FCPATH/index.php(59): CodeIgniter\Boot::bootWeb(Object(Config\Paths))
WARNING - 2025-09-18 15:36:20 --> [DEPRECATED] Passing lowercase HTTP method "post" is deprecated. Use uppercase HTTP method like "POST". in SYSTEMPATH/Router/RouteCollection.php on line 1026.
 1 SYSTEMPATH/Router/RouteCollection.php(1026): trigger_error('Passing lowercase HTTP method "post" is deprecated. Use uppercase HTTP method like "POST".', 16384)
 2 APPPATH/Config/Routes.php(153): CodeIgniter\Router\RouteCollection->match([...], 'mesociclos/(:num)/generar', 'GimnasioMesociclos::generar/$1')
 3 SYSTEMPATH/Router/RouteCollection.php(799): CodeIgniter\Router\RouteCollection::{closure}(Object(CodeIgniter\Router\RouteCollection))
 4 APPPATH/Config/Routes.php(144): CodeIgniter\Router\RouteCollection->group('gimnasio', [...], Object(Closure))
 5 SYSTEMPATH/Router/RouteCollection.php(339): require('/Applications/ServBay/www/trackbitos/app/Config/Routes.php')
 6 SYSTEMPATH/CodeIgniter.php(821): CodeIgniter\Router\RouteCollection->loadRoutes()
 7 SYSTEMPATH/CodeIgniter.php(455): CodeIgniter\CodeIgniter->tryToRouteIt(null)
 8 SYSTEMPATH/CodeIgniter.php(354): CodeIgniter\CodeIgniter->handleRequest(null, Object(Config\Cache), false)
 9 SYSTEMPATH/Boot.php(363): CodeIgniter\CodeIgniter->run()
10 SYSTEMPATH/Boot.php(68): CodeIgniter\Boot::runCodeIgniter(Object(CodeIgniter\CodeIgniter))
11 FCPATH/index.php(59): CodeIgniter\Boot::bootWeb(Object(Config\Paths))
WARNING - 2025-09-18 15:36:20 --> [DEPRECATED] Passing lowercase HTTP method "get" is deprecated. Use uppercase HTTP method like "GET". in SYSTEMPATH/Router/RouteCollection.php on line 1026.
 1 SYSTEMPATH/Router/RouteCollection.php(1026): trigger_error('Passing lowercase HTTP method "get" is deprecated. Use uppercase HTTP method like "GET".', 16384)
 2 APPPATH/Config/Routes.php(161): CodeIgniter\Router\RouteCollection->match([...], 'mesociclos/(:num)/generar/bilbo', 'GimnasioMesociclos::generarBilbo/$1')
 3 SYSTEMPATH/Router/RouteCollection.php(799): CodeIgniter\Router\RouteCollection::{closure}(Object(CodeIgniter\Router\RouteCollection))
 4 APPPATH/Config/Routes.php(144): CodeIgniter\Router\RouteCollection->group('gimnasio', [...], Object(Closure))
 5 SYSTEMPATH/Router/RouteCollection.php(339): require('/Applications/ServBay/www/trackbitos/app/Config/Routes.php')
 6 SYSTEMPATH/CodeIgniter.php(821): CodeIgniter\Router\RouteCollection->loadRoutes()
 7 SYSTEMPATH/CodeIgniter.php(455): CodeIgniter\CodeIgniter->tryToRouteIt(null)
 8 SYSTEMPATH/CodeIgniter.php(354): CodeIgniter\CodeIgniter->handleRequest(null, Object(Config\Cache), false)
 9 SYSTEMPATH/Boot.php(363): CodeIgniter\CodeIgniter->run()
10 SYSTEMPATH/Boot.php(68): CodeIgniter\Boot::runCodeIgniter(Object(CodeIgniter\CodeIgniter))
11 FCPATH/index.php(59): CodeIgniter\Boot::bootWeb(Object(Config\Paths))
WARNING - 2025-09-18 15:36:20 --> [DEPRECATED] Passing lowercase HTTP method "post" is deprecated. Use uppercase HTTP method like "POST". in SYSTEMPATH/Router/RouteCollection.php on line 1026.
 1 SYSTEMPATH/Router/RouteCollection.php(1026): trigger_error('Passing lowercase HTTP method "post" is deprecated. Use uppercase HTTP method like "POST".', 16384)
 2 APPPATH/Config/Routes.php(161): CodeIgniter\Router\RouteCollection->match([...], 'mesociclos/(:num)/generar/bilbo', 'GimnasioMesociclos::generarBilbo/$1')
 3 SYSTEMPATH/Router/RouteCollection.php(799): CodeIgniter\Router\RouteCollection::{closure}(Object(CodeIgniter\Router\RouteCollection))
 4 APPPATH/Config/Routes.php(144): CodeIgniter\Router\RouteCollection->group('gimnasio', [...], Object(Closure))
 5 SYSTEMPATH/Router/RouteCollection.php(339): require('/Applications/ServBay/www/trackbitos/app/Config/Routes.php')
 6 SYSTEMPATH/CodeIgniter.php(821): CodeIgniter\Router\RouteCollection->loadRoutes()
 7 SYSTEMPATH/CodeIgniter.php(455): CodeIgniter\CodeIgniter->tryToRouteIt(null)
 8 SYSTEMPATH/CodeIgniter.php(354): CodeIgniter\CodeIgniter->handleRequest(null, Object(Config\Cache), false)
 9 SYSTEMPATH/Boot.php(363): CodeIgniter\CodeIgniter->run()
10 SYSTEMPATH/Boot.php(68): CodeIgniter\Boot::runCodeIgniter(Object(CodeIgniter\CodeIgniter))
11 FCPATH/index.php(59): CodeIgniter\Boot::bootWeb(Object(Config\Paths))
WARNING - 2025-09-18 15:36:20 --> [DEPRECATED] Passing lowercase HTTP method "get" is deprecated. Use uppercase HTTP method like "GET". in SYSTEMPATH/Router/RouteCollection.php on line 1026.
 1 SYSTEMPATH/Router/RouteCollection.php(1026): trigger_error('Passing lowercase HTTP method "get" is deprecated. Use uppercase HTTP method like "GET".', 16384)
 2 APPPATH/Config/Routes.php(261): CodeIgniter\Router\RouteCollection->match([...], 'crear', 'Youtube::crearLista')
 3 SYSTEMPATH/Router/RouteCollection.php(799): CodeIgniter\Router\RouteCollection::{closure}(Object(CodeIgniter\Router\RouteCollection))
 4 APPPATH/Config/Routes.php(259): CodeIgniter\Router\RouteCollection->group('youtube', [...], Object(Closure))
 5 SYSTEMPATH/Router/RouteCollection.php(339): require('/Applications/ServBay/www/trackbitos/app/Config/Routes.php')
 6 SYSTEMPATH/CodeIgniter.php(821): CodeIgniter\Router\RouteCollection->loadRoutes()
 7 SYSTEMPATH/CodeIgniter.php(455): CodeIgniter\CodeIgniter->tryToRouteIt(null)
 8 SYSTEMPATH/CodeIgniter.php(354): CodeIgniter\CodeIgniter->handleRequest(null, Object(Config\Cache), false)
 9 SYSTEMPATH/Boot.php(363): CodeIgniter\CodeIgniter->run()
10 SYSTEMPATH/Boot.php(68): CodeIgniter\Boot::runCodeIgniter(Object(CodeIgniter\CodeIgniter))
11 FCPATH/index.php(59): CodeIgniter\Boot::bootWeb(Object(Config\Paths))
WARNING - 2025-09-18 15:36:20 --> [DEPRECATED] Passing lowercase HTTP method "post" is deprecated. Use uppercase HTTP method like "POST". in SYSTEMPATH/Router/RouteCollection.php on line 1026.
 1 SYSTEMPATH/Router/RouteCollection.php(1026): trigger_error('Passing lowercase HTTP method "post" is deprecated. Use uppercase HTTP method like "POST".', 16384)
 2 APPPATH/Config/Routes.php(261): CodeIgniter\Router\RouteCollection->match([...], 'crear', 'Youtube::crearLista')
 3 SYSTEMPATH/Router/RouteCollection.php(799): CodeIgniter\Router\RouteCollection::{closure}(Object(CodeIgniter\Router\RouteCollection))
 4 APPPATH/Config/Routes.php(259): CodeIgniter\Router\RouteCollection->group('youtube', [...], Object(Closure))
 5 SYSTEMPATH/Router/RouteCollection.php(339): require('/Applications/ServBay/www/trackbitos/app/Config/Routes.php')
 6 SYSTEMPATH/CodeIgniter.php(821): CodeIgniter\Router\RouteCollection->loadRoutes()
 7 SYSTEMPATH/CodeIgniter.php(455): CodeIgniter\CodeIgniter->tryToRouteIt(null)
 8 SYSTEMPATH/CodeIgniter.php(354): CodeIgniter\CodeIgniter->handleRequest(null, Object(Config\Cache), false)
 9 SYSTEMPATH/Boot.php(363): CodeIgniter\CodeIgniter->run()
10 SYSTEMPATH/Boot.php(68): CodeIgniter\Boot::runCodeIgniter(Object(CodeIgniter\CodeIgniter))
11 FCPATH/index.php(59): CodeIgniter\Boot::bootWeb(Object(Config\Paths))
DEBUG - 2025-09-18 15:36:20 --> Session: Class initialized using 'CodeIgniter\Session\Handlers\FileHandler' driver.
WARNING - 2025-09-18 15:36:22 --> [DEPRECATED] Passing lowercase HTTP method "get" is deprecated. Use uppercase HTTP method like "GET". in SYSTEMPATH/Router/RouteCollection.php on line 1026.
 1 SYSTEMPATH/Router/RouteCollection.php(1026): trigger_error('Passing lowercase HTTP method "get" is deprecated. Use uppercase HTTP method like "GET".', 16384)
 2 APPPATH/Config/Routes.php(146): CodeIgniter\Router\RouteCollection->match([...], 'mesociclos/nuevo', 'GimnasioMesociclos::nuevo')
 3 SYSTEMPATH/Router/RouteCollection.php(799): CodeIgniter\Router\RouteCollection::{closure}(Object(CodeIgniter\Router\RouteCollection))
 4 APPPATH/Config/Routes.php(144): CodeIgniter\Router\RouteCollection->group('gimnasio', [...], Object(Closure))
 5 SYSTEMPATH/Router/RouteCollection.php(339): require('/Applications/ServBay/www/trackbitos/app/Config/Routes.php')
 6 SYSTEMPATH/CodeIgniter.php(821): CodeIgniter\Router\RouteCollection->loadRoutes()
 7 SYSTEMPATH/CodeIgniter.php(455): CodeIgniter\CodeIgniter->tryToRouteIt(null)
 8 SYSTEMPATH/CodeIgniter.php(354): CodeIgniter\CodeIgniter->handleRequest(null, Object(Config\Cache), false)
 9 SYSTEMPATH/Boot.php(363): CodeIgniter\CodeIgniter->run()
10 SYSTEMPATH/Boot.php(68): CodeIgniter\Boot::runCodeIgniter(Object(CodeIgniter\CodeIgniter))
11 FCPATH/index.php(59): CodeIgniter\Boot::bootWeb(Object(Config\Paths))
WARNING - 2025-09-18 15:36:22 --> [DEPRECATED] Passing lowercase HTTP method "post" is deprecated. Use uppercase HTTP method like "POST". in SYSTEMPATH/Router/RouteCollection.php on line 1026.
 1 SYSTEMPATH/Router/RouteCollection.php(1026): trigger_error('Passing lowercase HTTP method "post" is deprecated. Use uppercase HTTP method like "POST".', 16384)
 2 APPPATH/Config/Routes.php(146): CodeIgniter\Router\RouteCollection->match([...], 'mesociclos/nuevo', 'GimnasioMesociclos::nuevo')
 3 SYSTEMPATH/Router/RouteCollection.php(799): CodeIgniter\Router\RouteCollection::{closure}(Object(CodeIgniter\Router\RouteCollection))
 4 APPPATH/Config/Routes.php(144): CodeIgniter\Router\RouteCollection->group('gimnasio', [...], Object(Closure))
 5 SYSTEMPATH/Router/RouteCollection.php(339): require('/Applications/ServBay/www/trackbitos/app/Config/Routes.php')
 6 SYSTEMPATH/CodeIgniter.php(821): CodeIgniter\Router\RouteCollection->loadRoutes()
 7 SYSTEMPATH/CodeIgniter.php(455): CodeIgniter\CodeIgniter->tryToRouteIt(null)
 8 SYSTEMPATH/CodeIgniter.php(354): CodeIgniter\CodeIgniter->handleRequest(null, Object(Config\Cache), false)
 9 SYSTEMPATH/Boot.php(363): CodeIgniter\CodeIgniter->run()
10 SYSTEMPATH/Boot.php(68): CodeIgniter\Boot::runCodeIgniter(Object(CodeIgniter\CodeIgniter))
11 FCPATH/index.php(59): CodeIgniter\Boot::bootWeb(Object(Config\Paths))
WARNING - 2025-09-18 15:36:22 --> [DEPRECATED] Passing lowercase HTTP method "get" is deprecated. Use uppercase HTTP method like "GET". in SYSTEMPATH/Router/RouteCollection.php on line 1026.
 1 SYSTEMPATH/Router/RouteCollection.php(1026): trigger_error('Passing lowercase HTTP method "get" is deprecated. Use uppercase HTTP method like "GET".', 16384)
 2 APPPATH/Config/Routes.php(148): CodeIgniter\Router\RouteCollection->match([...], 'mesociclos/(:num)/bloque/nuevo', 'GimnasioMesociclos::bloqueNuevo/$1')
 3 SYSTEMPATH/Router/RouteCollection.php(799): CodeIgniter\Router\RouteCollection::{closure}(Object(CodeIgniter\Router\RouteCollection))
 4 APPPATH/Config/Routes.php(144): CodeIgniter\Router\RouteCollection->group('gimnasio', [...], Object(Closure))
 5 SYSTEMPATH/Router/RouteCollection.php(339): require('/Applications/ServBay/www/trackbitos/app/Config/Routes.php')
 6 SYSTEMPATH/CodeIgniter.php(821): CodeIgniter\Router\RouteCollection->loadRoutes()
 7 SYSTEMPATH/CodeIgniter.php(455): CodeIgniter\CodeIgniter->tryToRouteIt(null)
 8 SYSTEMPATH/CodeIgniter.php(354): CodeIgniter\CodeIgniter->handleRequest(null, Object(Config\Cache), false)
 9 SYSTEMPATH/Boot.php(363): CodeIgniter\CodeIgniter->run()
10 SYSTEMPATH/Boot.php(68): CodeIgniter\Boot::runCodeIgniter(Object(CodeIgniter\CodeIgniter))
11 FCPATH/index.php(59): CodeIgniter\Boot::bootWeb(Object(Config\Paths))
WARNING - 2025-09-18 15:36:22 --> [DEPRECATED] Passing lowercase HTTP method "post" is deprecated. Use uppercase HTTP method like "POST". in SYSTEMPATH/Router/RouteCollection.php on line 1026.
 1 SYSTEMPATH/Router/RouteCollection.php(1026): trigger_error('Passing lowercase HTTP method "post" is deprecated. Use uppercase HTTP method like "POST".', 16384)
 2 APPPATH/Config/Routes.php(148): CodeIgniter\Router\RouteCollection->match([...], 'mesociclos/(:num)/bloque/nuevo', 'GimnasioMesociclos::bloqueNuevo/$1')
 3 SYSTEMPATH/Router/RouteCollection.php(799): CodeIgniter\Router\RouteCollection::{closure}(Object(CodeIgniter\Router\RouteCollection))
 4 APPPATH/Config/Routes.php(144): CodeIgniter\Router\RouteCollection->group('gimnasio', [...], Object(Closure))
 5 SYSTEMPATH/Router/RouteCollection.php(339): require('/Applications/ServBay/www/trackbitos/app/Config/Routes.php')
 6 SYSTEMPATH/CodeIgniter.php(821): CodeIgniter\Router\RouteCollection->loadRoutes()
 7 SYSTEMPATH/CodeIgniter.php(455): CodeIgniter\CodeIgniter->tryToRouteIt(null)
 8 SYSTEMPATH/CodeIgniter.php(354): CodeIgniter\CodeIgniter->handleRequest(null, Object(Config\Cache), false)
 9 SYSTEMPATH/Boot.php(363): CodeIgniter\CodeIgniter->run()
10 SYSTEMPATH/Boot.php(68): CodeIgniter\Boot::runCodeIgniter(Object(CodeIgniter\CodeIgniter))
11 FCPATH/index.php(59): CodeIgniter\Boot::bootWeb(Object(Config\Paths))
WARNING - 2025-09-18 15:36:22 --> [DEPRECATED] Passing lowercase HTTP method "get" is deprecated. Use uppercase HTTP method like "GET". in SYSTEMPATH/Router/RouteCollection.php on line 1026.
 1 SYSTEMPATH/Router/RouteCollection.php(1026): trigger_error('Passing lowercase HTTP method "get" is deprecated. Use uppercase HTTP method like "GET".', 16384)
 2 APPPATH/Config/Routes.php(150): CodeIgniter\Router\RouteCollection->match([...], 'mesociclos/(:num)/asignar/(:num)', 'GimnasioMesociclos::asignar/$1/$2')
 3 SYSTEMPATH/Router/RouteCollection.php(799): CodeIgniter\Router\RouteCollection::{closure}(Object(CodeIgniter\Router\RouteCollection))
 4 APPPATH/Config/Routes.php(144): CodeIgniter\Router\RouteCollection->group('gimnasio', [...], Object(Closure))
 5 SYSTEMPATH/Router/RouteCollection.php(339): require('/Applications/ServBay/www/trackbitos/app/Config/Routes.php')
 6 SYSTEMPATH/CodeIgniter.php(821): CodeIgniter\Router\RouteCollection->loadRoutes()
 7 SYSTEMPATH/CodeIgniter.php(455): CodeIgniter\CodeIgniter->tryToRouteIt(null)
 8 SYSTEMPATH/CodeIgniter.php(354): CodeIgniter\CodeIgniter->handleRequest(null, Object(Config\Cache), false)
 9 SYSTEMPATH/Boot.php(363): CodeIgniter\CodeIgniter->run()
10 SYSTEMPATH/Boot.php(68): CodeIgniter\Boot::runCodeIgniter(Object(CodeIgniter\CodeIgniter))
11 FCPATH/index.php(59): CodeIgniter\Boot::bootWeb(Object(Config\Paths))
WARNING - 2025-09-18 15:36:22 --> [DEPRECATED] Passing lowercase HTTP method "post" is deprecated. Use uppercase HTTP method like "POST". in SYSTEMPATH/Router/RouteCollection.php on line 1026.
 1 SYSTEMPATH/Router/RouteCollection.php(1026): trigger_error('Passing lowercase HTTP method "post" is deprecated. Use uppercase HTTP method like "POST".', 16384)
 2 APPPATH/Config/Routes.php(150): CodeIgniter\Router\RouteCollection->match([...], 'mesociclos/(:num)/asignar/(:num)', 'GimnasioMesociclos::asignar/$1/$2')
 3 SYSTEMPATH/Router/RouteCollection.php(799): CodeIgniter\Router\RouteCollection::{closure}(Object(CodeIgniter\Router\RouteCollection))
 4 APPPATH/Config/Routes.php(144): CodeIgniter\Router\RouteCollection->group('gimnasio', [...], Object(Closure))
 5 SYSTEMPATH/Router/RouteCollection.php(339): require('/Applications/ServBay/www/trackbitos/app/Config/Routes.php')
 6 SYSTEMPATH/CodeIgniter.php(821): CodeIgniter\Router\RouteCollection->loadRoutes()
 7 SYSTEMPATH/CodeIgniter.php(455): CodeIgniter\CodeIgniter->tryToRouteIt(null)
 8 SYSTEMPATH/CodeIgniter.php(354): CodeIgniter\CodeIgniter->handleRequest(null, Object(Config\Cache), false)
 9 SYSTEMPATH/Boot.php(363): CodeIgniter\CodeIgniter->run()
10 SYSTEMPATH/Boot.php(68): CodeIgniter\Boot::runCodeIgniter(Object(CodeIgniter\CodeIgniter))
11 FCPATH/index.php(59): CodeIgniter\Boot::bootWeb(Object(Config\Paths))
WARNING - 2025-09-18 15:36:22 --> [DEPRECATED] Passing lowercase HTTP method "get" is deprecated. Use uppercase HTTP method like "GET". in SYSTEMPATH/Router/RouteCollection.php on line 1026.
 1 SYSTEMPATH/Router/RouteCollection.php(1026): trigger_error('Passing lowercase HTTP method "get" is deprecated. Use uppercase HTTP method like "GET".', 16384)
 2 APPPATH/Config/Routes.php(153): CodeIgniter\Router\RouteCollection->match([...], 'mesociclos/(:num)/generar', 'GimnasioMesociclos::generar/$1')
 3 SYSTEMPATH/Router/RouteCollection.php(799): CodeIgniter\Router\RouteCollection::{closure}(Object(CodeIgniter\Router\RouteCollection))
 4 APPPATH/Config/Routes.php(144): CodeIgniter\Router\RouteCollection->group('gimnasio', [...], Object(Closure))
 5 SYSTEMPATH/Router/RouteCollection.php(339): require('/Applications/ServBay/www/trackbitos/app/Config/Routes.php')
 6 SYSTEMPATH/CodeIgniter.php(821): CodeIgniter\Router\RouteCollection->loadRoutes()
 7 SYSTEMPATH/CodeIgniter.php(455): CodeIgniter\CodeIgniter->tryToRouteIt(null)
 8 SYSTEMPATH/CodeIgniter.php(354): CodeIgniter\CodeIgniter->handleRequest(null, Object(Config\Cache), false)
 9 SYSTEMPATH/Boot.php(363): CodeIgniter\CodeIgniter->run()
10 SYSTEMPATH/Boot.php(68): CodeIgniter\Boot::runCodeIgniter(Object(CodeIgniter\CodeIgniter))
11 FCPATH/index.php(59): CodeIgniter\Boot::bootWeb(Object(Config\Paths))
WARNING - 2025-09-18 15:36:22 --> [DEPRECATED] Passing lowercase HTTP method "post" is deprecated. Use uppercase HTTP method like "POST". in SYSTEMPATH/Router/RouteCollection.php on line 1026.
 1 SYSTEMPATH/Router/RouteCollection.php(1026): trigger_error('Passing lowercase HTTP method "post" is deprecated. Use uppercase HTTP method like "POST".', 16384)
 2 APPPATH/Config/Routes.php(153): CodeIgniter\Router\RouteCollection->match([...], 'mesociclos/(:num)/generar', 'GimnasioMesociclos::generar/$1')
 3 SYSTEMPATH/Router/RouteCollection.php(799): CodeIgniter\Router\RouteCollection::{closure}(Object(CodeIgniter\Router\RouteCollection))
 4 APPPATH/Config/Routes.php(144): CodeIgniter\Router\RouteCollection->group('gimnasio', [...], Object(Closure))
 5 SYSTEMPATH/Router/RouteCollection.php(339): require('/Applications/ServBay/www/trackbitos/app/Config/Routes.php')
 6 SYSTEMPATH/CodeIgniter.php(821): CodeIgniter\Router\RouteCollection->loadRoutes()
 7 SYSTEMPATH/CodeIgniter.php(455): CodeIgniter\CodeIgniter->tryToRouteIt(null)
 8 SYSTEMPATH/CodeIgniter.php(354): CodeIgniter\CodeIgniter->handleRequest(null, Object(Config\Cache), false)
 9 SYSTEMPATH/Boot.php(363): CodeIgniter\CodeIgniter->run()
10 SYSTEMPATH/Boot.php(68): CodeIgniter\Boot::runCodeIgniter(Object(CodeIgniter\CodeIgniter))
11 FCPATH/index.php(59): CodeIgniter\Boot::bootWeb(Object(Config\Paths))
WARNING - 2025-09-18 15:36:22 --> [DEPRECATED] Passing lowercase HTTP method "get" is deprecated. Use uppercase HTTP method like "GET". in SYSTEMPATH/Router/RouteCollection.php on line 1026.
 1 SYSTEMPATH/Router/RouteCollection.php(1026): trigger_error('Passing lowercase HTTP method "get" is deprecated. Use uppercase HTTP method like "GET".', 16384)
 2 APPPATH/Config/Routes.php(161): CodeIgniter\Router\RouteCollection->match([...], 'mesociclos/(:num)/generar/bilbo', 'GimnasioMesociclos::generarBilbo/$1')
 3 SYSTEMPATH/Router/RouteCollection.php(799): CodeIgniter\Router\RouteCollection::{closure}(Object(CodeIgniter\Router\RouteCollection))
 4 APPPATH/Config/Routes.php(144): CodeIgniter\Router\RouteCollection->group('gimnasio', [...], Object(Closure))
 5 SYSTEMPATH/Router/RouteCollection.php(339): require('/Applications/ServBay/www/trackbitos/app/Config/Routes.php')
 6 SYSTEMPATH/CodeIgniter.php(821): CodeIgniter\Router\RouteCollection->loadRoutes()
 7 SYSTEMPATH/CodeIgniter.php(455): CodeIgniter\CodeIgniter->tryToRouteIt(null)
 8 SYSTEMPATH/CodeIgniter.php(354): CodeIgniter\CodeIgniter->handleRequest(null, Object(Config\Cache), false)
 9 SYSTEMPATH/Boot.php(363): CodeIgniter\CodeIgniter->run()
10 SYSTEMPATH/Boot.php(68): CodeIgniter\Boot::runCodeIgniter(Object(CodeIgniter\CodeIgniter))
11 FCPATH/index.php(59): CodeIgniter\Boot::bootWeb(Object(Config\Paths))
WARNING - 2025-09-18 15:36:22 --> [DEPRECATED] Passing lowercase HTTP method "post" is deprecated. Use uppercase HTTP method like "POST". in SYSTEMPATH/Router/RouteCollection.php on line 1026.
 1 SYSTEMPATH/Router/RouteCollection.php(1026): trigger_error('Passing lowercase HTTP method "post" is deprecated. Use uppercase HTTP method like "POST".', 16384)
 2 APPPATH/Config/Routes.php(161): CodeIgniter\Router\RouteCollection->match([...], 'mesociclos/(:num)/generar/bilbo', 'GimnasioMesociclos::generarBilbo/$1')
 3 SYSTEMPATH/Router/RouteCollection.php(799): CodeIgniter\Router\RouteCollection::{closure}(Object(CodeIgniter\Router\RouteCollection))
 4 APPPATH/Config/Routes.php(144): CodeIgniter\Router\RouteCollection->group('gimnasio', [...], Object(Closure))
 5 SYSTEMPATH/Router/RouteCollection.php(339): require('/Applications/ServBay/www/trackbitos/app/Config/Routes.php')
 6 SYSTEMPATH/CodeIgniter.php(821): CodeIgniter\Router\RouteCollection->loadRoutes()
 7 SYSTEMPATH/CodeIgniter.php(455): CodeIgniter\CodeIgniter->tryToRouteIt(null)
 8 SYSTEMPATH/CodeIgniter.php(354): CodeIgniter\CodeIgniter->handleRequest(null, Object(Config\Cache), false)
 9 SYSTEMPATH/Boot.php(363): CodeIgniter\CodeIgniter->run()
10 SYSTEMPATH/Boot.php(68): CodeIgniter\Boot::runCodeIgniter(Object(CodeIgniter\CodeIgniter))
11 FCPATH/index.php(59): CodeIgniter\Boot::bootWeb(Object(Config\Paths))
WARNING - 2025-09-18 15:36:22 --> [DEPRECATED] Passing lowercase HTTP method "get" is deprecated. Use uppercase HTTP method like "GET". in SYSTEMPATH/Router/RouteCollection.php on line 1026.
 1 SYSTEMPATH/Router/RouteCollection.php(1026): trigger_error('Passing lowercase HTTP method "get" is deprecated. Use uppercase HTTP method like "GET".', 16384)
 2 APPPATH/Config/Routes.php(261): CodeIgniter\Router\RouteCollection->match([...], 'crear', 'Youtube::crearLista')
 3 SYSTEMPATH/Router/RouteCollection.php(799): CodeIgniter\Router\RouteCollection::{closure}(Object(CodeIgniter\Router\RouteCollection))
 4 APPPATH/Config/Routes.php(259): CodeIgniter\Router\RouteCollection->group('youtube', [...], Object(Closure))
 5 SYSTEMPATH/Router/RouteCollection.php(339): require('/Applications/ServBay/www/trackbitos/app/Config/Routes.php')
 6 SYSTEMPATH/CodeIgniter.php(821): CodeIgniter\Router\RouteCollection->loadRoutes()
 7 SYSTEMPATH/CodeIgniter.php(455): CodeIgniter\CodeIgniter->tryToRouteIt(null)
 8 SYSTEMPATH/CodeIgniter.php(354): CodeIgniter\CodeIgniter->handleRequest(null, Object(Config\Cache), false)
 9 SYSTEMPATH/Boot.php(363): CodeIgniter\CodeIgniter->run()
10 SYSTEMPATH/Boot.php(68): CodeIgniter\Boot::runCodeIgniter(Object(CodeIgniter\CodeIgniter))
11 FCPATH/index.php(59): CodeIgniter\Boot::bootWeb(Object(Config\Paths))
WARNING - 2025-09-18 15:36:22 --> [DEPRECATED] Passing lowercase HTTP method "post" is deprecated. Use uppercase HTTP method like "POST". in SYSTEMPATH/Router/RouteCollection.php on line 1026.
 1 SYSTEMPATH/Router/RouteCollection.php(1026): trigger_error('Passing lowercase HTTP method "post" is deprecated. Use uppercase HTTP method like "POST".', 16384)
 2 APPPATH/Config/Routes.php(261): CodeIgniter\Router\RouteCollection->match([...], 'crear', 'Youtube::crearLista')
 3 SYSTEMPATH/Router/RouteCollection.php(799): CodeIgniter\Router\RouteCollection::{closure}(Object(CodeIgniter\Router\RouteCollection))
 4 APPPATH/Config/Routes.php(259): CodeIgniter\Router\RouteCollection->group('youtube', [...], Object(Closure))
 5 SYSTEMPATH/Router/RouteCollection.php(339): require('/Applications/ServBay/www/trackbitos/app/Config/Routes.php')
 6 SYSTEMPATH/CodeIgniter.php(821): CodeIgniter\Router\RouteCollection->loadRoutes()
 7 SYSTEMPATH/CodeIgniter.php(455): CodeIgniter\CodeIgniter->tryToRouteIt(null)
 8 SYSTEMPATH/CodeIgniter.php(354): CodeIgniter\CodeIgniter->handleRequest(null, Object(Config\Cache), false)
 9 SYSTEMPATH/Boot.php(363): CodeIgniter\CodeIgniter->run()
10 SYSTEMPATH/Boot.php(68): CodeIgniter\Boot::runCodeIgniter(Object(CodeIgniter\CodeIgniter))
11 FCPATH/index.php(59): CodeIgniter\Boot::bootWeb(Object(Config\Paths))
DEBUG - 2025-09-18 15:36:22 --> Session: Class initialized using 'CodeIgniter\Session\Handlers\FileHandler' driver.
WARNING - 2025-09-18 15:36:24 --> [DEPRECATED] Passing lowercase HTTP method "get" is deprecated. Use uppercase HTTP method like "GET". in SYSTEMPATH/Router/RouteCollection.php on line 1026.
 1 SYSTEMPATH/Router/RouteCollection.php(1026): trigger_error('Passing lowercase HTTP method "get" is deprecated. Use uppercase HTTP method like "GET".', 16384)
 2 APPPATH/Config/Routes.php(146): CodeIgniter\Router\RouteCollection->match([...], 'mesociclos/nuevo', 'GimnasioMesociclos::nuevo')
 3 SYSTEMPATH/Router/RouteCollection.php(799): CodeIgniter\Router\RouteCollection::{closure}(Object(CodeIgniter\Router\RouteCollection))
 4 APPPATH/Config/Routes.php(144): CodeIgniter\Router\RouteCollection->group('gimnasio', [...], Object(Closure))
 5 SYSTEMPATH/Router/RouteCollection.php(339): require('/Applications/ServBay/www/trackbitos/app/Config/Routes.php')
 6 SYSTEMPATH/CodeIgniter.php(821): CodeIgniter\Router\RouteCollection->loadRoutes()
 7 SYSTEMPATH/CodeIgniter.php(455): CodeIgniter\CodeIgniter->tryToRouteIt(null)
 8 SYSTEMPATH/CodeIgniter.php(354): CodeIgniter\CodeIgniter->handleRequest(null, Object(Config\Cache), false)
 9 SYSTEMPATH/Boot.php(363): CodeIgniter\CodeIgniter->run()
10 SYSTEMPATH/Boot.php(68): CodeIgniter\Boot::runCodeIgniter(Object(CodeIgniter\CodeIgniter))
11 FCPATH/index.php(59): CodeIgniter\Boot::bootWeb(Object(Config\Paths))
WARNING - 2025-09-18 15:36:24 --> [DEPRECATED] Passing lowercase HTTP method "post" is deprecated. Use uppercase HTTP method like "POST". in SYSTEMPATH/Router/RouteCollection.php on line 1026.
 1 SYSTEMPATH/Router/RouteCollection.php(1026): trigger_error('Passing lowercase HTTP method "post" is deprecated. Use uppercase HTTP method like "POST".', 16384)
 2 APPPATH/Config/Routes.php(146): CodeIgniter\Router\RouteCollection->match([...], 'mesociclos/nuevo', 'GimnasioMesociclos::nuevo')
 3 SYSTEMPATH/Router/RouteCollection.php(799): CodeIgniter\Router\RouteCollection::{closure}(Object(CodeIgniter\Router\RouteCollection))
 4 APPPATH/Config/Routes.php(144): CodeIgniter\Router\RouteCollection->group('gimnasio', [...], Object(Closure))
 5 SYSTEMPATH/Router/RouteCollection.php(339): require('/Applications/ServBay/www/trackbitos/app/Config/Routes.php')
 6 SYSTEMPATH/CodeIgniter.php(821): CodeIgniter\Router\RouteCollection->loadRoutes()
 7 SYSTEMPATH/CodeIgniter.php(455): CodeIgniter\CodeIgniter->tryToRouteIt(null)
 8 SYSTEMPATH/CodeIgniter.php(354): CodeIgniter\CodeIgniter->handleRequest(null, Object(Config\Cache), false)
 9 SYSTEMPATH/Boot.php(363): CodeIgniter\CodeIgniter->run()
10 SYSTEMPATH/Boot.php(68): CodeIgniter\Boot::runCodeIgniter(Object(CodeIgniter\CodeIgniter))
11 FCPATH/index.php(59): CodeIgniter\Boot::bootWeb(Object(Config\Paths))
WARNING - 2025-09-18 15:36:24 --> [DEPRECATED] Passing lowercase HTTP method "get" is deprecated. Use uppercase HTTP method like "GET". in SYSTEMPATH/Router/RouteCollection.php on line 1026.
 1 SYSTEMPATH/Router/RouteCollection.php(1026): trigger_error('Passing lowercase HTTP method "get" is deprecated. Use uppercase HTTP method like "GET".', 16384)
 2 APPPATH/Config/Routes.php(148): CodeIgniter\Router\RouteCollection->match([...], 'mesociclos/(:num)/bloque/nuevo', 'GimnasioMesociclos::bloqueNuevo/$1')
 3 SYSTEMPATH/Router/RouteCollection.php(799): CodeIgniter\Router\RouteCollection::{closure}(Object(CodeIgniter\Router\RouteCollection))
 4 APPPATH/Config/Routes.php(144): CodeIgniter\Router\RouteCollection->group('gimnasio', [...], Object(Closure))
 5 SYSTEMPATH/Router/RouteCollection.php(339): require('/Applications/ServBay/www/trackbitos/app/Config/Routes.php')
 6 SYSTEMPATH/CodeIgniter.php(821): CodeIgniter\Router\RouteCollection->loadRoutes()
 7 SYSTEMPATH/CodeIgniter.php(455): CodeIgniter\CodeIgniter->tryToRouteIt(null)
 8 SYSTEMPATH/CodeIgniter.php(354): CodeIgniter\CodeIgniter->handleRequest(null, Object(Config\Cache), false)
 9 SYSTEMPATH/Boot.php(363): CodeIgniter\CodeIgniter->run()
10 SYSTEMPATH/Boot.php(68): CodeIgniter\Boot::runCodeIgniter(Object(CodeIgniter\CodeIgniter))
11 FCPATH/index.php(59): CodeIgniter\Boot::bootWeb(Object(Config\Paths))
WARNING - 2025-09-18 15:36:24 --> [DEPRECATED] Passing lowercase HTTP method "post" is deprecated. Use uppercase HTTP method like "POST". in SYSTEMPATH/Router/RouteCollection.php on line 1026.
 1 SYSTEMPATH/Router/RouteCollection.php(1026): trigger_error('Passing lowercase HTTP method "post" is deprecated. Use uppercase HTTP method like "POST".', 16384)
 2 APPPATH/Config/Routes.php(148): CodeIgniter\Router\RouteCollection->match([...], 'mesociclos/(:num)/bloque/nuevo', 'GimnasioMesociclos::bloqueNuevo/$1')
 3 SYSTEMPATH/Router/RouteCollection.php(799): CodeIgniter\Router\RouteCollection::{closure}(Object(CodeIgniter\Router\RouteCollection))
 4 APPPATH/Config/Routes.php(144): CodeIgniter\Router\RouteCollection->group('gimnasio', [...], Object(Closure))
 5 SYSTEMPATH/Router/RouteCollection.php(339): require('/Applications/ServBay/www/trackbitos/app/Config/Routes.php')
 6 SYSTEMPATH/CodeIgniter.php(821): CodeIgniter\Router\RouteCollection->loadRoutes()
 7 SYSTEMPATH/CodeIgniter.php(455): CodeIgniter\CodeIgniter->tryToRouteIt(null)
 8 SYSTEMPATH/CodeIgniter.php(354): CodeIgniter\CodeIgniter->handleRequest(null, Object(Config\Cache), false)
 9 SYSTEMPATH/Boot.php(363): CodeIgniter\CodeIgniter->run()
10 SYSTEMPATH/Boot.php(68): CodeIgniter\Boot::runCodeIgniter(Object(CodeIgniter\CodeIgniter))
11 FCPATH/index.php(59): CodeIgniter\Boot::bootWeb(Object(Config\Paths))
WARNING - 2025-09-18 15:36:24 --> [DEPRECATED] Passing lowercase HTTP method "get" is deprecated. Use uppercase HTTP method like "GET". in SYSTEMPATH/Router/RouteCollection.php on line 1026.
 1 SYSTEMPATH/Router/RouteCollection.php(1026): trigger_error('Passing lowercase HTTP method "get" is deprecated. Use uppercase HTTP method like "GET".', 16384)
 2 APPPATH/Config/Routes.php(150): CodeIgniter\Router\RouteCollection->match([...], 'mesociclos/(:num)/asignar/(:num)', 'GimnasioMesociclos::asignar/$1/$2')
 3 SYSTEMPATH/Router/RouteCollection.php(799): CodeIgniter\Router\RouteCollection::{closure}(Object(CodeIgniter\Router\RouteCollection))
 4 APPPATH/Config/Routes.php(144): CodeIgniter\Router\RouteCollection->group('gimnasio', [...], Object(Closure))
 5 SYSTEMPATH/Router/RouteCollection.php(339): require('/Applications/ServBay/www/trackbitos/app/Config/Routes.php')
 6 SYSTEMPATH/CodeIgniter.php(821): CodeIgniter\Router\RouteCollection->loadRoutes()
 7 SYSTEMPATH/CodeIgniter.php(455): CodeIgniter\CodeIgniter->tryToRouteIt(null)
 8 SYSTEMPATH/CodeIgniter.php(354): CodeIgniter\CodeIgniter->handleRequest(null, Object(Config\Cache), false)
 9 SYSTEMPATH/Boot.php(363): CodeIgniter\CodeIgniter->run()
10 SYSTEMPATH/Boot.php(68): CodeIgniter\Boot::runCodeIgniter(Object(CodeIgniter\CodeIgniter))
11 FCPATH/index.php(59): CodeIgniter\Boot::bootWeb(Object(Config\Paths))
WARNING - 2025-09-18 15:36:24 --> [DEPRECATED] Passing lowercase HTTP method "post" is deprecated. Use uppercase HTTP method like "POST". in SYSTEMPATH/Router/RouteCollection.php on line 1026.
 1 SYSTEMPATH/Router/RouteCollection.php(1026): trigger_error('Passing lowercase HTTP method "post" is deprecated. Use uppercase HTTP method like "POST".', 16384)
 2 APPPATH/Config/Routes.php(150): CodeIgniter\Router\RouteCollection->match([...], 'mesociclos/(:num)/asignar/(:num)', 'GimnasioMesociclos::asignar/$1/$2')
 3 SYSTEMPATH/Router/RouteCollection.php(799): CodeIgniter\Router\RouteCollection::{closure}(Object(CodeIgniter\Router\RouteCollection))
 4 APPPATH/Config/Routes.php(144): CodeIgniter\Router\RouteCollection->group('gimnasio', [...], Object(Closure))
 5 SYSTEMPATH/Router/RouteCollection.php(339): require('/Applications/ServBay/www/trackbitos/app/Config/Routes.php')
 6 SYSTEMPATH/CodeIgniter.php(821): CodeIgniter\Router\RouteCollection->loadRoutes()
 7 SYSTEMPATH/CodeIgniter.php(455): CodeIgniter\CodeIgniter->tryToRouteIt(null)
 8 SYSTEMPATH/CodeIgniter.php(354): CodeIgniter\CodeIgniter->handleRequest(null, Object(Config\Cache), false)
 9 SYSTEMPATH/Boot.php(363): CodeIgniter\CodeIgniter->run()
10 SYSTEMPATH/Boot.php(68): CodeIgniter\Boot::runCodeIgniter(Object(CodeIgniter\CodeIgniter))
11 FCPATH/index.php(59): CodeIgniter\Boot::bootWeb(Object(Config\Paths))
WARNING - 2025-09-18 15:36:24 --> [DEPRECATED] Passing lowercase HTTP method "get" is deprecated. Use uppercase HTTP method like "GET". in SYSTEMPATH/Router/RouteCollection.php on line 1026.
 1 SYSTEMPATH/Router/RouteCollection.php(1026): trigger_error('Passing lowercase HTTP method "get" is deprecated. Use uppercase HTTP method like "GET".', 16384)
 2 APPPATH/Config/Routes.php(153): CodeIgniter\Router\RouteCollection->match([...], 'mesociclos/(:num)/generar', 'GimnasioMesociclos::generar/$1')
 3 SYSTEMPATH/Router/RouteCollection.php(799): CodeIgniter\Router\RouteCollection::{closure}(Object(CodeIgniter\Router\RouteCollection))
 4 APPPATH/Config/Routes.php(144): CodeIgniter\Router\RouteCollection->group('gimnasio', [...], Object(Closure))
 5 SYSTEMPATH/Router/RouteCollection.php(339): require('/Applications/ServBay/www/trackbitos/app/Config/Routes.php')
 6 SYSTEMPATH/CodeIgniter.php(821): CodeIgniter\Router\RouteCollection->loadRoutes()
 7 SYSTEMPATH/CodeIgniter.php(455): CodeIgniter\CodeIgniter->tryToRouteIt(null)
 8 SYSTEMPATH/CodeIgniter.php(354): CodeIgniter\CodeIgniter->handleRequest(null, Object(Config\Cache), false)
 9 SYSTEMPATH/Boot.php(363): CodeIgniter\CodeIgniter->run()
10 SYSTEMPATH/Boot.php(68): CodeIgniter\Boot::runCodeIgniter(Object(CodeIgniter\CodeIgniter))
11 FCPATH/index.php(59): CodeIgniter\Boot::bootWeb(Object(Config\Paths))
WARNING - 2025-09-18 15:36:24 --> [DEPRECATED] Passing lowercase HTTP method "post" is deprecated. Use uppercase HTTP method like "POST". in SYSTEMPATH/Router/RouteCollection.php on line 1026.
 1 SYSTEMPATH/Router/RouteCollection.php(1026): trigger_error('Passing lowercase HTTP method "post" is deprecated. Use uppercase HTTP method like "POST".', 16384)
 2 APPPATH/Config/Routes.php(153): CodeIgniter\Router\RouteCollection->match([...], 'mesociclos/(:num)/generar', 'GimnasioMesociclos::generar/$1')
 3 SYSTEMPATH/Router/RouteCollection.php(799): CodeIgniter\Router\RouteCollection::{closure}(Object(CodeIgniter\Router\RouteCollection))
 4 APPPATH/Config/Routes.php(144): CodeIgniter\Router\RouteCollection->group('gimnasio', [...], Object(Closure))
 5 SYSTEMPATH/Router/RouteCollection.php(339): require('/Applications/ServBay/www/trackbitos/app/Config/Routes.php')
 6 SYSTEMPATH/CodeIgniter.php(821): CodeIgniter\Router\RouteCollection->loadRoutes()
 7 SYSTEMPATH/CodeIgniter.php(455): CodeIgniter\CodeIgniter->tryToRouteIt(null)
 8 SYSTEMPATH/CodeIgniter.php(354): CodeIgniter\CodeIgniter->handleRequest(null, Object(Config\Cache), false)
 9 SYSTEMPATH/Boot.php(363): CodeIgniter\CodeIgniter->run()
10 SYSTEMPATH/Boot.php(68): CodeIgniter\Boot::runCodeIgniter(Object(CodeIgniter\CodeIgniter))
11 FCPATH/index.php(59): CodeIgniter\Boot::bootWeb(Object(Config\Paths))
WARNING - 2025-09-18 15:36:24 --> [DEPRECATED] Passing lowercase HTTP method "get" is deprecated. Use uppercase HTTP method like "GET". in SYSTEMPATH/Router/RouteCollection.php on line 1026.
 1 SYSTEMPATH/Router/RouteCollection.php(1026): trigger_error('Passing lowercase HTTP method "get" is deprecated. Use uppercase HTTP method like "GET".', 16384)
 2 APPPATH/Config/Routes.php(161): CodeIgniter\Router\RouteCollection->match([...], 'mesociclos/(:num)/generar/bilbo', 'GimnasioMesociclos::generarBilbo/$1')
 3 SYSTEMPATH/Router/RouteCollection.php(799): CodeIgniter\Router\RouteCollection::{closure}(Object(CodeIgniter\Router\RouteCollection))
 4 APPPATH/Config/Routes.php(144): CodeIgniter\Router\RouteCollection->group('gimnasio', [...], Object(Closure))
 5 SYSTEMPATH/Router/RouteCollection.php(339): require('/Applications/ServBay/www/trackbitos/app/Config/Routes.php')
 6 SYSTEMPATH/CodeIgniter.php(821): CodeIgniter\Router\RouteCollection->loadRoutes()
 7 SYSTEMPATH/CodeIgniter.php(455): CodeIgniter\CodeIgniter->tryToRouteIt(null)
 8 SYSTEMPATH/CodeIgniter.php(354): CodeIgniter\CodeIgniter->handleRequest(null, Object(Config\Cache), false)
 9 SYSTEMPATH/Boot.php(363): CodeIgniter\CodeIgniter->run()
10 SYSTEMPATH/Boot.php(68): CodeIgniter\Boot::runCodeIgniter(Object(CodeIgniter\CodeIgniter))
11 FCPATH/index.php(59): CodeIgniter\Boot::bootWeb(Object(Config\Paths))
WARNING - 2025-09-18 15:36:24 --> [DEPRECATED] Passing lowercase HTTP method "post" is deprecated. Use uppercase HTTP method like "POST". in SYSTEMPATH/Router/RouteCollection.php on line 1026.
 1 SYSTEMPATH/Router/RouteCollection.php(1026): trigger_error('Passing lowercase HTTP method "post" is deprecated. Use uppercase HTTP method like "POST".', 16384)
 2 APPPATH/Config/Routes.php(161): CodeIgniter\Router\RouteCollection->match([...], 'mesociclos/(:num)/generar/bilbo', 'GimnasioMesociclos::generarBilbo/$1')
 3 SYSTEMPATH/Router/RouteCollection.php(799): CodeIgniter\Router\RouteCollection::{closure}(Object(CodeIgniter\Router\RouteCollection))
 4 APPPATH/Config/Routes.php(144): CodeIgniter\Router\RouteCollection->group('gimnasio', [...], Object(Closure))
 5 SYSTEMPATH/Router/RouteCollection.php(339): require('/Applications/ServBay/www/trackbitos/app/Config/Routes.php')
 6 SYSTEMPATH/CodeIgniter.php(821): CodeIgniter\Router\RouteCollection->loadRoutes()
 7 SYSTEMPATH/CodeIgniter.php(455): CodeIgniter\CodeIgniter->tryToRouteIt(null)
 8 SYSTEMPATH/CodeIgniter.php(354): CodeIgniter\CodeIgniter->handleRequest(null, Object(Config\Cache), false)
 9 SYSTEMPATH/Boot.php(363): CodeIgniter\CodeIgniter->run()
10 SYSTEMPATH/Boot.php(68): CodeIgniter\Boot::runCodeIgniter(Object(CodeIgniter\CodeIgniter))
11 FCPATH/index.php(59): CodeIgniter\Boot::bootWeb(Object(Config\Paths))
WARNING - 2025-09-18 15:36:24 --> [DEPRECATED] Passing lowercase HTTP method "get" is deprecated. Use uppercase HTTP method like "GET". in SYSTEMPATH/Router/RouteCollection.php on line 1026.
 1 SYSTEMPATH/Router/RouteCollection.php(1026): trigger_error('Passing lowercase HTTP method "get" is deprecated. Use uppercase HTTP method like "GET".', 16384)
 2 APPPATH/Config/Routes.php(261): CodeIgniter\Router\RouteCollection->match([...], 'crear', 'Youtube::crearLista')
 3 SYSTEMPATH/Router/RouteCollection.php(799): CodeIgniter\Router\RouteCollection::{closure}(Object(CodeIgniter\Router\RouteCollection))
 4 APPPATH/Config/Routes.php(259): CodeIgniter\Router\RouteCollection->group('youtube', [...], Object(Closure))
 5 SYSTEMPATH/Router/RouteCollection.php(339): require('/Applications/ServBay/www/trackbitos/app/Config/Routes.php')
 6 SYSTEMPATH/CodeIgniter.php(821): CodeIgniter\Router\RouteCollection->loadRoutes()
 7 SYSTEMPATH/CodeIgniter.php(455): CodeIgniter\CodeIgniter->tryToRouteIt(null)
 8 SYSTEMPATH/CodeIgniter.php(354): CodeIgniter\CodeIgniter->handleRequest(null, Object(Config\Cache), false)
 9 SYSTEMPATH/Boot.php(363): CodeIgniter\CodeIgniter->run()
10 SYSTEMPATH/Boot.php(68): CodeIgniter\Boot::runCodeIgniter(Object(CodeIgniter\CodeIgniter))
11 FCPATH/index.php(59): CodeIgniter\Boot::bootWeb(Object(Config\Paths))
WARNING - 2025-09-18 15:36:24 --> [DEPRECATED] Passing lowercase HTTP method "post" is deprecated. Use uppercase HTTP method like "POST". in SYSTEMPATH/Router/RouteCollection.php on line 1026.
 1 SYSTEMPATH/Router/RouteCollection.php(1026): trigger_error('Passing lowercase HTTP method "post" is deprecated. Use uppercase HTTP method like "POST".', 16384)
 2 APPPATH/Config/Routes.php(261): CodeIgniter\Router\RouteCollection->match([...], 'crear', 'Youtube::crearLista')
 3 SYSTEMPATH/Router/RouteCollection.php(799): CodeIgniter\Router\RouteCollection::{closure}(Object(CodeIgniter\Router\RouteCollection))
 4 APPPATH/Config/Routes.php(259): CodeIgniter\Router\RouteCollection->group('youtube', [...], Object(Closure))
 5 SYSTEMPATH/Router/RouteCollection.php(339): require('/Applications/ServBay/www/trackbitos/app/Config/Routes.php')
 6 SYSTEMPATH/CodeIgniter.php(821): CodeIgniter\Router\RouteCollection->loadRoutes()
 7 SYSTEMPATH/CodeIgniter.php(455): CodeIgniter\CodeIgniter->tryToRouteIt(null)
 8 SYSTEMPATH/CodeIgniter.php(354): CodeIgniter\CodeIgniter->handleRequest(null, Object(Config\Cache), false)
 9 SYSTEMPATH/Boot.php(363): CodeIgniter\CodeIgniter->run()
10 SYSTEMPATH/Boot.php(68): CodeIgniter\Boot::runCodeIgniter(Object(CodeIgniter\CodeIgniter))
11 FCPATH/index.php(59): CodeIgniter\Boot::bootWeb(Object(Config\Paths))
DEBUG - 2025-09-18 15:36:24 --> Session: Class initialized using 'CodeIgniter\Session\Handlers\FileHandler' driver.
WARNING - 2025-09-18 15:36:26 --> [DEPRECATED] Passing lowercase HTTP method "get" is deprecated. Use uppercase HTTP method like "GET". in SYSTEMPATH/Router/RouteCollection.php on line 1026.
 1 SYSTEMPATH/Router/RouteCollection.php(1026): trigger_error('Passing lowercase HTTP method "get" is deprecated. Use uppercase HTTP method like "GET".', 16384)
 2 APPPATH/Config/Routes.php(146): CodeIgniter\Router\RouteCollection->match([...], 'mesociclos/nuevo', 'GimnasioMesociclos::nuevo')
 3 SYSTEMPATH/Router/RouteCollection.php(799): CodeIgniter\Router\RouteCollection::{closure}(Object(CodeIgniter\Router\RouteCollection))
 4 APPPATH/Config/Routes.php(144): CodeIgniter\Router\RouteCollection->group('gimnasio', [...], Object(Closure))
 5 SYSTEMPATH/Router/RouteCollection.php(339): require('/Applications/ServBay/www/trackbitos/app/Config/Routes.php')
 6 SYSTEMPATH/CodeIgniter.php(821): CodeIgniter\Router\RouteCollection->loadRoutes()
 7 SYSTEMPATH/CodeIgniter.php(455): CodeIgniter\CodeIgniter->tryToRouteIt(null)
 8 SYSTEMPATH/CodeIgniter.php(354): CodeIgniter\CodeIgniter->handleRequest(null, Object(Config\Cache), false)
 9 SYSTEMPATH/Boot.php(363): CodeIgniter\CodeIgniter->run()
10 SYSTEMPATH/Boot.php(68): CodeIgniter\Boot::runCodeIgniter(Object(CodeIgniter\CodeIgniter))
11 FCPATH/index.php(59): CodeIgniter\Boot::bootWeb(Object(Config\Paths))
WARNING - 2025-09-18 15:36:26 --> [DEPRECATED] Passing lowercase HTTP method "post" is deprecated. Use uppercase HTTP method like "POST". in SYSTEMPATH/Router/RouteCollection.php on line 1026.
 1 SYSTEMPATH/Router/RouteCollection.php(1026): trigger_error('Passing lowercase HTTP method "post" is deprecated. Use uppercase HTTP method like "POST".', 16384)
 2 APPPATH/Config/Routes.php(146): CodeIgniter\Router\RouteCollection->match([...], 'mesociclos/nuevo', 'GimnasioMesociclos::nuevo')
 3 SYSTEMPATH/Router/RouteCollection.php(799): CodeIgniter\Router\RouteCollection::{closure}(Object(CodeIgniter\Router\RouteCollection))
 4 APPPATH/Config/Routes.php(144): CodeIgniter\Router\RouteCollection->group('gimnasio', [...], Object(Closure))
 5 SYSTEMPATH/Router/RouteCollection.php(339): require('/Applications/ServBay/www/trackbitos/app/Config/Routes.php')
 6 SYSTEMPATH/CodeIgniter.php(821): CodeIgniter\Router\RouteCollection->loadRoutes()
 7 SYSTEMPATH/CodeIgniter.php(455): CodeIgniter\CodeIgniter->tryToRouteIt(null)
 8 SYSTEMPATH/CodeIgniter.php(354): CodeIgniter\CodeIgniter->handleRequest(null, Object(Config\Cache), false)
 9 SYSTEMPATH/Boot.php(363): CodeIgniter\CodeIgniter->run()
10 SYSTEMPATH/Boot.php(68): CodeIgniter\Boot::runCodeIgniter(Object(CodeIgniter\CodeIgniter))
11 FCPATH/index.php(59): CodeIgniter\Boot::bootWeb(Object(Config\Paths))
WARNING - 2025-09-18 15:36:26 --> [DEPRECATED] Passing lowercase HTTP method "get" is deprecated. Use uppercase HTTP method like "GET". in SYSTEMPATH/Router/RouteCollection.php on line 1026.
 1 SYSTEMPATH/Router/RouteCollection.php(1026): trigger_error('Passing lowercase HTTP method "get" is deprecated. Use uppercase HTTP method like "GET".', 16384)
 2 APPPATH/Config/Routes.php(148): CodeIgniter\Router\RouteCollection->match([...], 'mesociclos/(:num)/bloque/nuevo', 'GimnasioMesociclos::bloqueNuevo/$1')
 3 SYSTEMPATH/Router/RouteCollection.php(799): CodeIgniter\Router\RouteCollection::{closure}(Object(CodeIgniter\Router\RouteCollection))
 4 APPPATH/Config/Routes.php(144): CodeIgniter\Router\RouteCollection->group('gimnasio', [...], Object(Closure))
 5 SYSTEMPATH/Router/RouteCollection.php(339): require('/Applications/ServBay/www/trackbitos/app/Config/Routes.php')
 6 SYSTEMPATH/CodeIgniter.php(821): CodeIgniter\Router\RouteCollection->loadRoutes()
 7 SYSTEMPATH/CodeIgniter.php(455): CodeIgniter\CodeIgniter->tryToRouteIt(null)
 8 SYSTEMPATH/CodeIgniter.php(354): CodeIgniter\CodeIgniter->handleRequest(null, Object(Config\Cache), false)
 9 SYSTEMPATH/Boot.php(363): CodeIgniter\CodeIgniter->run()
10 SYSTEMPATH/Boot.php(68): CodeIgniter\Boot::runCodeIgniter(Object(CodeIgniter\CodeIgniter))
11 FCPATH/index.php(59): CodeIgniter\Boot::bootWeb(Object(Config\Paths))
WARNING - 2025-09-18 15:36:26 --> [DEPRECATED] Passing lowercase HTTP method "post" is deprecated. Use uppercase HTTP method like "POST". in SYSTEMPATH/Router/RouteCollection.php on line 1026.
 1 SYSTEMPATH/Router/RouteCollection.php(1026): trigger_error('Passing lowercase HTTP method "post" is deprecated. Use uppercase HTTP method like "POST".', 16384)
 2 APPPATH/Config/Routes.php(148): CodeIgniter\Router\RouteCollection->match([...], 'mesociclos/(:num)/bloque/nuevo', 'GimnasioMesociclos::bloqueNuevo/$1')
 3 SYSTEMPATH/Router/RouteCollection.php(799): CodeIgniter\Router\RouteCollection::{closure}(Object(CodeIgniter\Router\RouteCollection))
 4 APPPATH/Config/Routes.php(144): CodeIgniter\Router\RouteCollection->group('gimnasio', [...], Object(Closure))
 5 SYSTEMPATH/Router/RouteCollection.php(339): require('/Applications/ServBay/www/trackbitos/app/Config/Routes.php')
 6 SYSTEMPATH/CodeIgniter.php(821): CodeIgniter\Router\RouteCollection->loadRoutes()
 7 SYSTEMPATH/CodeIgniter.php(455): CodeIgniter\CodeIgniter->tryToRouteIt(null)
 8 SYSTEMPATH/CodeIgniter.php(354): CodeIgniter\CodeIgniter->handleRequest(null, Object(Config\Cache), false)
 9 SYSTEMPATH/Boot.php(363): CodeIgniter\CodeIgniter->run()
10 SYSTEMPATH/Boot.php(68): CodeIgniter\Boot::runCodeIgniter(Object(CodeIgniter\CodeIgniter))
11 FCPATH/index.php(59): CodeIgniter\Boot::bootWeb(Object(Config\Paths))
WARNING - 2025-09-18 15:36:26 --> [DEPRECATED] Passing lowercase HTTP method "get" is deprecated. Use uppercase HTTP method like "GET". in SYSTEMPATH/Router/RouteCollection.php on line 1026.
 1 SYSTEMPATH/Router/RouteCollection.php(1026): trigger_error('Passing lowercase HTTP method "get" is deprecated. Use uppercase HTTP method like "GET".', 16384)
 2 APPPATH/Config/Routes.php(150): CodeIgniter\Router\RouteCollection->match([...], 'mesociclos/(:num)/asignar/(:num)', 'GimnasioMesociclos::asignar/$1/$2')
 3 SYSTEMPATH/Router/RouteCollection.php(799): CodeIgniter\Router\RouteCollection::{closure}(Object(CodeIgniter\Router\RouteCollection))
 4 APPPATH/Config/Routes.php(144): CodeIgniter\Router\RouteCollection->group('gimnasio', [...], Object(Closure))
 5 SYSTEMPATH/Router/RouteCollection.php(339): require('/Applications/ServBay/www/trackbitos/app/Config/Routes.php')
 6 SYSTEMPATH/CodeIgniter.php(821): CodeIgniter\Router\RouteCollection->loadRoutes()
 7 SYSTEMPATH/CodeIgniter.php(455): CodeIgniter\CodeIgniter->tryToRouteIt(null)
 8 SYSTEMPATH/CodeIgniter.php(354): CodeIgniter\CodeIgniter->handleRequest(null, Object(Config\Cache), false)
 9 SYSTEMPATH/Boot.php(363): CodeIgniter\CodeIgniter->run()
10 SYSTEMPATH/Boot.php(68): CodeIgniter\Boot::runCodeIgniter(Object(CodeIgniter\CodeIgniter))
11 FCPATH/index.php(59): CodeIgniter\Boot::bootWeb(Object(Config\Paths))
WARNING - 2025-09-18 15:36:26 --> [DEPRECATED] Passing lowercase HTTP method "post" is deprecated. Use uppercase HTTP method like "POST". in SYSTEMPATH/Router/RouteCollection.php on line 1026.
 1 SYSTEMPATH/Router/RouteCollection.php(1026): trigger_error('Passing lowercase HTTP method "post" is deprecated. Use uppercase HTTP method like "POST".', 16384)
 2 APPPATH/Config/Routes.php(150): CodeIgniter\Router\RouteCollection->match([...], 'mesociclos/(:num)/asignar/(:num)', 'GimnasioMesociclos::asignar/$1/$2')
 3 SYSTEMPATH/Router/RouteCollection.php(799): CodeIgniter\Router\RouteCollection::{closure}(Object(CodeIgniter\Router\RouteCollection))
 4 APPPATH/Config/Routes.php(144): CodeIgniter\Router\RouteCollection->group('gimnasio', [...], Object(Closure))
 5 SYSTEMPATH/Router/RouteCollection.php(339): require('/Applications/ServBay/www/trackbitos/app/Config/Routes.php')
 6 SYSTEMPATH/CodeIgniter.php(821): CodeIgniter\Router\RouteCollection->loadRoutes()
 7 SYSTEMPATH/CodeIgniter.php(455): CodeIgniter\CodeIgniter->tryToRouteIt(null)
 8 SYSTEMPATH/CodeIgniter.php(354): CodeIgniter\CodeIgniter->handleRequest(null, Object(Config\Cache), false)
 9 SYSTEMPATH/Boot.php(363): CodeIgniter\CodeIgniter->run()
10 SYSTEMPATH/Boot.php(68): CodeIgniter\Boot::runCodeIgniter(Object(CodeIgniter\CodeIgniter))
11 FCPATH/index.php(59): CodeIgniter\Boot::bootWeb(Object(Config\Paths))
WARNING - 2025-09-18 15:36:26 --> [DEPRECATED] Passing lowercase HTTP method "get" is deprecated. Use uppercase HTTP method like "GET". in SYSTEMPATH/Router/RouteCollection.php on line 1026.
 1 SYSTEMPATH/Router/RouteCollection.php(1026): trigger_error('Passing lowercase HTTP method "get" is deprecated. Use uppercase HTTP method like "GET".', 16384)
 2 APPPATH/Config/Routes.php(153): CodeIgniter\Router\RouteCollection->match([...], 'mesociclos/(:num)/generar', 'GimnasioMesociclos::generar/$1')
 3 SYSTEMPATH/Router/RouteCollection.php(799): CodeIgniter\Router\RouteCollection::{closure}(Object(CodeIgniter\Router\RouteCollection))
 4 APPPATH/Config/Routes.php(144): CodeIgniter\Router\RouteCollection->group('gimnasio', [...], Object(Closure))
 5 SYSTEMPATH/Router/RouteCollection.php(339): require('/Applications/ServBay/www/trackbitos/app/Config/Routes.php')
 6 SYSTEMPATH/CodeIgniter.php(821): CodeIgniter\Router\RouteCollection->loadRoutes()
 7 SYSTEMPATH/CodeIgniter.php(455): CodeIgniter\CodeIgniter->tryToRouteIt(null)
 8 SYSTEMPATH/CodeIgniter.php(354): CodeIgniter\CodeIgniter->handleRequest(null, Object(Config\Cache), false)
 9 SYSTEMPATH/Boot.php(363): CodeIgniter\CodeIgniter->run()
10 SYSTEMPATH/Boot.php(68): CodeIgniter\Boot::runCodeIgniter(Object(CodeIgniter\CodeIgniter))
11 FCPATH/index.php(59): CodeIgniter\Boot::bootWeb(Object(Config\Paths))
WARNING - 2025-09-18 15:36:26 --> [DEPRECATED] Passing lowercase HTTP method "post" is deprecated. Use uppercase HTTP method like "POST". in SYSTEMPATH/Router/RouteCollection.php on line 1026.
 1 SYSTEMPATH/Router/RouteCollection.php(1026): trigger_error('Passing lowercase HTTP method "post" is deprecated. Use uppercase HTTP method like "POST".', 16384)
 2 APPPATH/Config/Routes.php(153): CodeIgniter\Router\RouteCollection->match([...], 'mesociclos/(:num)/generar', 'GimnasioMesociclos::generar/$1')
 3 SYSTEMPATH/Router/RouteCollection.php(799): CodeIgniter\Router\RouteCollection::{closure}(Object(CodeIgniter\Router\RouteCollection))
 4 APPPATH/Config/Routes.php(144): CodeIgniter\Router\RouteCollection->group('gimnasio', [...], Object(Closure))
 5 SYSTEMPATH/Router/RouteCollection.php(339): require('/Applications/ServBay/www/trackbitos/app/Config/Routes.php')
 6 SYSTEMPATH/CodeIgniter.php(821): CodeIgniter\Router\RouteCollection->loadRoutes()
 7 SYSTEMPATH/CodeIgniter.php(455): CodeIgniter\CodeIgniter->tryToRouteIt(null)
 8 SYSTEMPATH/CodeIgniter.php(354): CodeIgniter\CodeIgniter->handleRequest(null, Object(Config\Cache), false)
 9 SYSTEMPATH/Boot.php(363): CodeIgniter\CodeIgniter->run()
10 SYSTEMPATH/Boot.php(68): CodeIgniter\Boot::runCodeIgniter(Object(CodeIgniter\CodeIgniter))
11 FCPATH/index.php(59): CodeIgniter\Boot::bootWeb(Object(Config\Paths))
WARNING - 2025-09-18 15:36:26 --> [DEPRECATED] Passing lowercase HTTP method "get" is deprecated. Use uppercase HTTP method like "GET". in SYSTEMPATH/Router/RouteCollection.php on line 1026.
 1 SYSTEMPATH/Router/RouteCollection.php(1026): trigger_error('Passing lowercase HTTP method "get" is deprecated. Use uppercase HTTP method like "GET".', 16384)
 2 APPPATH/Config/Routes.php(161): CodeIgniter\Router\RouteCollection->match([...], 'mesociclos/(:num)/generar/bilbo', 'GimnasioMesociclos::generarBilbo/$1')
 3 SYSTEMPATH/Router/RouteCollection.php(799): CodeIgniter\Router\RouteCollection::{closure}(Object(CodeIgniter\Router\RouteCollection))
 4 APPPATH/Config/Routes.php(144): CodeIgniter\Router\RouteCollection->group('gimnasio', [...], Object(Closure))
 5 SYSTEMPATH/Router/RouteCollection.php(339): require('/Applications/ServBay/www/trackbitos/app/Config/Routes.php')
 6 SYSTEMPATH/CodeIgniter.php(821): CodeIgniter\Router\RouteCollection->loadRoutes()
 7 SYSTEMPATH/CodeIgniter.php(455): CodeIgniter\CodeIgniter->tryToRouteIt(null)
 8 SYSTEMPATH/CodeIgniter.php(354): CodeIgniter\CodeIgniter->handleRequest(null, Object(Config\Cache), false)
 9 SYSTEMPATH/Boot.php(363): CodeIgniter\CodeIgniter->run()
10 SYSTEMPATH/Boot.php(68): CodeIgniter\Boot::runCodeIgniter(Object(CodeIgniter\CodeIgniter))
11 FCPATH/index.php(59): CodeIgniter\Boot::bootWeb(Object(Config\Paths))
WARNING - 2025-09-18 15:36:26 --> [DEPRECATED] Passing lowercase HTTP method "post" is deprecated. Use uppercase HTTP method like "POST". in SYSTEMPATH/Router/RouteCollection.php on line 1026.
 1 SYSTEMPATH/Router/RouteCollection.php(1026): trigger_error('Passing lowercase HTTP method "post" is deprecated. Use uppercase HTTP method like "POST".', 16384)
 2 APPPATH/Config/Routes.php(161): CodeIgniter\Router\RouteCollection->match([...], 'mesociclos/(:num)/generar/bilbo', 'GimnasioMesociclos::generarBilbo/$1')
 3 SYSTEMPATH/Router/RouteCollection.php(799): CodeIgniter\Router\RouteCollection::{closure}(Object(CodeIgniter\Router\RouteCollection))
 4 APPPATH/Config/Routes.php(144): CodeIgniter\Router\RouteCollection->group('gimnasio', [...], Object(Closure))
 5 SYSTEMPATH/Router/RouteCollection.php(339): require('/Applications/ServBay/www/trackbitos/app/Config/Routes.php')
 6 SYSTEMPATH/CodeIgniter.php(821): CodeIgniter\Router\RouteCollection->loadRoutes()
 7 SYSTEMPATH/CodeIgniter.php(455): CodeIgniter\CodeIgniter->tryToRouteIt(null)
 8 SYSTEMPATH/CodeIgniter.php(354): CodeIgniter\CodeIgniter->handleRequest(null, Object(Config\Cache), false)
 9 SYSTEMPATH/Boot.php(363): CodeIgniter\CodeIgniter->run()
10 SYSTEMPATH/Boot.php(68): CodeIgniter\Boot::runCodeIgniter(Object(CodeIgniter\CodeIgniter))
11 FCPATH/index.php(59): CodeIgniter\Boot::bootWeb(Object(Config\Paths))
WARNING - 2025-09-18 15:36:26 --> [DEPRECATED] Passing lowercase HTTP method "get" is deprecated. Use uppercase HTTP method like "GET". in SYSTEMPATH/Router/RouteCollection.php on line 1026.
 1 SYSTEMPATH/Router/RouteCollection.php(1026): trigger_error('Passing lowercase HTTP method "get" is deprecated. Use uppercase HTTP method like "GET".', 16384)
 2 APPPATH/Config/Routes.php(261): CodeIgniter\Router\RouteCollection->match([...], 'crear', 'Youtube::crearLista')
 3 SYSTEMPATH/Router/RouteCollection.php(799): CodeIgniter\Router\RouteCollection::{closure}(Object(CodeIgniter\Router\RouteCollection))
 4 APPPATH/Config/Routes.php(259): CodeIgniter\Router\RouteCollection->group('youtube', [...], Object(Closure))
 5 SYSTEMPATH/Router/RouteCollection.php(339): require('/Applications/ServBay/www/trackbitos/app/Config/Routes.php')
 6 SYSTEMPATH/CodeIgniter.php(821): CodeIgniter\Router\RouteCollection->loadRoutes()
 7 SYSTEMPATH/CodeIgniter.php(455): CodeIgniter\CodeIgniter->tryToRouteIt(null)
 8 SYSTEMPATH/CodeIgniter.php(354): CodeIgniter\CodeIgniter->handleRequest(null, Object(Config\Cache), false)
 9 SYSTEMPATH/Boot.php(363): CodeIgniter\CodeIgniter->run()
10 SYSTEMPATH/Boot.php(68): CodeIgniter\Boot::runCodeIgniter(Object(CodeIgniter\CodeIgniter))
11 FCPATH/index.php(59): CodeIgniter\Boot::bootWeb(Object(Config\Paths))
WARNING - 2025-09-18 15:36:26 --> [DEPRECATED] Passing lowercase HTTP method "post" is deprecated. Use uppercase HTTP method like "POST". in SYSTEMPATH/Router/RouteCollection.php on line 1026.
 1 SYSTEMPATH/Router/RouteCollection.php(1026): trigger_error('Passing lowercase HTTP method "post" is deprecated. Use uppercase HTTP method like "POST".', 16384)
 2 APPPATH/Config/Routes.php(261): CodeIgniter\Router\RouteCollection->match([...], 'crear', 'Youtube::crearLista')
 3 SYSTEMPATH/Router/RouteCollection.php(799): CodeIgniter\Router\RouteCollection::{closure}(Object(CodeIgniter\Router\RouteCollection))
 4 APPPATH/Config/Routes.php(259): CodeIgniter\Router\RouteCollection->group('youtube', [...], Object(Closure))
 5 SYSTEMPATH/Router/RouteCollection.php(339): require('/Applications/ServBay/www/trackbitos/app/Config/Routes.php')
 6 SYSTEMPATH/CodeIgniter.php(821): CodeIgniter\Router\RouteCollection->loadRoutes()
 7 SYSTEMPATH/CodeIgniter.php(455): CodeIgniter\CodeIgniter->tryToRouteIt(null)
 8 SYSTEMPATH/CodeIgniter.php(354): CodeIgniter\CodeIgniter->handleRequest(null, Object(Config\Cache), false)
 9 SYSTEMPATH/Boot.php(363): CodeIgniter\CodeIgniter->run()
10 SYSTEMPATH/Boot.php(68): CodeIgniter\Boot::runCodeIgniter(Object(CodeIgniter\CodeIgniter))
11 FCPATH/index.php(59): CodeIgniter\Boot::bootWeb(Object(Config\Paths))
DEBUG - 2025-09-18 15:36:26 --> Session: Class initialized using 'CodeIgniter\Session\Handlers\FileHandler' driver.
WARNING - 2025-09-18 15:36:33 --> [DEPRECATED] Passing lowercase HTTP method "get" is deprecated. Use uppercase HTTP method like "GET". in SYSTEMPATH/Router/RouteCollection.php on line 1026.
 1 SYSTEMPATH/Router/RouteCollection.php(1026): trigger_error('Passing lowercase HTTP method "get" is deprecated. Use uppercase HTTP method like "GET".', 16384)
 2 APPPATH/Config/Routes.php(146): CodeIgniter\Router\RouteCollection->match([...], 'mesociclos/nuevo', 'GimnasioMesociclos::nuevo')
 3 SYSTEMPATH/Router/RouteCollection.php(799): CodeIgniter\Router\RouteCollection::{closure}(Object(CodeIgniter\Router\RouteCollection))
 4 APPPATH/Config/Routes.php(144): CodeIgniter\Router\RouteCollection->group('gimnasio', [...], Object(Closure))
 5 SYSTEMPATH/Router/RouteCollection.php(339): require('/Applications/ServBay/www/trackbitos/app/Config/Routes.php')
 6 SYSTEMPATH/CodeIgniter.php(821): CodeIgniter\Router\RouteCollection->loadRoutes()
 7 SYSTEMPATH/CodeIgniter.php(455): CodeIgniter\CodeIgniter->tryToRouteIt(null)
 8 SYSTEMPATH/CodeIgniter.php(354): CodeIgniter\CodeIgniter->handleRequest(null, Object(Config\Cache), false)
 9 SYSTEMPATH/Boot.php(363): CodeIgniter\CodeIgniter->run()
10 SYSTEMPATH/Boot.php(68): CodeIgniter\Boot::runCodeIgniter(Object(CodeIgniter\CodeIgniter))
11 FCPATH/index.php(59): CodeIgniter\Boot::bootWeb(Object(Config\Paths))
WARNING - 2025-09-18 15:36:33 --> [DEPRECATED] Passing lowercase HTTP method "post" is deprecated. Use uppercase HTTP method like "POST". in SYSTEMPATH/Router/RouteCollection.php on line 1026.
 1 SYSTEMPATH/Router/RouteCollection.php(1026): trigger_error('Passing lowercase HTTP method "post" is deprecated. Use uppercase HTTP method like "POST".', 16384)
 2 APPPATH/Config/Routes.php(146): CodeIgniter\Router\RouteCollection->match([...], 'mesociclos/nuevo', 'GimnasioMesociclos::nuevo')
 3 SYSTEMPATH/Router/RouteCollection.php(799): CodeIgniter\Router\RouteCollection::{closure}(Object(CodeIgniter\Router\RouteCollection))
 4 APPPATH/Config/Routes.php(144): CodeIgniter\Router\RouteCollection->group('gimnasio', [...], Object(Closure))
 5 SYSTEMPATH/Router/RouteCollection.php(339): require('/Applications/ServBay/www/trackbitos/app/Config/Routes.php')
 6 SYSTEMPATH/CodeIgniter.php(821): CodeIgniter\Router\RouteCollection->loadRoutes()
 7 SYSTEMPATH/CodeIgniter.php(455): CodeIgniter\CodeIgniter->tryToRouteIt(null)
 8 SYSTEMPATH/CodeIgniter.php(354): CodeIgniter\CodeIgniter->handleRequest(null, Object(Config\Cache), false)
 9 SYSTEMPATH/Boot.php(363): CodeIgniter\CodeIgniter->run()
10 SYSTEMPATH/Boot.php(68): CodeIgniter\Boot::runCodeIgniter(Object(CodeIgniter\CodeIgniter))
11 FCPATH/index.php(59): CodeIgniter\Boot::bootWeb(Object(Config\Paths))
WARNING - 2025-09-18 15:36:33 --> [DEPRECATED] Passing lowercase HTTP method "get" is deprecated. Use uppercase HTTP method like "GET". in SYSTEMPATH/Router/RouteCollection.php on line 1026.
 1 SYSTEMPATH/Router/RouteCollection.php(1026): trigger_error('Passing lowercase HTTP method "get" is deprecated. Use uppercase HTTP method like "GET".', 16384)
 2 APPPATH/Config/Routes.php(148): CodeIgniter\Router\RouteCollection->match([...], 'mesociclos/(:num)/bloque/nuevo', 'GimnasioMesociclos::bloqueNuevo/$1')
 3 SYSTEMPATH/Router/RouteCollection.php(799): CodeIgniter\Router\RouteCollection::{closure}(Object(CodeIgniter\Router\RouteCollection))
 4 APPPATH/Config/Routes.php(144): CodeIgniter\Router\RouteCollection->group('gimnasio', [...], Object(Closure))
 5 SYSTEMPATH/Router/RouteCollection.php(339): require('/Applications/ServBay/www/trackbitos/app/Config/Routes.php')
 6 SYSTEMPATH/CodeIgniter.php(821): CodeIgniter\Router\RouteCollection->loadRoutes()
 7 SYSTEMPATH/CodeIgniter.php(455): CodeIgniter\CodeIgniter->tryToRouteIt(null)
 8 SYSTEMPATH/CodeIgniter.php(354): CodeIgniter\CodeIgniter->handleRequest(null, Object(Config\Cache), false)
 9 SYSTEMPATH/Boot.php(363): CodeIgniter\CodeIgniter->run()
10 SYSTEMPATH/Boot.php(68): CodeIgniter\Boot::runCodeIgniter(Object(CodeIgniter\CodeIgniter))
11 FCPATH/index.php(59): CodeIgniter\Boot::bootWeb(Object(Config\Paths))
WARNING - 2025-09-18 15:36:33 --> [DEPRECATED] Passing lowercase HTTP method "post" is deprecated. Use uppercase HTTP method like "POST". in SYSTEMPATH/Router/RouteCollection.php on line 1026.
 1 SYSTEMPATH/Router/RouteCollection.php(1026): trigger_error('Passing lowercase HTTP method "post" is deprecated. Use uppercase HTTP method like "POST".', 16384)
 2 APPPATH/Config/Routes.php(148): CodeIgniter\Router\RouteCollection->match([...], 'mesociclos/(:num)/bloque/nuevo', 'GimnasioMesociclos::bloqueNuevo/$1')
 3 SYSTEMPATH/Router/RouteCollection.php(799): CodeIgniter\Router\RouteCollection::{closure}(Object(CodeIgniter\Router\RouteCollection))
 4 APPPATH/Config/Routes.php(144): CodeIgniter\Router\RouteCollection->group('gimnasio', [...], Object(Closure))
 5 SYSTEMPATH/Router/RouteCollection.php(339): require('/Applications/ServBay/www/trackbitos/app/Config/Routes.php')
 6 SYSTEMPATH/CodeIgniter.php(821): CodeIgniter\Router\RouteCollection->loadRoutes()
 7 SYSTEMPATH/CodeIgniter.php(455): CodeIgniter\CodeIgniter->tryToRouteIt(null)
 8 SYSTEMPATH/CodeIgniter.php(354): CodeIgniter\CodeIgniter->handleRequest(null, Object(Config\Cache), false)
 9 SYSTEMPATH/Boot.php(363): CodeIgniter\CodeIgniter->run()
10 SYSTEMPATH/Boot.php(68): CodeIgniter\Boot::runCodeIgniter(Object(CodeIgniter\CodeIgniter))
11 FCPATH/index.php(59): CodeIgniter\Boot::bootWeb(Object(Config\Paths))
WARNING - 2025-09-18 15:36:33 --> [DEPRECATED] Passing lowercase HTTP method "get" is deprecated. Use uppercase HTTP method like "GET". in SYSTEMPATH/Router/RouteCollection.php on line 1026.
 1 SYSTEMPATH/Router/RouteCollection.php(1026): trigger_error('Passing lowercase HTTP method "get" is deprecated. Use uppercase HTTP method like "GET".', 16384)
 2 APPPATH/Config/Routes.php(150): CodeIgniter\Router\RouteCollection->match([...], 'mesociclos/(:num)/asignar/(:num)', 'GimnasioMesociclos::asignar/$1/$2')
 3 SYSTEMPATH/Router/RouteCollection.php(799): CodeIgniter\Router\RouteCollection::{closure}(Object(CodeIgniter\Router\RouteCollection))
 4 APPPATH/Config/Routes.php(144): CodeIgniter\Router\RouteCollection->group('gimnasio', [...], Object(Closure))
 5 SYSTEMPATH/Router/RouteCollection.php(339): require('/Applications/ServBay/www/trackbitos/app/Config/Routes.php')
 6 SYSTEMPATH/CodeIgniter.php(821): CodeIgniter\Router\RouteCollection->loadRoutes()
 7 SYSTEMPATH/CodeIgniter.php(455): CodeIgniter\CodeIgniter->tryToRouteIt(null)
 8 SYSTEMPATH/CodeIgniter.php(354): CodeIgniter\CodeIgniter->handleRequest(null, Object(Config\Cache), false)
 9 SYSTEMPATH/Boot.php(363): CodeIgniter\CodeIgniter->run()
10 SYSTEMPATH/Boot.php(68): CodeIgniter\Boot::runCodeIgniter(Object(CodeIgniter\CodeIgniter))
11 FCPATH/index.php(59): CodeIgniter\Boot::bootWeb(Object(Config\Paths))
WARNING - 2025-09-18 15:36:33 --> [DEPRECATED] Passing lowercase HTTP method "post" is deprecated. Use uppercase HTTP method like "POST". in SYSTEMPATH/Router/RouteCollection.php on line 1026.
 1 SYSTEMPATH/Router/RouteCollection.php(1026): trigger_error('Passing lowercase HTTP method "post" is deprecated. Use uppercase HTTP method like "POST".', 16384)
 2 APPPATH/Config/Routes.php(150): CodeIgniter\Router\RouteCollection->match([...], 'mesociclos/(:num)/asignar/(:num)', 'GimnasioMesociclos::asignar/$1/$2')
 3 SYSTEMPATH/Router/RouteCollection.php(799): CodeIgniter\Router\RouteCollection::{closure}(Object(CodeIgniter\Router\RouteCollection))
 4 APPPATH/Config/Routes.php(144): CodeIgniter\Router\RouteCollection->group('gimnasio', [...], Object(Closure))
 5 SYSTEMPATH/Router/RouteCollection.php(339): require('/Applications/ServBay/www/trackbitos/app/Config/Routes.php')
 6 SYSTEMPATH/CodeIgniter.php(821): CodeIgniter\Router\RouteCollection->loadRoutes()
 7 SYSTEMPATH/CodeIgniter.php(455): CodeIgniter\CodeIgniter->tryToRouteIt(null)
 8 SYSTEMPATH/CodeIgniter.php(354): CodeIgniter\CodeIgniter->handleRequest(null, Object(Config\Cache), false)
 9 SYSTEMPATH/Boot.php(363): CodeIgniter\CodeIgniter->run()
10 SYSTEMPATH/Boot.php(68): CodeIgniter\Boot::runCodeIgniter(Object(CodeIgniter\CodeIgniter))
11 FCPATH/index.php(59): CodeIgniter\Boot::bootWeb(Object(Config\Paths))
WARNING - 2025-09-18 15:36:33 --> [DEPRECATED] Passing lowercase HTTP method "get" is deprecated. Use uppercase HTTP method like "GET". in SYSTEMPATH/Router/RouteCollection.php on line 1026.
 1 SYSTEMPATH/Router/RouteCollection.php(1026): trigger_error('Passing lowercase HTTP method "get" is deprecated. Use uppercase HTTP method like "GET".', 16384)
 2 APPPATH/Config/Routes.php(153): CodeIgniter\Router\RouteCollection->match([...], 'mesociclos/(:num)/generar', 'GimnasioMesociclos::generar/$1')
 3 SYSTEMPATH/Router/RouteCollection.php(799): CodeIgniter\Router\RouteCollection::{closure}(Object(CodeIgniter\Router\RouteCollection))
 4 APPPATH/Config/Routes.php(144): CodeIgniter\Router\RouteCollection->group('gimnasio', [...], Object(Closure))
 5 SYSTEMPATH/Router/RouteCollection.php(339): require('/Applications/ServBay/www/trackbitos/app/Config/Routes.php')
 6 SYSTEMPATH/CodeIgniter.php(821): CodeIgniter\Router\RouteCollection->loadRoutes()
 7 SYSTEMPATH/CodeIgniter.php(455): CodeIgniter\CodeIgniter->tryToRouteIt(null)
 8 SYSTEMPATH/CodeIgniter.php(354): CodeIgniter\CodeIgniter->handleRequest(null, Object(Config\Cache), false)
 9 SYSTEMPATH/Boot.php(363): CodeIgniter\CodeIgniter->run()
10 SYSTEMPATH/Boot.php(68): CodeIgniter\Boot::runCodeIgniter(Object(CodeIgniter\CodeIgniter))
11 FCPATH/index.php(59): CodeIgniter\Boot::bootWeb(Object(Config\Paths))
WARNING - 2025-09-18 15:36:33 --> [DEPRECATED] Passing lowercase HTTP method "post" is deprecated. Use uppercase HTTP method like "POST". in SYSTEMPATH/Router/RouteCollection.php on line 1026.
 1 SYSTEMPATH/Router/RouteCollection.php(1026): trigger_error('Passing lowercase HTTP method "post" is deprecated. Use uppercase HTTP method like "POST".', 16384)
 2 APPPATH/Config/Routes.php(153): CodeIgniter\Router\RouteCollection->match([...], 'mesociclos/(:num)/generar', 'GimnasioMesociclos::generar/$1')
 3 SYSTEMPATH/Router/RouteCollection.php(799): CodeIgniter\Router\RouteCollection::{closure}(Object(CodeIgniter\Router\RouteCollection))
 4 APPPATH/Config/Routes.php(144): CodeIgniter\Router\RouteCollection->group('gimnasio', [...], Object(Closure))
 5 SYSTEMPATH/Router/RouteCollection.php(339): require('/Applications/ServBay/www/trackbitos/app/Config/Routes.php')
 6 SYSTEMPATH/CodeIgniter.php(821): CodeIgniter\Router\RouteCollection->loadRoutes()
 7 SYSTEMPATH/CodeIgniter.php(455): CodeIgniter\CodeIgniter->tryToRouteIt(null)
 8 SYSTEMPATH/CodeIgniter.php(354): CodeIgniter\CodeIgniter->handleRequest(null, Object(Config\Cache), false)
 9 SYSTEMPATH/Boot.php(363): CodeIgniter\CodeIgniter->run()
10 SYSTEMPATH/Boot.php(68): CodeIgniter\Boot::runCodeIgniter(Object(CodeIgniter\CodeIgniter))
11 FCPATH/index.php(59): CodeIgniter\Boot::bootWeb(Object(Config\Paths))
WARNING - 2025-09-18 15:36:33 --> [DEPRECATED] Passing lowercase HTTP method "get" is deprecated. Use uppercase HTTP method like "GET". in SYSTEMPATH/Router/RouteCollection.php on line 1026.
 1 SYSTEMPATH/Router/RouteCollection.php(1026): trigger_error('Passing lowercase HTTP method "get" is deprecated. Use uppercase HTTP method like "GET".', 16384)
 2 APPPATH/Config/Routes.php(161): CodeIgniter\Router\RouteCollection->match([...], 'mesociclos/(:num)/generar/bilbo', 'GimnasioMesociclos::generarBilbo/$1')
 3 SYSTEMPATH/Router/RouteCollection.php(799): CodeIgniter\Router\RouteCollection::{closure}(Object(CodeIgniter\Router\RouteCollection))
 4 APPPATH/Config/Routes.php(144): CodeIgniter\Router\RouteCollection->group('gimnasio', [...], Object(Closure))
 5 SYSTEMPATH/Router/RouteCollection.php(339): require('/Applications/ServBay/www/trackbitos/app/Config/Routes.php')
 6 SYSTEMPATH/CodeIgniter.php(821): CodeIgniter\Router\RouteCollection->loadRoutes()
 7 SYSTEMPATH/CodeIgniter.php(455): CodeIgniter\CodeIgniter->tryToRouteIt(null)
 8 SYSTEMPATH/CodeIgniter.php(354): CodeIgniter\CodeIgniter->handleRequest(null, Object(Config\Cache), false)
 9 SYSTEMPATH/Boot.php(363): CodeIgniter\CodeIgniter->run()
10 SYSTEMPATH/Boot.php(68): CodeIgniter\Boot::runCodeIgniter(Object(CodeIgniter\CodeIgniter))
11 FCPATH/index.php(59): CodeIgniter\Boot::bootWeb(Object(Config\Paths))
WARNING - 2025-09-18 15:36:33 --> [DEPRECATED] Passing lowercase HTTP method "post" is deprecated. Use uppercase HTTP method like "POST". in SYSTEMPATH/Router/RouteCollection.php on line 1026.
 1 SYSTEMPATH/Router/RouteCollection.php(1026): trigger_error('Passing lowercase HTTP method "post" is deprecated. Use uppercase HTTP method like "POST".', 16384)
 2 APPPATH/Config/Routes.php(161): CodeIgniter\Router\RouteCollection->match([...], 'mesociclos/(:num)/generar/bilbo', 'GimnasioMesociclos::generarBilbo/$1')
 3 SYSTEMPATH/Router/RouteCollection.php(799): CodeIgniter\Router\RouteCollection::{closure}(Object(CodeIgniter\Router\RouteCollection))
 4 APPPATH/Config/Routes.php(144): CodeIgniter\Router\RouteCollection->group('gimnasio', [...], Object(Closure))
 5 SYSTEMPATH/Router/RouteCollection.php(339): require('/Applications/ServBay/www/trackbitos/app/Config/Routes.php')
 6 SYSTEMPATH/CodeIgniter.php(821): CodeIgniter\Router\RouteCollection->loadRoutes()
 7 SYSTEMPATH/CodeIgniter.php(455): CodeIgniter\CodeIgniter->tryToRouteIt(null)
 8 SYSTEMPATH/CodeIgniter.php(354): CodeIgniter\CodeIgniter->handleRequest(null, Object(Config\Cache), false)
 9 SYSTEMPATH/Boot.php(363): CodeIgniter\CodeIgniter->run()
10 SYSTEMPATH/Boot.php(68): CodeIgniter\Boot::runCodeIgniter(Object(CodeIgniter\CodeIgniter))
11 FCPATH/index.php(59): CodeIgniter\Boot::bootWeb(Object(Config\Paths))
WARNING - 2025-09-18 15:36:33 --> [DEPRECATED] Passing lowercase HTTP method "get" is deprecated. Use uppercase HTTP method like "GET". in SYSTEMPATH/Router/RouteCollection.php on line 1026.
 1 SYSTEMPATH/Router/RouteCollection.php(1026): trigger_error('Passing lowercase HTTP method "get" is deprecated. Use uppercase HTTP method like "GET".', 16384)
 2 APPPATH/Config/Routes.php(261): CodeIgniter\Router\RouteCollection->match([...], 'crear', 'Youtube::crearLista')
 3 SYSTEMPATH/Router/RouteCollection.php(799): CodeIgniter\Router\RouteCollection::{closure}(Object(CodeIgniter\Router\RouteCollection))
 4 APPPATH/Config/Routes.php(259): CodeIgniter\Router\RouteCollection->group('youtube', [...], Object(Closure))
 5 SYSTEMPATH/Router/RouteCollection.php(339): require('/Applications/ServBay/www/trackbitos/app/Config/Routes.php')
 6 SYSTEMPATH/CodeIgniter.php(821): CodeIgniter\Router\RouteCollection->loadRoutes()
 7 SYSTEMPATH/CodeIgniter.php(455): CodeIgniter\CodeIgniter->tryToRouteIt(null)
 8 SYSTEMPATH/CodeIgniter.php(354): CodeIgniter\CodeIgniter->handleRequest(null, Object(Config\Cache), false)
 9 SYSTEMPATH/Boot.php(363): CodeIgniter\CodeIgniter->run()
10 SYSTEMPATH/Boot.php(68): CodeIgniter\Boot::runCodeIgniter(Object(CodeIgniter\CodeIgniter))
11 FCPATH/index.php(59): CodeIgniter\Boot::bootWeb(Object(Config\Paths))
WARNING - 2025-09-18 15:36:33 --> [DEPRECATED] Passing lowercase HTTP method "post" is deprecated. Use uppercase HTTP method like "POST". in SYSTEMPATH/Router/RouteCollection.php on line 1026.
 1 SYSTEMPATH/Router/RouteCollection.php(1026): trigger_error('Passing lowercase HTTP method "post" is deprecated. Use uppercase HTTP method like "POST".', 16384)
 2 APPPATH/Config/Routes.php(261): CodeIgniter\Router\RouteCollection->match([...], 'crear', 'Youtube::crearLista')
 3 SYSTEMPATH/Router/RouteCollection.php(799): CodeIgniter\Router\RouteCollection::{closure}(Object(CodeIgniter\Router\RouteCollection))
 4 APPPATH/Config/Routes.php(259): CodeIgniter\Router\RouteCollection->group('youtube', [...], Object(Closure))
 5 SYSTEMPATH/Router/RouteCollection.php(339): require('/Applications/ServBay/www/trackbitos/app/Config/Routes.php')
 6 SYSTEMPATH/CodeIgniter.php(821): CodeIgniter\Router\RouteCollection->loadRoutes()
 7 SYSTEMPATH/CodeIgniter.php(455): CodeIgniter\CodeIgniter->tryToRouteIt(null)
 8 SYSTEMPATH/CodeIgniter.php(354): CodeIgniter\CodeIgniter->handleRequest(null, Object(Config\Cache), false)
 9 SYSTEMPATH/Boot.php(363): CodeIgniter\CodeIgniter->run()
10 SYSTEMPATH/Boot.php(68): CodeIgniter\Boot::runCodeIgniter(Object(CodeIgniter\CodeIgniter))
11 FCPATH/index.php(59): CodeIgniter\Boot::bootWeb(Object(Config\Paths))
DEBUG - 2025-09-18 15:36:33 --> Session: Class initialized using 'CodeIgniter\Session\Handlers\FileHandler' driver.
WARNING - 2025-09-18 15:36:39 --> [DEPRECATED] Passing lowercase HTTP method "get" is deprecated. Use uppercase HTTP method like "GET". in SYSTEMPATH/Router/RouteCollection.php on line 1026.
 1 SYSTEMPATH/Router/RouteCollection.php(1026): trigger_error('Passing lowercase HTTP method "get" is deprecated. Use uppercase HTTP method like "GET".', 16384)
 2 APPPATH/Config/Routes.php(146): CodeIgniter\Router\RouteCollection->match([...], 'mesociclos/nuevo', 'GimnasioMesociclos::nuevo')
 3 SYSTEMPATH/Router/RouteCollection.php(799): CodeIgniter\Router\RouteCollection::{closure}(Object(CodeIgniter\Router\RouteCollection))
 4 APPPATH/Config/Routes.php(144): CodeIgniter\Router\RouteCollection->group('gimnasio', [...], Object(Closure))
 5 SYSTEMPATH/Router/RouteCollection.php(339): require('/Applications/ServBay/www/trackbitos/app/Config/Routes.php')
 6 SYSTEMPATH/CodeIgniter.php(821): CodeIgniter\Router\RouteCollection->loadRoutes()
 7 SYSTEMPATH/CodeIgniter.php(455): CodeIgniter\CodeIgniter->tryToRouteIt(null)
 8 SYSTEMPATH/CodeIgniter.php(354): CodeIgniter\CodeIgniter->handleRequest(null, Object(Config\Cache), false)
 9 SYSTEMPATH/Boot.php(363): CodeIgniter\CodeIgniter->run()
10 SYSTEMPATH/Boot.php(68): CodeIgniter\Boot::runCodeIgniter(Object(CodeIgniter\CodeIgniter))
11 FCPATH/index.php(59): CodeIgniter\Boot::bootWeb(Object(Config\Paths))
WARNING - 2025-09-18 15:36:39 --> [DEPRECATED] Passing lowercase HTTP method "post" is deprecated. Use uppercase HTTP method like "POST". in SYSTEMPATH/Router/RouteCollection.php on line 1026.
 1 SYSTEMPATH/Router/RouteCollection.php(1026): trigger_error('Passing lowercase HTTP method "post" is deprecated. Use uppercase HTTP method like "POST".', 16384)
 2 APPPATH/Config/Routes.php(146): CodeIgniter\Router\RouteCollection->match([...], 'mesociclos/nuevo', 'GimnasioMesociclos::nuevo')
 3 SYSTEMPATH/Router/RouteCollection.php(799): CodeIgniter\Router\RouteCollection::{closure}(Object(CodeIgniter\Router\RouteCollection))
 4 APPPATH/Config/Routes.php(144): CodeIgniter\Router\RouteCollection->group('gimnasio', [...], Object(Closure))
 5 SYSTEMPATH/Router/RouteCollection.php(339): require('/Applications/ServBay/www/trackbitos/app/Config/Routes.php')
 6 SYSTEMPATH/CodeIgniter.php(821): CodeIgniter\Router\RouteCollection->loadRoutes()
 7 SYSTEMPATH/CodeIgniter.php(455): CodeIgniter\CodeIgniter->tryToRouteIt(null)
 8 SYSTEMPATH/CodeIgniter.php(354): CodeIgniter\CodeIgniter->handleRequest(null, Object(Config\Cache), false)
 9 SYSTEMPATH/Boot.php(363): CodeIgniter\CodeIgniter->run()
10 SYSTEMPATH/Boot.php(68): CodeIgniter\Boot::runCodeIgniter(Object(CodeIgniter\CodeIgniter))
11 FCPATH/index.php(59): CodeIgniter\Boot::bootWeb(Object(Config\Paths))
WARNING - 2025-09-18 15:36:39 --> [DEPRECATED] Passing lowercase HTTP method "get" is deprecated. Use uppercase HTTP method like "GET". in SYSTEMPATH/Router/RouteCollection.php on line 1026.
 1 SYSTEMPATH/Router/RouteCollection.php(1026): trigger_error('Passing lowercase HTTP method "get" is deprecated. Use uppercase HTTP method like "GET".', 16384)
 2 APPPATH/Config/Routes.php(148): CodeIgniter\Router\RouteCollection->match([...], 'mesociclos/(:num)/bloque/nuevo', 'GimnasioMesociclos::bloqueNuevo/$1')
 3 SYSTEMPATH/Router/RouteCollection.php(799): CodeIgniter\Router\RouteCollection::{closure}(Object(CodeIgniter\Router\RouteCollection))
 4 APPPATH/Config/Routes.php(144): CodeIgniter\Router\RouteCollection->group('gimnasio', [...], Object(Closure))
 5 SYSTEMPATH/Router/RouteCollection.php(339): require('/Applications/ServBay/www/trackbitos/app/Config/Routes.php')
 6 SYSTEMPATH/CodeIgniter.php(821): CodeIgniter\Router\RouteCollection->loadRoutes()
 7 SYSTEMPATH/CodeIgniter.php(455): CodeIgniter\CodeIgniter->tryToRouteIt(null)
 8 SYSTEMPATH/CodeIgniter.php(354): CodeIgniter\CodeIgniter->handleRequest(null, Object(Config\Cache), false)
 9 SYSTEMPATH/Boot.php(363): CodeIgniter\CodeIgniter->run()
10 SYSTEMPATH/Boot.php(68): CodeIgniter\Boot::runCodeIgniter(Object(CodeIgniter\CodeIgniter))
11 FCPATH/index.php(59): CodeIgniter\Boot::bootWeb(Object(Config\Paths))
WARNING - 2025-09-18 15:36:39 --> [DEPRECATED] Passing lowercase HTTP method "post" is deprecated. Use uppercase HTTP method like "POST". in SYSTEMPATH/Router/RouteCollection.php on line 1026.
 1 SYSTEMPATH/Router/RouteCollection.php(1026): trigger_error('Passing lowercase HTTP method "post" is deprecated. Use uppercase HTTP method like "POST".', 16384)
 2 APPPATH/Config/Routes.php(148): CodeIgniter\Router\RouteCollection->match([...], 'mesociclos/(:num)/bloque/nuevo', 'GimnasioMesociclos::bloqueNuevo/$1')
 3 SYSTEMPATH/Router/RouteCollection.php(799): CodeIgniter\Router\RouteCollection::{closure}(Object(CodeIgniter\Router\RouteCollection))
 4 APPPATH/Config/Routes.php(144): CodeIgniter\Router\RouteCollection->group('gimnasio', [...], Object(Closure))
 5 SYSTEMPATH/Router/RouteCollection.php(339): require('/Applications/ServBay/www/trackbitos/app/Config/Routes.php')
 6 SYSTEMPATH/CodeIgniter.php(821): CodeIgniter\Router\RouteCollection->loadRoutes()
 7 SYSTEMPATH/CodeIgniter.php(455): CodeIgniter\CodeIgniter->tryToRouteIt(null)
 8 SYSTEMPATH/CodeIgniter.php(354): CodeIgniter\CodeIgniter->handleRequest(null, Object(Config\Cache), false)
 9 SYSTEMPATH/Boot.php(363): CodeIgniter\CodeIgniter->run()
10 SYSTEMPATH/Boot.php(68): CodeIgniter\Boot::runCodeIgniter(Object(CodeIgniter\CodeIgniter))
11 FCPATH/index.php(59): CodeIgniter\Boot::bootWeb(Object(Config\Paths))
WARNING - 2025-09-18 15:36:39 --> [DEPRECATED] Passing lowercase HTTP method "get" is deprecated. Use uppercase HTTP method like "GET". in SYSTEMPATH/Router/RouteCollection.php on line 1026.
 1 SYSTEMPATH/Router/RouteCollection.php(1026): trigger_error('Passing lowercase HTTP method "get" is deprecated. Use uppercase HTTP method like "GET".', 16384)
 2 APPPATH/Config/Routes.php(150): CodeIgniter\Router\RouteCollection->match([...], 'mesociclos/(:num)/asignar/(:num)', 'GimnasioMesociclos::asignar/$1/$2')
 3 SYSTEMPATH/Router/RouteCollection.php(799): CodeIgniter\Router\RouteCollection::{closure}(Object(CodeIgniter\Router\RouteCollection))
 4 APPPATH/Config/Routes.php(144): CodeIgniter\Router\RouteCollection->group('gimnasio', [...], Object(Closure))
 5 SYSTEMPATH/Router/RouteCollection.php(339): require('/Applications/ServBay/www/trackbitos/app/Config/Routes.php')
 6 SYSTEMPATH/CodeIgniter.php(821): CodeIgniter\Router\RouteCollection->loadRoutes()
 7 SYSTEMPATH/CodeIgniter.php(455): CodeIgniter\CodeIgniter->tryToRouteIt(null)
 8 SYSTEMPATH/CodeIgniter.php(354): CodeIgniter\CodeIgniter->handleRequest(null, Object(Config\Cache), false)
 9 SYSTEMPATH/Boot.php(363): CodeIgniter\CodeIgniter->run()
10 SYSTEMPATH/Boot.php(68): CodeIgniter\Boot::runCodeIgniter(Object(CodeIgniter\CodeIgniter))
11 FCPATH/index.php(59): CodeIgniter\Boot::bootWeb(Object(Config\Paths))
WARNING - 2025-09-18 15:36:39 --> [DEPRECATED] Passing lowercase HTTP method "post" is deprecated. Use uppercase HTTP method like "POST". in SYSTEMPATH/Router/RouteCollection.php on line 1026.
 1 SYSTEMPATH/Router/RouteCollection.php(1026): trigger_error('Passing lowercase HTTP method "post" is deprecated. Use uppercase HTTP method like "POST".', 16384)
 2 APPPATH/Config/Routes.php(150): CodeIgniter\Router\RouteCollection->match([...], 'mesociclos/(:num)/asignar/(:num)', 'GimnasioMesociclos::asignar/$1/$2')
 3 SYSTEMPATH/Router/RouteCollection.php(799): CodeIgniter\Router\RouteCollection::{closure}(Object(CodeIgniter\Router\RouteCollection))
 4 APPPATH/Config/Routes.php(144): CodeIgniter\Router\RouteCollection->group('gimnasio', [...], Object(Closure))
 5 SYSTEMPATH/Router/RouteCollection.php(339): require('/Applications/ServBay/www/trackbitos/app/Config/Routes.php')
 6 SYSTEMPATH/CodeIgniter.php(821): CodeIgniter\Router\RouteCollection->loadRoutes()
 7 SYSTEMPATH/CodeIgniter.php(455): CodeIgniter\CodeIgniter->tryToRouteIt(null)
 8 SYSTEMPATH/CodeIgniter.php(354): CodeIgniter\CodeIgniter->handleRequest(null, Object(Config\Cache), false)
 9 SYSTEMPATH/Boot.php(363): CodeIgniter\CodeIgniter->run()
10 SYSTEMPATH/Boot.php(68): CodeIgniter\Boot::runCodeIgniter(Object(CodeIgniter\CodeIgniter))
11 FCPATH/index.php(59): CodeIgniter\Boot::bootWeb(Object(Config\Paths))
WARNING - 2025-09-18 15:36:39 --> [DEPRECATED] Passing lowercase HTTP method "get" is deprecated. Use uppercase HTTP method like "GET". in SYSTEMPATH/Router/RouteCollection.php on line 1026.
 1 SYSTEMPATH/Router/RouteCollection.php(1026): trigger_error('Passing lowercase HTTP method "get" is deprecated. Use uppercase HTTP method like "GET".', 16384)
 2 APPPATH/Config/Routes.php(153): CodeIgniter\Router\RouteCollection->match([...], 'mesociclos/(:num)/generar', 'GimnasioMesociclos::generar/$1')
 3 SYSTEMPATH/Router/RouteCollection.php(799): CodeIgniter\Router\RouteCollection::{closure}(Object(CodeIgniter\Router\RouteCollection))
 4 APPPATH/Config/Routes.php(144): CodeIgniter\Router\RouteCollection->group('gimnasio', [...], Object(Closure))
 5 SYSTEMPATH/Router/RouteCollection.php(339): require('/Applications/ServBay/www/trackbitos/app/Config/Routes.php')
 6 SYSTEMPATH/CodeIgniter.php(821): CodeIgniter\Router\RouteCollection->loadRoutes()
 7 SYSTEMPATH/CodeIgniter.php(455): CodeIgniter\CodeIgniter->tryToRouteIt(null)
 8 SYSTEMPATH/CodeIgniter.php(354): CodeIgniter\CodeIgniter->handleRequest(null, Object(Config\Cache), false)
 9 SYSTEMPATH/Boot.php(363): CodeIgniter\CodeIgniter->run()
10 SYSTEMPATH/Boot.php(68): CodeIgniter\Boot::runCodeIgniter(Object(CodeIgniter\CodeIgniter))
11 FCPATH/index.php(59): CodeIgniter\Boot::bootWeb(Object(Config\Paths))
WARNING - 2025-09-18 15:36:39 --> [DEPRECATED] Passing lowercase HTTP method "post" is deprecated. Use uppercase HTTP method like "POST". in SYSTEMPATH/Router/RouteCollection.php on line 1026.
 1 SYSTEMPATH/Router/RouteCollection.php(1026): trigger_error('Passing lowercase HTTP method "post" is deprecated. Use uppercase HTTP method like "POST".', 16384)
 2 APPPATH/Config/Routes.php(153): CodeIgniter\Router\RouteCollection->match([...], 'mesociclos/(:num)/generar', 'GimnasioMesociclos::generar/$1')
 3 SYSTEMPATH/Router/RouteCollection.php(799): CodeIgniter\Router\RouteCollection::{closure}(Object(CodeIgniter\Router\RouteCollection))
 4 APPPATH/Config/Routes.php(144): CodeIgniter\Router\RouteCollection->group('gimnasio', [...], Object(Closure))
 5 SYSTEMPATH/Router/RouteCollection.php(339): require('/Applications/ServBay/www/trackbitos/app/Config/Routes.php')
 6 SYSTEMPATH/CodeIgniter.php(821): CodeIgniter\Router\RouteCollection->loadRoutes()
 7 SYSTEMPATH/CodeIgniter.php(455): CodeIgniter\CodeIgniter->tryToRouteIt(null)
 8 SYSTEMPATH/CodeIgniter.php(354): CodeIgniter\CodeIgniter->handleRequest(null, Object(Config\Cache), false)
 9 SYSTEMPATH/Boot.php(363): CodeIgniter\CodeIgniter->run()
10 SYSTEMPATH/Boot.php(68): CodeIgniter\Boot::runCodeIgniter(Object(CodeIgniter\CodeIgniter))
11 FCPATH/index.php(59): CodeIgniter\Boot::bootWeb(Object(Config\Paths))
WARNING - 2025-09-18 15:36:39 --> [DEPRECATED] Passing lowercase HTTP method "get" is deprecated. Use uppercase HTTP method like "GET". in SYSTEMPATH/Router/RouteCollection.php on line 1026.
 1 SYSTEMPATH/Router/RouteCollection.php(1026): trigger_error('Passing lowercase HTTP method "get" is deprecated. Use uppercase HTTP method like "GET".', 16384)
 2 APPPATH/Config/Routes.php(161): CodeIgniter\Router\RouteCollection->match([...], 'mesociclos/(:num)/generar/bilbo', 'GimnasioMesociclos::generarBilbo/$1')
 3 SYSTEMPATH/Router/RouteCollection.php(799): CodeIgniter\Router\RouteCollection::{closure}(Object(CodeIgniter\Router\RouteCollection))
 4 APPPATH/Config/Routes.php(144): CodeIgniter\Router\RouteCollection->group('gimnasio', [...], Object(Closure))
 5 SYSTEMPATH/Router/RouteCollection.php(339): require('/Applications/ServBay/www/trackbitos/app/Config/Routes.php')
 6 SYSTEMPATH/CodeIgniter.php(821): CodeIgniter\Router\RouteCollection->loadRoutes()
 7 SYSTEMPATH/CodeIgniter.php(455): CodeIgniter\CodeIgniter->tryToRouteIt(null)
 8 SYSTEMPATH/CodeIgniter.php(354): CodeIgniter\CodeIgniter->handleRequest(null, Object(Config\Cache), false)
 9 SYSTEMPATH/Boot.php(363): CodeIgniter\CodeIgniter->run()
10 SYSTEMPATH/Boot.php(68): CodeIgniter\Boot::runCodeIgniter(Object(CodeIgniter\CodeIgniter))
11 FCPATH/index.php(59): CodeIgniter\Boot::bootWeb(Object(Config\Paths))
WARNING - 2025-09-18 15:36:39 --> [DEPRECATED] Passing lowercase HTTP method "post" is deprecated. Use uppercase HTTP method like "POST". in SYSTEMPATH/Router/RouteCollection.php on line 1026.
 1 SYSTEMPATH/Router/RouteCollection.php(1026): trigger_error('Passing lowercase HTTP method "post" is deprecated. Use uppercase HTTP method like "POST".', 16384)
 2 APPPATH/Config/Routes.php(161): CodeIgniter\Router\RouteCollection->match([...], 'mesociclos/(:num)/generar/bilbo', 'GimnasioMesociclos::generarBilbo/$1')
 3 SYSTEMPATH/Router/RouteCollection.php(799): CodeIgniter\Router\RouteCollection::{closure}(Object(CodeIgniter\Router\RouteCollection))
 4 APPPATH/Config/Routes.php(144): CodeIgniter\Router\RouteCollection->group('gimnasio', [...], Object(Closure))
 5 SYSTEMPATH/Router/RouteCollection.php(339): require('/Applications/ServBay/www/trackbitos/app/Config/Routes.php')
 6 SYSTEMPATH/CodeIgniter.php(821): CodeIgniter\Router\RouteCollection->loadRoutes()
 7 SYSTEMPATH/CodeIgniter.php(455): CodeIgniter\CodeIgniter->tryToRouteIt(null)
 8 SYSTEMPATH/CodeIgniter.php(354): CodeIgniter\CodeIgniter->handleRequest(null, Object(Config\Cache), false)
 9 SYSTEMPATH/Boot.php(363): CodeIgniter\CodeIgniter->run()
10 SYSTEMPATH/Boot.php(68): CodeIgniter\Boot::runCodeIgniter(Object(CodeIgniter\CodeIgniter))
11 FCPATH/index.php(59): CodeIgniter\Boot::bootWeb(Object(Config\Paths))
WARNING - 2025-09-18 15:36:39 --> [DEPRECATED] Passing lowercase HTTP method "get" is deprecated. Use uppercase HTTP method like "GET". in SYSTEMPATH/Router/RouteCollection.php on line 1026.
 1 SYSTEMPATH/Router/RouteCollection.php(1026): trigger_error('Passing lowercase HTTP method "get" is deprecated. Use uppercase HTTP method like "GET".', 16384)
 2 APPPATH/Config/Routes.php(261): CodeIgniter\Router\RouteCollection->match([...], 'crear', 'Youtube::crearLista')
 3 SYSTEMPATH/Router/RouteCollection.php(799): CodeIgniter\Router\RouteCollection::{closure}(Object(CodeIgniter\Router\RouteCollection))
 4 APPPATH/Config/Routes.php(259): CodeIgniter\Router\RouteCollection->group('youtube', [...], Object(Closure))
 5 SYSTEMPATH/Router/RouteCollection.php(339): require('/Applications/ServBay/www/trackbitos/app/Config/Routes.php')
 6 SYSTEMPATH/CodeIgniter.php(821): CodeIgniter\Router\RouteCollection->loadRoutes()
 7 SYSTEMPATH/CodeIgniter.php(455): CodeIgniter\CodeIgniter->tryToRouteIt(null)
 8 SYSTEMPATH/CodeIgniter.php(354): CodeIgniter\CodeIgniter->handleRequest(null, Object(Config\Cache), false)
 9 SYSTEMPATH/Boot.php(363): CodeIgniter\CodeIgniter->run()
10 SYSTEMPATH/Boot.php(68): CodeIgniter\Boot::runCodeIgniter(Object(CodeIgniter\CodeIgniter))
11 FCPATH/index.php(59): CodeIgniter\Boot::bootWeb(Object(Config\Paths))
WARNING - 2025-09-18 15:36:39 --> [DEPRECATED] Passing lowercase HTTP method "post" is deprecated. Use uppercase HTTP method like "POST". in SYSTEMPATH/Router/RouteCollection.php on line 1026.
 1 SYSTEMPATH/Router/RouteCollection.php(1026): trigger_error('Passing lowercase HTTP method "post" is deprecated. Use uppercase HTTP method like "POST".', 16384)
 2 APPPATH/Config/Routes.php(261): CodeIgniter\Router\RouteCollection->match([...], 'crear', 'Youtube::crearLista')
 3 SYSTEMPATH/Router/RouteCollection.php(799): CodeIgniter\Router\RouteCollection::{closure}(Object(CodeIgniter\Router\RouteCollection))
 4 APPPATH/Config/Routes.php(259): CodeIgniter\Router\RouteCollection->group('youtube', [...], Object(Closure))
 5 SYSTEMPATH/Router/RouteCollection.php(339): require('/Applications/ServBay/www/trackbitos/app/Config/Routes.php')
 6 SYSTEMPATH/CodeIgniter.php(821): CodeIgniter\Router\RouteCollection->loadRoutes()
 7 SYSTEMPATH/CodeIgniter.php(455): CodeIgniter\CodeIgniter->tryToRouteIt(null)
 8 SYSTEMPATH/CodeIgniter.php(354): CodeIgniter\CodeIgniter->handleRequest(null, Object(Config\Cache), false)
 9 SYSTEMPATH/Boot.php(363): CodeIgniter\CodeIgniter->run()
10 SYSTEMPATH/Boot.php(68): CodeIgniter\Boot::runCodeIgniter(Object(CodeIgniter\CodeIgniter))
11 FCPATH/index.php(59): CodeIgniter\Boot::bootWeb(Object(Config\Paths))
DEBUG - 2025-09-18 15:36:39 --> Session: Class initialized using 'CodeIgniter\Session\Handlers\FileHandler' driver.
WARNING - 2025-09-18 15:36:40 --> [DEPRECATED] Passing lowercase HTTP method "get" is deprecated. Use uppercase HTTP method like "GET". in SYSTEMPATH/Router/RouteCollection.php on line 1026.
 1 SYSTEMPATH/Router/RouteCollection.php(1026): trigger_error('Passing lowercase HTTP method "get" is deprecated. Use uppercase HTTP method like "GET".', 16384)
 2 APPPATH/Config/Routes.php(146): CodeIgniter\Router\RouteCollection->match([...], 'mesociclos/nuevo', 'GimnasioMesociclos::nuevo')
 3 SYSTEMPATH/Router/RouteCollection.php(799): CodeIgniter\Router\RouteCollection::{closure}(Object(CodeIgniter\Router\RouteCollection))
 4 APPPATH/Config/Routes.php(144): CodeIgniter\Router\RouteCollection->group('gimnasio', [...], Object(Closure))
 5 SYSTEMPATH/Router/RouteCollection.php(339): require('/Applications/ServBay/www/trackbitos/app/Config/Routes.php')
 6 SYSTEMPATH/CodeIgniter.php(821): CodeIgniter\Router\RouteCollection->loadRoutes()
 7 SYSTEMPATH/CodeIgniter.php(455): CodeIgniter\CodeIgniter->tryToRouteIt(null)
 8 SYSTEMPATH/CodeIgniter.php(354): CodeIgniter\CodeIgniter->handleRequest(null, Object(Config\Cache), false)
 9 SYSTEMPATH/Boot.php(363): CodeIgniter\CodeIgniter->run()
10 SYSTEMPATH/Boot.php(68): CodeIgniter\Boot::runCodeIgniter(Object(CodeIgniter\CodeIgniter))
11 FCPATH/index.php(59): CodeIgniter\Boot::bootWeb(Object(Config\Paths))
WARNING - 2025-09-18 15:36:40 --> [DEPRECATED] Passing lowercase HTTP method "post" is deprecated. Use uppercase HTTP method like "POST". in SYSTEMPATH/Router/RouteCollection.php on line 1026.
 1 SYSTEMPATH/Router/RouteCollection.php(1026): trigger_error('Passing lowercase HTTP method "post" is deprecated. Use uppercase HTTP method like "POST".', 16384)
 2 APPPATH/Config/Routes.php(146): CodeIgniter\Router\RouteCollection->match([...], 'mesociclos/nuevo', 'GimnasioMesociclos::nuevo')
 3 SYSTEMPATH/Router/RouteCollection.php(799): CodeIgniter\Router\RouteCollection::{closure}(Object(CodeIgniter\Router\RouteCollection))
 4 APPPATH/Config/Routes.php(144): CodeIgniter\Router\RouteCollection->group('gimnasio', [...], Object(Closure))
 5 SYSTEMPATH/Router/RouteCollection.php(339): require('/Applications/ServBay/www/trackbitos/app/Config/Routes.php')
 6 SYSTEMPATH/CodeIgniter.php(821): CodeIgniter\Router\RouteCollection->loadRoutes()
 7 SYSTEMPATH/CodeIgniter.php(455): CodeIgniter\CodeIgniter->tryToRouteIt(null)
 8 SYSTEMPATH/CodeIgniter.php(354): CodeIgniter\CodeIgniter->handleRequest(null, Object(Config\Cache), false)
 9 SYSTEMPATH/Boot.php(363): CodeIgniter\CodeIgniter->run()
10 SYSTEMPATH/Boot.php(68): CodeIgniter\Boot::runCodeIgniter(Object(CodeIgniter\CodeIgniter))
11 FCPATH/index.php(59): CodeIgniter\Boot::bootWeb(Object(Config\Paths))
WARNING - 2025-09-18 15:36:40 --> [DEPRECATED] Passing lowercase HTTP method "get" is deprecated. Use uppercase HTTP method like "GET". in SYSTEMPATH/Router/RouteCollection.php on line 1026.
 1 SYSTEMPATH/Router/RouteCollection.php(1026): trigger_error('Passing lowercase HTTP method "get" is deprecated. Use uppercase HTTP method like "GET".', 16384)
 2 APPPATH/Config/Routes.php(148): CodeIgniter\Router\RouteCollection->match([...], 'mesociclos/(:num)/bloque/nuevo', 'GimnasioMesociclos::bloqueNuevo/$1')
 3 SYSTEMPATH/Router/RouteCollection.php(799): CodeIgniter\Router\RouteCollection::{closure}(Object(CodeIgniter\Router\RouteCollection))
 4 APPPATH/Config/Routes.php(144): CodeIgniter\Router\RouteCollection->group('gimnasio', [...], Object(Closure))
 5 SYSTEMPATH/Router/RouteCollection.php(339): require('/Applications/ServBay/www/trackbitos/app/Config/Routes.php')
 6 SYSTEMPATH/CodeIgniter.php(821): CodeIgniter\Router\RouteCollection->loadRoutes()
 7 SYSTEMPATH/CodeIgniter.php(455): CodeIgniter\CodeIgniter->tryToRouteIt(null)
 8 SYSTEMPATH/CodeIgniter.php(354): CodeIgniter\CodeIgniter->handleRequest(null, Object(Config\Cache), false)
 9 SYSTEMPATH/Boot.php(363): CodeIgniter\CodeIgniter->run()
10 SYSTEMPATH/Boot.php(68): CodeIgniter\Boot::runCodeIgniter(Object(CodeIgniter\CodeIgniter))
11 FCPATH/index.php(59): CodeIgniter\Boot::bootWeb(Object(Config\Paths))
WARNING - 2025-09-18 15:36:40 --> [DEPRECATED] Passing lowercase HTTP method "post" is deprecated. Use uppercase HTTP method like "POST". in SYSTEMPATH/Router/RouteCollection.php on line 1026.
 1 SYSTEMPATH/Router/RouteCollection.php(1026): trigger_error('Passing lowercase HTTP method "post" is deprecated. Use uppercase HTTP method like "POST".', 16384)
 2 APPPATH/Config/Routes.php(148): CodeIgniter\Router\RouteCollection->match([...], 'mesociclos/(:num)/bloque/nuevo', 'GimnasioMesociclos::bloqueNuevo/$1')
 3 SYSTEMPATH/Router/RouteCollection.php(799): CodeIgniter\Router\RouteCollection::{closure}(Object(CodeIgniter\Router\RouteCollection))
 4 APPPATH/Config/Routes.php(144): CodeIgniter\Router\RouteCollection->group('gimnasio', [...], Object(Closure))
 5 SYSTEMPATH/Router/RouteCollection.php(339): require('/Applications/ServBay/www/trackbitos/app/Config/Routes.php')
 6 SYSTEMPATH/CodeIgniter.php(821): CodeIgniter\Router\RouteCollection->loadRoutes()
 7 SYSTEMPATH/CodeIgniter.php(455): CodeIgniter\CodeIgniter->tryToRouteIt(null)
 8 SYSTEMPATH/CodeIgniter.php(354): CodeIgniter\CodeIgniter->handleRequest(null, Object(Config\Cache), false)
 9 SYSTEMPATH/Boot.php(363): CodeIgniter\CodeIgniter->run()
10 SYSTEMPATH/Boot.php(68): CodeIgniter\Boot::runCodeIgniter(Object(CodeIgniter\CodeIgniter))
11 FCPATH/index.php(59): CodeIgniter\Boot::bootWeb(Object(Config\Paths))
WARNING - 2025-09-18 15:36:40 --> [DEPRECATED] Passing lowercase HTTP method "get" is deprecated. Use uppercase HTTP method like "GET". in SYSTEMPATH/Router/RouteCollection.php on line 1026.
 1 SYSTEMPATH/Router/RouteCollection.php(1026): trigger_error('Passing lowercase HTTP method "get" is deprecated. Use uppercase HTTP method like "GET".', 16384)
 2 APPPATH/Config/Routes.php(150): CodeIgniter\Router\RouteCollection->match([...], 'mesociclos/(:num)/asignar/(:num)', 'GimnasioMesociclos::asignar/$1/$2')
 3 SYSTEMPATH/Router/RouteCollection.php(799): CodeIgniter\Router\RouteCollection::{closure}(Object(CodeIgniter\Router\RouteCollection))
 4 APPPATH/Config/Routes.php(144): CodeIgniter\Router\RouteCollection->group('gimnasio', [...], Object(Closure))
 5 SYSTEMPATH/Router/RouteCollection.php(339): require('/Applications/ServBay/www/trackbitos/app/Config/Routes.php')
 6 SYSTEMPATH/CodeIgniter.php(821): CodeIgniter\Router\RouteCollection->loadRoutes()
 7 SYSTEMPATH/CodeIgniter.php(455): CodeIgniter\CodeIgniter->tryToRouteIt(null)
 8 SYSTEMPATH/CodeIgniter.php(354): CodeIgniter\CodeIgniter->handleRequest(null, Object(Config\Cache), false)
 9 SYSTEMPATH/Boot.php(363): CodeIgniter\CodeIgniter->run()
10 SYSTEMPATH/Boot.php(68): CodeIgniter\Boot::runCodeIgniter(Object(CodeIgniter\CodeIgniter))
11 FCPATH/index.php(59): CodeIgniter\Boot::bootWeb(Object(Config\Paths))
WARNING - 2025-09-18 15:36:40 --> [DEPRECATED] Passing lowercase HTTP method "post" is deprecated. Use uppercase HTTP method like "POST". in SYSTEMPATH/Router/RouteCollection.php on line 1026.
 1 SYSTEMPATH/Router/RouteCollection.php(1026): trigger_error('Passing lowercase HTTP method "post" is deprecated. Use uppercase HTTP method like "POST".', 16384)
 2 APPPATH/Config/Routes.php(150): CodeIgniter\Router\RouteCollection->match([...], 'mesociclos/(:num)/asignar/(:num)', 'GimnasioMesociclos::asignar/$1/$2')
 3 SYSTEMPATH/Router/RouteCollection.php(799): CodeIgniter\Router\RouteCollection::{closure}(Object(CodeIgniter\Router\RouteCollection))
 4 APPPATH/Config/Routes.php(144): CodeIgniter\Router\RouteCollection->group('gimnasio', [...], Object(Closure))
 5 SYSTEMPATH/Router/RouteCollection.php(339): require('/Applications/ServBay/www/trackbitos/app/Config/Routes.php')
 6 SYSTEMPATH/CodeIgniter.php(821): CodeIgniter\Router\RouteCollection->loadRoutes()
 7 SYSTEMPATH/CodeIgniter.php(455): CodeIgniter\CodeIgniter->tryToRouteIt(null)
 8 SYSTEMPATH/CodeIgniter.php(354): CodeIgniter\CodeIgniter->handleRequest(null, Object(Config\Cache), false)
 9 SYSTEMPATH/Boot.php(363): CodeIgniter\CodeIgniter->run()
10 SYSTEMPATH/Boot.php(68): CodeIgniter\Boot::runCodeIgniter(Object(CodeIgniter\CodeIgniter))
11 FCPATH/index.php(59): CodeIgniter\Boot::bootWeb(Object(Config\Paths))
WARNING - 2025-09-18 15:36:40 --> [DEPRECATED] Passing lowercase HTTP method "get" is deprecated. Use uppercase HTTP method like "GET". in SYSTEMPATH/Router/RouteCollection.php on line 1026.
 1 SYSTEMPATH/Router/RouteCollection.php(1026): trigger_error('Passing lowercase HTTP method "get" is deprecated. Use uppercase HTTP method like "GET".', 16384)
 2 APPPATH/Config/Routes.php(153): CodeIgniter\Router\RouteCollection->match([...], 'mesociclos/(:num)/generar', 'GimnasioMesociclos::generar/$1')
 3 SYSTEMPATH/Router/RouteCollection.php(799): CodeIgniter\Router\RouteCollection::{closure}(Object(CodeIgniter\Router\RouteCollection))
 4 APPPATH/Config/Routes.php(144): CodeIgniter\Router\RouteCollection->group('gimnasio', [...], Object(Closure))
 5 SYSTEMPATH/Router/RouteCollection.php(339): require('/Applications/ServBay/www/trackbitos/app/Config/Routes.php')
 6 SYSTEMPATH/CodeIgniter.php(821): CodeIgniter\Router\RouteCollection->loadRoutes()
 7 SYSTEMPATH/CodeIgniter.php(455): CodeIgniter\CodeIgniter->tryToRouteIt(null)
 8 SYSTEMPATH/CodeIgniter.php(354): CodeIgniter\CodeIgniter->handleRequest(null, Object(Config\Cache), false)
 9 SYSTEMPATH/Boot.php(363): CodeIgniter\CodeIgniter->run()
10 SYSTEMPATH/Boot.php(68): CodeIgniter\Boot::runCodeIgniter(Object(CodeIgniter\CodeIgniter))
11 FCPATH/index.php(59): CodeIgniter\Boot::bootWeb(Object(Config\Paths))
WARNING - 2025-09-18 15:36:40 --> [DEPRECATED] Passing lowercase HTTP method "post" is deprecated. Use uppercase HTTP method like "POST". in SYSTEMPATH/Router/RouteCollection.php on line 1026.
 1 SYSTEMPATH/Router/RouteCollection.php(1026): trigger_error('Passing lowercase HTTP method "post" is deprecated. Use uppercase HTTP method like "POST".', 16384)
 2 APPPATH/Config/Routes.php(153): CodeIgniter\Router\RouteCollection->match([...], 'mesociclos/(:num)/generar', 'GimnasioMesociclos::generar/$1')
 3 SYSTEMPATH/Router/RouteCollection.php(799): CodeIgniter\Router\RouteCollection::{closure}(Object(CodeIgniter\Router\RouteCollection))
 4 APPPATH/Config/Routes.php(144): CodeIgniter\Router\RouteCollection->group('gimnasio', [...], Object(Closure))
 5 SYSTEMPATH/Router/RouteCollection.php(339): require('/Applications/ServBay/www/trackbitos/app/Config/Routes.php')
 6 SYSTEMPATH/CodeIgniter.php(821): CodeIgniter\Router\RouteCollection->loadRoutes()
 7 SYSTEMPATH/CodeIgniter.php(455): CodeIgniter\CodeIgniter->tryToRouteIt(null)
 8 SYSTEMPATH/CodeIgniter.php(354): CodeIgniter\CodeIgniter->handleRequest(null, Object(Config\Cache), false)
 9 SYSTEMPATH/Boot.php(363): CodeIgniter\CodeIgniter->run()
10 SYSTEMPATH/Boot.php(68): CodeIgniter\Boot::runCodeIgniter(Object(CodeIgniter\CodeIgniter))
11 FCPATH/index.php(59): CodeIgniter\Boot::bootWeb(Object(Config\Paths))
WARNING - 2025-09-18 15:36:40 --> [DEPRECATED] Passing lowercase HTTP method "get" is deprecated. Use uppercase HTTP method like "GET". in SYSTEMPATH/Router/RouteCollection.php on line 1026.
 1 SYSTEMPATH/Router/RouteCollection.php(1026): trigger_error('Passing lowercase HTTP method "get" is deprecated. Use uppercase HTTP method like "GET".', 16384)
 2 APPPATH/Config/Routes.php(161): CodeIgniter\Router\RouteCollection->match([...], 'mesociclos/(:num)/generar/bilbo', 'GimnasioMesociclos::generarBilbo/$1')
 3 SYSTEMPATH/Router/RouteCollection.php(799): CodeIgniter\Router\RouteCollection::{closure}(Object(CodeIgniter\Router\RouteCollection))
 4 APPPATH/Config/Routes.php(144): CodeIgniter\Router\RouteCollection->group('gimnasio', [...], Object(Closure))
 5 SYSTEMPATH/Router/RouteCollection.php(339): require('/Applications/ServBay/www/trackbitos/app/Config/Routes.php')
 6 SYSTEMPATH/CodeIgniter.php(821): CodeIgniter\Router\RouteCollection->loadRoutes()
 7 SYSTEMPATH/CodeIgniter.php(455): CodeIgniter\CodeIgniter->tryToRouteIt(null)
 8 SYSTEMPATH/CodeIgniter.php(354): CodeIgniter\CodeIgniter->handleRequest(null, Object(Config\Cache), false)
 9 SYSTEMPATH/Boot.php(363): CodeIgniter\CodeIgniter->run()
10 SYSTEMPATH/Boot.php(68): CodeIgniter\Boot::runCodeIgniter(Object(CodeIgniter\CodeIgniter))
11 FCPATH/index.php(59): CodeIgniter\Boot::bootWeb(Object(Config\Paths))
WARNING - 2025-09-18 15:36:40 --> [DEPRECATED] Passing lowercase HTTP method "post" is deprecated. Use uppercase HTTP method like "POST". in SYSTEMPATH/Router/RouteCollection.php on line 1026.
 1 SYSTEMPATH/Router/RouteCollection.php(1026): trigger_error('Passing lowercase HTTP method "post" is deprecated. Use uppercase HTTP method like "POST".', 16384)
 2 APPPATH/Config/Routes.php(161): CodeIgniter\Router\RouteCollection->match([...], 'mesociclos/(:num)/generar/bilbo', 'GimnasioMesociclos::generarBilbo/$1')
 3 SYSTEMPATH/Router/RouteCollection.php(799): CodeIgniter\Router\RouteCollection::{closure}(Object(CodeIgniter\Router\RouteCollection))
 4 APPPATH/Config/Routes.php(144): CodeIgniter\Router\RouteCollection->group('gimnasio', [...], Object(Closure))
 5 SYSTEMPATH/Router/RouteCollection.php(339): require('/Applications/ServBay/www/trackbitos/app/Config/Routes.php')
 6 SYSTEMPATH/CodeIgniter.php(821): CodeIgniter\Router\RouteCollection->loadRoutes()
 7 SYSTEMPATH/CodeIgniter.php(455): CodeIgniter\CodeIgniter->tryToRouteIt(null)
 8 SYSTEMPATH/CodeIgniter.php(354): CodeIgniter\CodeIgniter->handleRequest(null, Object(Config\Cache), false)
 9 SYSTEMPATH/Boot.php(363): CodeIgniter\CodeIgniter->run()
10 SYSTEMPATH/Boot.php(68): CodeIgniter\Boot::runCodeIgniter(Object(CodeIgniter\CodeIgniter))
11 FCPATH/index.php(59): CodeIgniter\Boot::bootWeb(Object(Config\Paths))
WARNING - 2025-09-18 15:36:40 --> [DEPRECATED] Passing lowercase HTTP method "get" is deprecated. Use uppercase HTTP method like "GET". in SYSTEMPATH/Router/RouteCollection.php on line 1026.
 1 SYSTEMPATH/Router/RouteCollection.php(1026): trigger_error('Passing lowercase HTTP method "get" is deprecated. Use uppercase HTTP method like "GET".', 16384)
 2 APPPATH/Config/Routes.php(261): CodeIgniter\Router\RouteCollection->match([...], 'crear', 'Youtube::crearLista')
 3 SYSTEMPATH/Router/RouteCollection.php(799): CodeIgniter\Router\RouteCollection::{closure}(Object(CodeIgniter\Router\RouteCollection))
 4 APPPATH/Config/Routes.php(259): CodeIgniter\Router\RouteCollection->group('youtube', [...], Object(Closure))
 5 SYSTEMPATH/Router/RouteCollection.php(339): require('/Applications/ServBay/www/trackbitos/app/Config/Routes.php')
 6 SYSTEMPATH/CodeIgniter.php(821): CodeIgniter\Router\RouteCollection->loadRoutes()
 7 SYSTEMPATH/CodeIgniter.php(455): CodeIgniter\CodeIgniter->tryToRouteIt(null)
 8 SYSTEMPATH/CodeIgniter.php(354): CodeIgniter\CodeIgniter->handleRequest(null, Object(Config\Cache), false)
 9 SYSTEMPATH/Boot.php(363): CodeIgniter\CodeIgniter->run()
10 SYSTEMPATH/Boot.php(68): CodeIgniter\Boot::runCodeIgniter(Object(CodeIgniter\CodeIgniter))
11 FCPATH/index.php(59): CodeIgniter\Boot::bootWeb(Object(Config\Paths))
WARNING - 2025-09-18 15:36:40 --> [DEPRECATED] Passing lowercase HTTP method "post" is deprecated. Use uppercase HTTP method like "POST". in SYSTEMPATH/Router/RouteCollection.php on line 1026.
 1 SYSTEMPATH/Router/RouteCollection.php(1026): trigger_error('Passing lowercase HTTP method "post" is deprecated. Use uppercase HTTP method like "POST".', 16384)
 2 APPPATH/Config/Routes.php(261): CodeIgniter\Router\RouteCollection->match([...], 'crear', 'Youtube::crearLista')
 3 SYSTEMPATH/Router/RouteCollection.php(799): CodeIgniter\Router\RouteCollection::{closure}(Object(CodeIgniter\Router\RouteCollection))
 4 APPPATH/Config/Routes.php(259): CodeIgniter\Router\RouteCollection->group('youtube', [...], Object(Closure))
 5 SYSTEMPATH/Router/RouteCollection.php(339): require('/Applications/ServBay/www/trackbitos/app/Config/Routes.php')
 6 SYSTEMPATH/CodeIgniter.php(821): CodeIgniter\Router\RouteCollection->loadRoutes()
 7 SYSTEMPATH/CodeIgniter.php(455): CodeIgniter\CodeIgniter->tryToRouteIt(null)
 8 SYSTEMPATH/CodeIgniter.php(354): CodeIgniter\CodeIgniter->handleRequest(null, Object(Config\Cache), false)
 9 SYSTEMPATH/Boot.php(363): CodeIgniter\CodeIgniter->run()
10 SYSTEMPATH/Boot.php(68): CodeIgniter\Boot::runCodeIgniter(Object(CodeIgniter\CodeIgniter))
11 FCPATH/index.php(59): CodeIgniter\Boot::bootWeb(Object(Config\Paths))
DEBUG - 2025-09-18 15:36:40 --> Session: Class initialized using 'CodeIgniter\Session\Handlers\FileHandler' driver.
WARNING - 2025-09-18 15:38:18 --> [DEPRECATED] Passing lowercase HTTP method "get" is deprecated. Use uppercase HTTP method like "GET". in SYSTEMPATH/Router/RouteCollection.php on line 1026.
 1 SYSTEMPATH/Router/RouteCollection.php(1026): trigger_error('Passing lowercase HTTP method "get" is deprecated. Use uppercase HTTP method like "GET".', 16384)
 2 APPPATH/Config/Routes.php(146): CodeIgniter\Router\RouteCollection->match([...], 'mesociclos/nuevo', 'GimnasioMesociclos::nuevo')
 3 SYSTEMPATH/Router/RouteCollection.php(799): CodeIgniter\Router\RouteCollection::{closure}(Object(CodeIgniter\Router\RouteCollection))
 4 APPPATH/Config/Routes.php(144): CodeIgniter\Router\RouteCollection->group('gimnasio', [...], Object(Closure))
 5 SYSTEMPATH/Router/RouteCollection.php(339): require('/Applications/ServBay/www/trackbitos/app/Config/Routes.php')
 6 SYSTEMPATH/CodeIgniter.php(821): CodeIgniter\Router\RouteCollection->loadRoutes()
 7 SYSTEMPATH/CodeIgniter.php(455): CodeIgniter\CodeIgniter->tryToRouteIt(null)
 8 SYSTEMPATH/CodeIgniter.php(354): CodeIgniter\CodeIgniter->handleRequest(null, Object(Config\Cache), false)
 9 SYSTEMPATH/Boot.php(363): CodeIgniter\CodeIgniter->run()
10 SYSTEMPATH/Boot.php(68): CodeIgniter\Boot::runCodeIgniter(Object(CodeIgniter\CodeIgniter))
11 FCPATH/index.php(59): CodeIgniter\Boot::bootWeb(Object(Config\Paths))
WARNING - 2025-09-18 15:38:18 --> [DEPRECATED] Passing lowercase HTTP method "post" is deprecated. Use uppercase HTTP method like "POST". in SYSTEMPATH/Router/RouteCollection.php on line 1026.
 1 SYSTEMPATH/Router/RouteCollection.php(1026): trigger_error('Passing lowercase HTTP method "post" is deprecated. Use uppercase HTTP method like "POST".', 16384)
 2 APPPATH/Config/Routes.php(146): CodeIgniter\Router\RouteCollection->match([...], 'mesociclos/nuevo', 'GimnasioMesociclos::nuevo')
 3 SYSTEMPATH/Router/RouteCollection.php(799): CodeIgniter\Router\RouteCollection::{closure}(Object(CodeIgniter\Router\RouteCollection))
 4 APPPATH/Config/Routes.php(144): CodeIgniter\Router\RouteCollection->group('gimnasio', [...], Object(Closure))
 5 SYSTEMPATH/Router/RouteCollection.php(339): require('/Applications/ServBay/www/trackbitos/app/Config/Routes.php')
 6 SYSTEMPATH/CodeIgniter.php(821): CodeIgniter\Router\RouteCollection->loadRoutes()
 7 SYSTEMPATH/CodeIgniter.php(455): CodeIgniter\CodeIgniter->tryToRouteIt(null)
 8 SYSTEMPATH/CodeIgniter.php(354): CodeIgniter\CodeIgniter->handleRequest(null, Object(Config\Cache), false)
 9 SYSTEMPATH/Boot.php(363): CodeIgniter\CodeIgniter->run()
10 SYSTEMPATH/Boot.php(68): CodeIgniter\Boot::runCodeIgniter(Object(CodeIgniter\CodeIgniter))
11 FCPATH/index.php(59): CodeIgniter\Boot::bootWeb(Object(Config\Paths))
WARNING - 2025-09-18 15:38:18 --> [DEPRECATED] Passing lowercase HTTP method "get" is deprecated. Use uppercase HTTP method like "GET". in SYSTEMPATH/Router/RouteCollection.php on line 1026.
 1 SYSTEMPATH/Router/RouteCollection.php(1026): trigger_error('Passing lowercase HTTP method "get" is deprecated. Use uppercase HTTP method like "GET".', 16384)
 2 APPPATH/Config/Routes.php(148): CodeIgniter\Router\RouteCollection->match([...], 'mesociclos/(:num)/bloque/nuevo', 'GimnasioMesociclos::bloqueNuevo/$1')
 3 SYSTEMPATH/Router/RouteCollection.php(799): CodeIgniter\Router\RouteCollection::{closure}(Object(CodeIgniter\Router\RouteCollection))
 4 APPPATH/Config/Routes.php(144): CodeIgniter\Router\RouteCollection->group('gimnasio', [...], Object(Closure))
 5 SYSTEMPATH/Router/RouteCollection.php(339): require('/Applications/ServBay/www/trackbitos/app/Config/Routes.php')
 6 SYSTEMPATH/CodeIgniter.php(821): CodeIgniter\Router\RouteCollection->loadRoutes()
 7 SYSTEMPATH/CodeIgniter.php(455): CodeIgniter\CodeIgniter->tryToRouteIt(null)
 8 SYSTEMPATH/CodeIgniter.php(354): CodeIgniter\CodeIgniter->handleRequest(null, Object(Config\Cache), false)
 9 SYSTEMPATH/Boot.php(363): CodeIgniter\CodeIgniter->run()
10 SYSTEMPATH/Boot.php(68): CodeIgniter\Boot::runCodeIgniter(Object(CodeIgniter\CodeIgniter))
11 FCPATH/index.php(59): CodeIgniter\Boot::bootWeb(Object(Config\Paths))
WARNING - 2025-09-18 15:38:18 --> [DEPRECATED] Passing lowercase HTTP method "post" is deprecated. Use uppercase HTTP method like "POST". in SYSTEMPATH/Router/RouteCollection.php on line 1026.
 1 SYSTEMPATH/Router/RouteCollection.php(1026): trigger_error('Passing lowercase HTTP method "post" is deprecated. Use uppercase HTTP method like "POST".', 16384)
 2 APPPATH/Config/Routes.php(148): CodeIgniter\Router\RouteCollection->match([...], 'mesociclos/(:num)/bloque/nuevo', 'GimnasioMesociclos::bloqueNuevo/$1')
 3 SYSTEMPATH/Router/RouteCollection.php(799): CodeIgniter\Router\RouteCollection::{closure}(Object(CodeIgniter\Router\RouteCollection))
 4 APPPATH/Config/Routes.php(144): CodeIgniter\Router\RouteCollection->group('gimnasio', [...], Object(Closure))
 5 SYSTEMPATH/Router/RouteCollection.php(339): require('/Applications/ServBay/www/trackbitos/app/Config/Routes.php')
 6 SYSTEMPATH/CodeIgniter.php(821): CodeIgniter\Router\RouteCollection->loadRoutes()
 7 SYSTEMPATH/CodeIgniter.php(455): CodeIgniter\CodeIgniter->tryToRouteIt(null)
 8 SYSTEMPATH/CodeIgniter.php(354): CodeIgniter\CodeIgniter->handleRequest(null, Object(Config\Cache), false)
 9 SYSTEMPATH/Boot.php(363): CodeIgniter\CodeIgniter->run()
10 SYSTEMPATH/Boot.php(68): CodeIgniter\Boot::runCodeIgniter(Object(CodeIgniter\CodeIgniter))
11 FCPATH/index.php(59): CodeIgniter\Boot::bootWeb(Object(Config\Paths))
WARNING - 2025-09-18 15:38:18 --> [DEPRECATED] Passing lowercase HTTP method "get" is deprecated. Use uppercase HTTP method like "GET". in SYSTEMPATH/Router/RouteCollection.php on line 1026.
 1 SYSTEMPATH/Router/RouteCollection.php(1026): trigger_error('Passing lowercase HTTP method "get" is deprecated. Use uppercase HTTP method like "GET".', 16384)
 2 APPPATH/Config/Routes.php(150): CodeIgniter\Router\RouteCollection->match([...], 'mesociclos/(:num)/asignar/(:num)', 'GimnasioMesociclos::asignar/$1/$2')
 3 SYSTEMPATH/Router/RouteCollection.php(799): CodeIgniter\Router\RouteCollection::{closure}(Object(CodeIgniter\Router\RouteCollection))
 4 APPPATH/Config/Routes.php(144): CodeIgniter\Router\RouteCollection->group('gimnasio', [...], Object(Closure))
 5 SYSTEMPATH/Router/RouteCollection.php(339): require('/Applications/ServBay/www/trackbitos/app/Config/Routes.php')
 6 SYSTEMPATH/CodeIgniter.php(821): CodeIgniter\Router\RouteCollection->loadRoutes()
 7 SYSTEMPATH/CodeIgniter.php(455): CodeIgniter\CodeIgniter->tryToRouteIt(null)
 8 SYSTEMPATH/CodeIgniter.php(354): CodeIgniter\CodeIgniter->handleRequest(null, Object(Config\Cache), false)
 9 SYSTEMPATH/Boot.php(363): CodeIgniter\CodeIgniter->run()
10 SYSTEMPATH/Boot.php(68): CodeIgniter\Boot::runCodeIgniter(Object(CodeIgniter\CodeIgniter))
11 FCPATH/index.php(59): CodeIgniter\Boot::bootWeb(Object(Config\Paths))
WARNING - 2025-09-18 15:38:18 --> [DEPRECATED] Passing lowercase HTTP method "post" is deprecated. Use uppercase HTTP method like "POST". in SYSTEMPATH/Router/RouteCollection.php on line 1026.
 1 SYSTEMPATH/Router/RouteCollection.php(1026): trigger_error('Passing lowercase HTTP method "post" is deprecated. Use uppercase HTTP method like "POST".', 16384)
 2 APPPATH/Config/Routes.php(150): CodeIgniter\Router\RouteCollection->match([...], 'mesociclos/(:num)/asignar/(:num)', 'GimnasioMesociclos::asignar/$1/$2')
 3 SYSTEMPATH/Router/RouteCollection.php(799): CodeIgniter\Router\RouteCollection::{closure}(Object(CodeIgniter\Router\RouteCollection))
 4 APPPATH/Config/Routes.php(144): CodeIgniter\Router\RouteCollection->group('gimnasio', [...], Object(Closure))
 5 SYSTEMPATH/Router/RouteCollection.php(339): require('/Applications/ServBay/www/trackbitos/app/Config/Routes.php')
 6 SYSTEMPATH/CodeIgniter.php(821): CodeIgniter\Router\RouteCollection->loadRoutes()
 7 SYSTEMPATH/CodeIgniter.php(455): CodeIgniter\CodeIgniter->tryToRouteIt(null)
 8 SYSTEMPATH/CodeIgniter.php(354): CodeIgniter\CodeIgniter->handleRequest(null, Object(Config\Cache), false)
 9 SYSTEMPATH/Boot.php(363): CodeIgniter\CodeIgniter->run()
10 SYSTEMPATH/Boot.php(68): CodeIgniter\Boot::runCodeIgniter(Object(CodeIgniter\CodeIgniter))
11 FCPATH/index.php(59): CodeIgniter\Boot::bootWeb(Object(Config\Paths))
WARNING - 2025-09-18 15:38:18 --> [DEPRECATED] Passing lowercase HTTP method "get" is deprecated. Use uppercase HTTP method like "GET". in SYSTEMPATH/Router/RouteCollection.php on line 1026.
 1 SYSTEMPATH/Router/RouteCollection.php(1026): trigger_error('Passing lowercase HTTP method "get" is deprecated. Use uppercase HTTP method like "GET".', 16384)
 2 APPPATH/Config/Routes.php(153): CodeIgniter\Router\RouteCollection->match([...], 'mesociclos/(:num)/generar', 'GimnasioMesociclos::generar/$1')
 3 SYSTEMPATH/Router/RouteCollection.php(799): CodeIgniter\Router\RouteCollection::{closure}(Object(CodeIgniter\Router\RouteCollection))
 4 APPPATH/Config/Routes.php(144): CodeIgniter\Router\RouteCollection->group('gimnasio', [...], Object(Closure))
 5 SYSTEMPATH/Router/RouteCollection.php(339): require('/Applications/ServBay/www/trackbitos/app/Config/Routes.php')
 6 SYSTEMPATH/CodeIgniter.php(821): CodeIgniter\Router\RouteCollection->loadRoutes()
 7 SYSTEMPATH/CodeIgniter.php(455): CodeIgniter\CodeIgniter->tryToRouteIt(null)
 8 SYSTEMPATH/CodeIgniter.php(354): CodeIgniter\CodeIgniter->handleRequest(null, Object(Config\Cache), false)
 9 SYSTEMPATH/Boot.php(363): CodeIgniter\CodeIgniter->run()
10 SYSTEMPATH/Boot.php(68): CodeIgniter\Boot::runCodeIgniter(Object(CodeIgniter\CodeIgniter))
11 FCPATH/index.php(59): CodeIgniter\Boot::bootWeb(Object(Config\Paths))
WARNING - 2025-09-18 15:38:18 --> [DEPRECATED] Passing lowercase HTTP method "post" is deprecated. Use uppercase HTTP method like "POST". in SYSTEMPATH/Router/RouteCollection.php on line 1026.
 1 SYSTEMPATH/Router/RouteCollection.php(1026): trigger_error('Passing lowercase HTTP method "post" is deprecated. Use uppercase HTTP method like "POST".', 16384)
 2 APPPATH/Config/Routes.php(153): CodeIgniter\Router\RouteCollection->match([...], 'mesociclos/(:num)/generar', 'GimnasioMesociclos::generar/$1')
 3 SYSTEMPATH/Router/RouteCollection.php(799): CodeIgniter\Router\RouteCollection::{closure}(Object(CodeIgniter\Router\RouteCollection))
 4 APPPATH/Config/Routes.php(144): CodeIgniter\Router\RouteCollection->group('gimnasio', [...], Object(Closure))
 5 SYSTEMPATH/Router/RouteCollection.php(339): require('/Applications/ServBay/www/trackbitos/app/Config/Routes.php')
 6 SYSTEMPATH/CodeIgniter.php(821): CodeIgniter\Router\RouteCollection->loadRoutes()
 7 SYSTEMPATH/CodeIgniter.php(455): CodeIgniter\CodeIgniter->tryToRouteIt(null)
 8 SYSTEMPATH/CodeIgniter.php(354): CodeIgniter\CodeIgniter->handleRequest(null, Object(Config\Cache), false)
 9 SYSTEMPATH/Boot.php(363): CodeIgniter\CodeIgniter->run()
10 SYSTEMPATH/Boot.php(68): CodeIgniter\Boot::runCodeIgniter(Object(CodeIgniter\CodeIgniter))
11 FCPATH/index.php(59): CodeIgniter\Boot::bootWeb(Object(Config\Paths))
WARNING - 2025-09-18 15:38:18 --> [DEPRECATED] Passing lowercase HTTP method "get" is deprecated. Use uppercase HTTP method like "GET". in SYSTEMPATH/Router/RouteCollection.php on line 1026.
 1 SYSTEMPATH/Router/RouteCollection.php(1026): trigger_error('Passing lowercase HTTP method "get" is deprecated. Use uppercase HTTP method like "GET".', 16384)
 2 APPPATH/Config/Routes.php(161): CodeIgniter\Router\RouteCollection->match([...], 'mesociclos/(:num)/generar/bilbo', 'GimnasioMesociclos::generarBilbo/$1')
 3 SYSTEMPATH/Router/RouteCollection.php(799): CodeIgniter\Router\RouteCollection::{closure}(Object(CodeIgniter\Router\RouteCollection))
 4 APPPATH/Config/Routes.php(144): CodeIgniter\Router\RouteCollection->group('gimnasio', [...], Object(Closure))
 5 SYSTEMPATH/Router/RouteCollection.php(339): require('/Applications/ServBay/www/trackbitos/app/Config/Routes.php')
 6 SYSTEMPATH/CodeIgniter.php(821): CodeIgniter\Router\RouteCollection->loadRoutes()
 7 SYSTEMPATH/CodeIgniter.php(455): CodeIgniter\CodeIgniter->tryToRouteIt(null)
 8 SYSTEMPATH/CodeIgniter.php(354): CodeIgniter\CodeIgniter->handleRequest(null, Object(Config\Cache), false)
 9 SYSTEMPATH/Boot.php(363): CodeIgniter\CodeIgniter->run()
10 SYSTEMPATH/Boot.php(68): CodeIgniter\Boot::runCodeIgniter(Object(CodeIgniter\CodeIgniter))
11 FCPATH/index.php(59): CodeIgniter\Boot::bootWeb(Object(Config\Paths))
WARNING - 2025-09-18 15:38:18 --> [DEPRECATED] Passing lowercase HTTP method "post" is deprecated. Use uppercase HTTP method like "POST". in SYSTEMPATH/Router/RouteCollection.php on line 1026.
 1 SYSTEMPATH/Router/RouteCollection.php(1026): trigger_error('Passing lowercase HTTP method "post" is deprecated. Use uppercase HTTP method like "POST".', 16384)
 2 APPPATH/Config/Routes.php(161): CodeIgniter\Router\RouteCollection->match([...], 'mesociclos/(:num)/generar/bilbo', 'GimnasioMesociclos::generarBilbo/$1')
 3 SYSTEMPATH/Router/RouteCollection.php(799): CodeIgniter\Router\RouteCollection::{closure}(Object(CodeIgniter\Router\RouteCollection))
 4 APPPATH/Config/Routes.php(144): CodeIgniter\Router\RouteCollection->group('gimnasio', [...], Object(Closure))
 5 SYSTEMPATH/Router/RouteCollection.php(339): require('/Applications/ServBay/www/trackbitos/app/Config/Routes.php')
 6 SYSTEMPATH/CodeIgniter.php(821): CodeIgniter\Router\RouteCollection->loadRoutes()
 7 SYSTEMPATH/CodeIgniter.php(455): CodeIgniter\CodeIgniter->tryToRouteIt(null)
 8 SYSTEMPATH/CodeIgniter.php(354): CodeIgniter\CodeIgniter->handleRequest(null, Object(Config\Cache), false)
 9 SYSTEMPATH/Boot.php(363): CodeIgniter\CodeIgniter->run()
10 SYSTEMPATH/Boot.php(68): CodeIgniter\Boot::runCodeIgniter(Object(CodeIgniter\CodeIgniter))
11 FCPATH/index.php(59): CodeIgniter\Boot::bootWeb(Object(Config\Paths))
WARNING - 2025-09-18 15:38:18 --> [DEPRECATED] Passing lowercase HTTP method "get" is deprecated. Use uppercase HTTP method like "GET". in SYSTEMPATH/Router/RouteCollection.php on line 1026.
 1 SYSTEMPATH/Router/RouteCollection.php(1026): trigger_error('Passing lowercase HTTP method "get" is deprecated. Use uppercase HTTP method like "GET".', 16384)
 2 APPPATH/Config/Routes.php(261): CodeIgniter\Router\RouteCollection->match([...], 'crear', 'Youtube::crearLista')
 3 SYSTEMPATH/Router/RouteCollection.php(799): CodeIgniter\Router\RouteCollection::{closure}(Object(CodeIgniter\Router\RouteCollection))
 4 APPPATH/Config/Routes.php(259): CodeIgniter\Router\RouteCollection->group('youtube', [...], Object(Closure))
 5 SYSTEMPATH/Router/RouteCollection.php(339): require('/Applications/ServBay/www/trackbitos/app/Config/Routes.php')
 6 SYSTEMPATH/CodeIgniter.php(821): CodeIgniter\Router\RouteCollection->loadRoutes()
 7 SYSTEMPATH/CodeIgniter.php(455): CodeIgniter\CodeIgniter->tryToRouteIt(null)
 8 SYSTEMPATH/CodeIgniter.php(354): CodeIgniter\CodeIgniter->handleRequest(null, Object(Config\Cache), false)
 9 SYSTEMPATH/Boot.php(363): CodeIgniter\CodeIgniter->run()
10 SYSTEMPATH/Boot.php(68): CodeIgniter\Boot::runCodeIgniter(Object(CodeIgniter\CodeIgniter))
11 FCPATH/index.php(59): CodeIgniter\Boot::bootWeb(Object(Config\Paths))
WARNING - 2025-09-18 15:38:18 --> [DEPRECATED] Passing lowercase HTTP method "post" is deprecated. Use uppercase HTTP method like "POST". in SYSTEMPATH/Router/RouteCollection.php on line 1026.
 1 SYSTEMPATH/Router/RouteCollection.php(1026): trigger_error('Passing lowercase HTTP method "post" is deprecated. Use uppercase HTTP method like "POST".', 16384)
 2 APPPATH/Config/Routes.php(261): CodeIgniter\Router\RouteCollection->match([...], 'crear', 'Youtube::crearLista')
 3 SYSTEMPATH/Router/RouteCollection.php(799): CodeIgniter\Router\RouteCollection::{closure}(Object(CodeIgniter\Router\RouteCollection))
 4 APPPATH/Config/Routes.php(259): CodeIgniter\Router\RouteCollection->group('youtube', [...], Object(Closure))
 5 SYSTEMPATH/Router/RouteCollection.php(339): require('/Applications/ServBay/www/trackbitos/app/Config/Routes.php')
 6 SYSTEMPATH/CodeIgniter.php(821): CodeIgniter\Router\RouteCollection->loadRoutes()
 7 SYSTEMPATH/CodeIgniter.php(455): CodeIgniter\CodeIgniter->tryToRouteIt(null)
 8 SYSTEMPATH/CodeIgniter.php(354): CodeIgniter\CodeIgniter->handleRequest(null, Object(Config\Cache), false)
 9 SYSTEMPATH/Boot.php(363): CodeIgniter\CodeIgniter->run()
10 SYSTEMPATH/Boot.php(68): CodeIgniter\Boot::runCodeIgniter(Object(CodeIgniter\CodeIgniter))
11 FCPATH/index.php(59): CodeIgniter\Boot::bootWeb(Object(Config\Paths))
DEBUG - 2025-09-18 15:38:18 --> Session: Class initialized using 'CodeIgniter\Session\Handlers\FileHandler' driver.
WARNING - 2025-09-18 15:38:20 --> [DEPRECATED] Passing lowercase HTTP method "get" is deprecated. Use uppercase HTTP method like "GET". in SYSTEMPATH/Router/RouteCollection.php on line 1026.
 1 SYSTEMPATH/Router/RouteCollection.php(1026): trigger_error('Passing lowercase HTTP method "get" is deprecated. Use uppercase HTTP method like "GET".', 16384)
 2 APPPATH/Config/Routes.php(146): CodeIgniter\Router\RouteCollection->match([...], 'mesociclos/nuevo', 'GimnasioMesociclos::nuevo')
 3 SYSTEMPATH/Router/RouteCollection.php(799): CodeIgniter\Router\RouteCollection::{closure}(Object(CodeIgniter\Router\RouteCollection))
 4 APPPATH/Config/Routes.php(144): CodeIgniter\Router\RouteCollection->group('gimnasio', [...], Object(Closure))
 5 SYSTEMPATH/Router/RouteCollection.php(339): require('/Applications/ServBay/www/trackbitos/app/Config/Routes.php')
 6 SYSTEMPATH/CodeIgniter.php(821): CodeIgniter\Router\RouteCollection->loadRoutes()
 7 SYSTEMPATH/CodeIgniter.php(455): CodeIgniter\CodeIgniter->tryToRouteIt(null)
 8 SYSTEMPATH/CodeIgniter.php(354): CodeIgniter\CodeIgniter->handleRequest(null, Object(Config\Cache), false)
 9 SYSTEMPATH/Boot.php(363): CodeIgniter\CodeIgniter->run()
10 SYSTEMPATH/Boot.php(68): CodeIgniter\Boot::runCodeIgniter(Object(CodeIgniter\CodeIgniter))
11 FCPATH/index.php(59): CodeIgniter\Boot::bootWeb(Object(Config\Paths))
WARNING - 2025-09-18 15:38:20 --> [DEPRECATED] Passing lowercase HTTP method "post" is deprecated. Use uppercase HTTP method like "POST". in SYSTEMPATH/Router/RouteCollection.php on line 1026.
 1 SYSTEMPATH/Router/RouteCollection.php(1026): trigger_error('Passing lowercase HTTP method "post" is deprecated. Use uppercase HTTP method like "POST".', 16384)
 2 APPPATH/Config/Routes.php(146): CodeIgniter\Router\RouteCollection->match([...], 'mesociclos/nuevo', 'GimnasioMesociclos::nuevo')
 3 SYSTEMPATH/Router/RouteCollection.php(799): CodeIgniter\Router\RouteCollection::{closure}(Object(CodeIgniter\Router\RouteCollection))
 4 APPPATH/Config/Routes.php(144): CodeIgniter\Router\RouteCollection->group('gimnasio', [...], Object(Closure))
 5 SYSTEMPATH/Router/RouteCollection.php(339): require('/Applications/ServBay/www/trackbitos/app/Config/Routes.php')
 6 SYSTEMPATH/CodeIgniter.php(821): CodeIgniter\Router\RouteCollection->loadRoutes()
 7 SYSTEMPATH/CodeIgniter.php(455): CodeIgniter\CodeIgniter->tryToRouteIt(null)
 8 SYSTEMPATH/CodeIgniter.php(354): CodeIgniter\CodeIgniter->handleRequest(null, Object(Config\Cache), false)
 9 SYSTEMPATH/Boot.php(363): CodeIgniter\CodeIgniter->run()
10 SYSTEMPATH/Boot.php(68): CodeIgniter\Boot::runCodeIgniter(Object(CodeIgniter\CodeIgniter))
11 FCPATH/index.php(59): CodeIgniter\Boot::bootWeb(Object(Config\Paths))
WARNING - 2025-09-18 15:38:20 --> [DEPRECATED] Passing lowercase HTTP method "get" is deprecated. Use uppercase HTTP method like "GET". in SYSTEMPATH/Router/RouteCollection.php on line 1026.
 1 SYSTEMPATH/Router/RouteCollection.php(1026): trigger_error('Passing lowercase HTTP method "get" is deprecated. Use uppercase HTTP method like "GET".', 16384)
 2 APPPATH/Config/Routes.php(148): CodeIgniter\Router\RouteCollection->match([...], 'mesociclos/(:num)/bloque/nuevo', 'GimnasioMesociclos::bloqueNuevo/$1')
 3 SYSTEMPATH/Router/RouteCollection.php(799): CodeIgniter\Router\RouteCollection::{closure}(Object(CodeIgniter\Router\RouteCollection))
 4 APPPATH/Config/Routes.php(144): CodeIgniter\Router\RouteCollection->group('gimnasio', [...], Object(Closure))
 5 SYSTEMPATH/Router/RouteCollection.php(339): require('/Applications/ServBay/www/trackbitos/app/Config/Routes.php')
 6 SYSTEMPATH/CodeIgniter.php(821): CodeIgniter\Router\RouteCollection->loadRoutes()
 7 SYSTEMPATH/CodeIgniter.php(455): CodeIgniter\CodeIgniter->tryToRouteIt(null)
 8 SYSTEMPATH/CodeIgniter.php(354): CodeIgniter\CodeIgniter->handleRequest(null, Object(Config\Cache), false)
 9 SYSTEMPATH/Boot.php(363): CodeIgniter\CodeIgniter->run()
10 SYSTEMPATH/Boot.php(68): CodeIgniter\Boot::runCodeIgniter(Object(CodeIgniter\CodeIgniter))
11 FCPATH/index.php(59): CodeIgniter\Boot::bootWeb(Object(Config\Paths))
WARNING - 2025-09-18 15:38:20 --> [DEPRECATED] Passing lowercase HTTP method "post" is deprecated. Use uppercase HTTP method like "POST". in SYSTEMPATH/Router/RouteCollection.php on line 1026.
 1 SYSTEMPATH/Router/RouteCollection.php(1026): trigger_error('Passing lowercase HTTP method "post" is deprecated. Use uppercase HTTP method like "POST".', 16384)
 2 APPPATH/Config/Routes.php(148): CodeIgniter\Router\RouteCollection->match([...], 'mesociclos/(:num)/bloque/nuevo', 'GimnasioMesociclos::bloqueNuevo/$1')
 3 SYSTEMPATH/Router/RouteCollection.php(799): CodeIgniter\Router\RouteCollection::{closure}(Object(CodeIgniter\Router\RouteCollection))
 4 APPPATH/Config/Routes.php(144): CodeIgniter\Router\RouteCollection->group('gimnasio', [...], Object(Closure))
 5 SYSTEMPATH/Router/RouteCollection.php(339): require('/Applications/ServBay/www/trackbitos/app/Config/Routes.php')
 6 SYSTEMPATH/CodeIgniter.php(821): CodeIgniter\Router\RouteCollection->loadRoutes()
 7 SYSTEMPATH/CodeIgniter.php(455): CodeIgniter\CodeIgniter->tryToRouteIt(null)
 8 SYSTEMPATH/CodeIgniter.php(354): CodeIgniter\CodeIgniter->handleRequest(null, Object(Config\Cache), false)
 9 SYSTEMPATH/Boot.php(363): CodeIgniter\CodeIgniter->run()
10 SYSTEMPATH/Boot.php(68): CodeIgniter\Boot::runCodeIgniter(Object(CodeIgniter\CodeIgniter))
11 FCPATH/index.php(59): CodeIgniter\Boot::bootWeb(Object(Config\Paths))
WARNING - 2025-09-18 15:38:20 --> [DEPRECATED] Passing lowercase HTTP method "get" is deprecated. Use uppercase HTTP method like "GET". in SYSTEMPATH/Router/RouteCollection.php on line 1026.
 1 SYSTEMPATH/Router/RouteCollection.php(1026): trigger_error('Passing lowercase HTTP method "get" is deprecated. Use uppercase HTTP method like "GET".', 16384)
 2 APPPATH/Config/Routes.php(150): CodeIgniter\Router\RouteCollection->match([...], 'mesociclos/(:num)/asignar/(:num)', 'GimnasioMesociclos::asignar/$1/$2')
 3 SYSTEMPATH/Router/RouteCollection.php(799): CodeIgniter\Router\RouteCollection::{closure}(Object(CodeIgniter\Router\RouteCollection))
 4 APPPATH/Config/Routes.php(144): CodeIgniter\Router\RouteCollection->group('gimnasio', [...], Object(Closure))
 5 SYSTEMPATH/Router/RouteCollection.php(339): require('/Applications/ServBay/www/trackbitos/app/Config/Routes.php')
 6 SYSTEMPATH/CodeIgniter.php(821): CodeIgniter\Router\RouteCollection->loadRoutes()
 7 SYSTEMPATH/CodeIgniter.php(455): CodeIgniter\CodeIgniter->tryToRouteIt(null)
 8 SYSTEMPATH/CodeIgniter.php(354): CodeIgniter\CodeIgniter->handleRequest(null, Object(Config\Cache), false)
 9 SYSTEMPATH/Boot.php(363): CodeIgniter\CodeIgniter->run()
10 SYSTEMPATH/Boot.php(68): CodeIgniter\Boot::runCodeIgniter(Object(CodeIgniter\CodeIgniter))
11 FCPATH/index.php(59): CodeIgniter\Boot::bootWeb(Object(Config\Paths))
WARNING - 2025-09-18 15:38:20 --> [DEPRECATED] Passing lowercase HTTP method "post" is deprecated. Use uppercase HTTP method like "POST". in SYSTEMPATH/Router/RouteCollection.php on line 1026.
 1 SYSTEMPATH/Router/RouteCollection.php(1026): trigger_error('Passing lowercase HTTP method "post" is deprecated. Use uppercase HTTP method like "POST".', 16384)
 2 APPPATH/Config/Routes.php(150): CodeIgniter\Router\RouteCollection->match([...], 'mesociclos/(:num)/asignar/(:num)', 'GimnasioMesociclos::asignar/$1/$2')
 3 SYSTEMPATH/Router/RouteCollection.php(799): CodeIgniter\Router\RouteCollection::{closure}(Object(CodeIgniter\Router\RouteCollection))
 4 APPPATH/Config/Routes.php(144): CodeIgniter\Router\RouteCollection->group('gimnasio', [...], Object(Closure))
 5 SYSTEMPATH/Router/RouteCollection.php(339): require('/Applications/ServBay/www/trackbitos/app/Config/Routes.php')
 6 SYSTEMPATH/CodeIgniter.php(821): CodeIgniter\Router\RouteCollection->loadRoutes()
 7 SYSTEMPATH/CodeIgniter.php(455): CodeIgniter\CodeIgniter->tryToRouteIt(null)
 8 SYSTEMPATH/CodeIgniter.php(354): CodeIgniter\CodeIgniter->handleRequest(null, Object(Config\Cache), false)
 9 SYSTEMPATH/Boot.php(363): CodeIgniter\CodeIgniter->run()
10 SYSTEMPATH/Boot.php(68): CodeIgniter\Boot::runCodeIgniter(Object(CodeIgniter\CodeIgniter))
11 FCPATH/index.php(59): CodeIgniter\Boot::bootWeb(Object(Config\Paths))
WARNING - 2025-09-18 15:38:20 --> [DEPRECATED] Passing lowercase HTTP method "get" is deprecated. Use uppercase HTTP method like "GET". in SYSTEMPATH/Router/RouteCollection.php on line 1026.
 1 SYSTEMPATH/Router/RouteCollection.php(1026): trigger_error('Passing lowercase HTTP method "get" is deprecated. Use uppercase HTTP method like "GET".', 16384)
 2 APPPATH/Config/Routes.php(153): CodeIgniter\Router\RouteCollection->match([...], 'mesociclos/(:num)/generar', 'GimnasioMesociclos::generar/$1')
 3 SYSTEMPATH/Router/RouteCollection.php(799): CodeIgniter\Router\RouteCollection::{closure}(Object(CodeIgniter\Router\RouteCollection))
 4 APPPATH/Config/Routes.php(144): CodeIgniter\Router\RouteCollection->group('gimnasio', [...], Object(Closure))
 5 SYSTEMPATH/Router/RouteCollection.php(339): require('/Applications/ServBay/www/trackbitos/app/Config/Routes.php')
 6 SYSTEMPATH/CodeIgniter.php(821): CodeIgniter\Router\RouteCollection->loadRoutes()
 7 SYSTEMPATH/CodeIgniter.php(455): CodeIgniter\CodeIgniter->tryToRouteIt(null)
 8 SYSTEMPATH/CodeIgniter.php(354): CodeIgniter\CodeIgniter->handleRequest(null, Object(Config\Cache), false)
 9 SYSTEMPATH/Boot.php(363): CodeIgniter\CodeIgniter->run()
10 SYSTEMPATH/Boot.php(68): CodeIgniter\Boot::runCodeIgniter(Object(CodeIgniter\CodeIgniter))
11 FCPATH/index.php(59): CodeIgniter\Boot::bootWeb(Object(Config\Paths))
WARNING - 2025-09-18 15:38:20 --> [DEPRECATED] Passing lowercase HTTP method "post" is deprecated. Use uppercase HTTP method like "POST". in SYSTEMPATH/Router/RouteCollection.php on line 1026.
 1 SYSTEMPATH/Router/RouteCollection.php(1026): trigger_error('Passing lowercase HTTP method "post" is deprecated. Use uppercase HTTP method like "POST".', 16384)
 2 APPPATH/Config/Routes.php(153): CodeIgniter\Router\RouteCollection->match([...], 'mesociclos/(:num)/generar', 'GimnasioMesociclos::generar/$1')
 3 SYSTEMPATH/Router/RouteCollection.php(799): CodeIgniter\Router\RouteCollection::{closure}(Object(CodeIgniter\Router\RouteCollection))
 4 APPPATH/Config/Routes.php(144): CodeIgniter\Router\RouteCollection->group('gimnasio', [...], Object(Closure))
 5 SYSTEMPATH/Router/RouteCollection.php(339): require('/Applications/ServBay/www/trackbitos/app/Config/Routes.php')
 6 SYSTEMPATH/CodeIgniter.php(821): CodeIgniter\Router\RouteCollection->loadRoutes()
 7 SYSTEMPATH/CodeIgniter.php(455): CodeIgniter\CodeIgniter->tryToRouteIt(null)
 8 SYSTEMPATH/CodeIgniter.php(354): CodeIgniter\CodeIgniter->handleRequest(null, Object(Config\Cache), false)
 9 SYSTEMPATH/Boot.php(363): CodeIgniter\CodeIgniter->run()
10 SYSTEMPATH/Boot.php(68): CodeIgniter\Boot::runCodeIgniter(Object(CodeIgniter\CodeIgniter))
11 FCPATH/index.php(59): CodeIgniter\Boot::bootWeb(Object(Config\Paths))
WARNING - 2025-09-18 15:38:20 --> [DEPRECATED] Passing lowercase HTTP method "get" is deprecated. Use uppercase HTTP method like "GET". in SYSTEMPATH/Router/RouteCollection.php on line 1026.
 1 SYSTEMPATH/Router/RouteCollection.php(1026): trigger_error('Passing lowercase HTTP method "get" is deprecated. Use uppercase HTTP method like "GET".', 16384)
 2 APPPATH/Config/Routes.php(161): CodeIgniter\Router\RouteCollection->match([...], 'mesociclos/(:num)/generar/bilbo', 'GimnasioMesociclos::generarBilbo/$1')
 3 SYSTEMPATH/Router/RouteCollection.php(799): CodeIgniter\Router\RouteCollection::{closure}(Object(CodeIgniter\Router\RouteCollection))
 4 APPPATH/Config/Routes.php(144): CodeIgniter\Router\RouteCollection->group('gimnasio', [...], Object(Closure))
 5 SYSTEMPATH/Router/RouteCollection.php(339): require('/Applications/ServBay/www/trackbitos/app/Config/Routes.php')
 6 SYSTEMPATH/CodeIgniter.php(821): CodeIgniter\Router\RouteCollection->loadRoutes()
 7 SYSTEMPATH/CodeIgniter.php(455): CodeIgniter\CodeIgniter->tryToRouteIt(null)
 8 SYSTEMPATH/CodeIgniter.php(354): CodeIgniter\CodeIgniter->handleRequest(null, Object(Config\Cache), false)
 9 SYSTEMPATH/Boot.php(363): CodeIgniter\CodeIgniter->run()
10 SYSTEMPATH/Boot.php(68): CodeIgniter\Boot::runCodeIgniter(Object(CodeIgniter\CodeIgniter))
11 FCPATH/index.php(59): CodeIgniter\Boot::bootWeb(Object(Config\Paths))
WARNING - 2025-09-18 15:38:20 --> [DEPRECATED] Passing lowercase HTTP method "post" is deprecated. Use uppercase HTTP method like "POST". in SYSTEMPATH/Router/RouteCollection.php on line 1026.
 1 SYSTEMPATH/Router/RouteCollection.php(1026): trigger_error('Passing lowercase HTTP method "post" is deprecated. Use uppercase HTTP method like "POST".', 16384)
 2 APPPATH/Config/Routes.php(161): CodeIgniter\Router\RouteCollection->match([...], 'mesociclos/(:num)/generar/bilbo', 'GimnasioMesociclos::generarBilbo/$1')
 3 SYSTEMPATH/Router/RouteCollection.php(799): CodeIgniter\Router\RouteCollection::{closure}(Object(CodeIgniter\Router\RouteCollection))
 4 APPPATH/Config/Routes.php(144): CodeIgniter\Router\RouteCollection->group('gimnasio', [...], Object(Closure))
 5 SYSTEMPATH/Router/RouteCollection.php(339): require('/Applications/ServBay/www/trackbitos/app/Config/Routes.php')
 6 SYSTEMPATH/CodeIgniter.php(821): CodeIgniter\Router\RouteCollection->loadRoutes()
 7 SYSTEMPATH/CodeIgniter.php(455): CodeIgniter\CodeIgniter->tryToRouteIt(null)
 8 SYSTEMPATH/CodeIgniter.php(354): CodeIgniter\CodeIgniter->handleRequest(null, Object(Config\Cache), false)
 9 SYSTEMPATH/Boot.php(363): CodeIgniter\CodeIgniter->run()
10 SYSTEMPATH/Boot.php(68): CodeIgniter\Boot::runCodeIgniter(Object(CodeIgniter\CodeIgniter))
11 FCPATH/index.php(59): CodeIgniter\Boot::bootWeb(Object(Config\Paths))
WARNING - 2025-09-18 15:38:20 --> [DEPRECATED] Passing lowercase HTTP method "get" is deprecated. Use uppercase HTTP method like "GET". in SYSTEMPATH/Router/RouteCollection.php on line 1026.
 1 SYSTEMPATH/Router/RouteCollection.php(1026): trigger_error('Passing lowercase HTTP method "get" is deprecated. Use uppercase HTTP method like "GET".', 16384)
 2 APPPATH/Config/Routes.php(261): CodeIgniter\Router\RouteCollection->match([...], 'crear', 'Youtube::crearLista')
 3 SYSTEMPATH/Router/RouteCollection.php(799): CodeIgniter\Router\RouteCollection::{closure}(Object(CodeIgniter\Router\RouteCollection))
 4 APPPATH/Config/Routes.php(259): CodeIgniter\Router\RouteCollection->group('youtube', [...], Object(Closure))
 5 SYSTEMPATH/Router/RouteCollection.php(339): require('/Applications/ServBay/www/trackbitos/app/Config/Routes.php')
 6 SYSTEMPATH/CodeIgniter.php(821): CodeIgniter\Router\RouteCollection->loadRoutes()
 7 SYSTEMPATH/CodeIgniter.php(455): CodeIgniter\CodeIgniter->tryToRouteIt(null)
 8 SYSTEMPATH/CodeIgniter.php(354): CodeIgniter\CodeIgniter->handleRequest(null, Object(Config\Cache), false)
 9 SYSTEMPATH/Boot.php(363): CodeIgniter\CodeIgniter->run()
10 SYSTEMPATH/Boot.php(68): CodeIgniter\Boot::runCodeIgniter(Object(CodeIgniter\CodeIgniter))
11 FCPATH/index.php(59): CodeIgniter\Boot::bootWeb(Object(Config\Paths))
WARNING - 2025-09-18 15:38:20 --> [DEPRECATED] Passing lowercase HTTP method "post" is deprecated. Use uppercase HTTP method like "POST". in SYSTEMPATH/Router/RouteCollection.php on line 1026.
 1 SYSTEMPATH/Router/RouteCollection.php(1026): trigger_error('Passing lowercase HTTP method "post" is deprecated. Use uppercase HTTP method like "POST".', 16384)
 2 APPPATH/Config/Routes.php(261): CodeIgniter\Router\RouteCollection->match([...], 'crear', 'Youtube::crearLista')
 3 SYSTEMPATH/Router/RouteCollection.php(799): CodeIgniter\Router\RouteCollection::{closure}(Object(CodeIgniter\Router\RouteCollection))
 4 APPPATH/Config/Routes.php(259): CodeIgniter\Router\RouteCollection->group('youtube', [...], Object(Closure))
 5 SYSTEMPATH/Router/RouteCollection.php(339): require('/Applications/ServBay/www/trackbitos/app/Config/Routes.php')
 6 SYSTEMPATH/CodeIgniter.php(821): CodeIgniter\Router\RouteCollection->loadRoutes()
 7 SYSTEMPATH/CodeIgniter.php(455): CodeIgniter\CodeIgniter->tryToRouteIt(null)
 8 SYSTEMPATH/CodeIgniter.php(354): CodeIgniter\CodeIgniter->handleRequest(null, Object(Config\Cache), false)
 9 SYSTEMPATH/Boot.php(363): CodeIgniter\CodeIgniter->run()
10 SYSTEMPATH/Boot.php(68): CodeIgniter\Boot::runCodeIgniter(Object(CodeIgniter\CodeIgniter))
11 FCPATH/index.php(59): CodeIgniter\Boot::bootWeb(Object(Config\Paths))
DEBUG - 2025-09-18 15:38:20 --> Session: Class initialized using 'CodeIgniter\Session\Handlers\FileHandler' driver.
WARNING - 2025-09-18 15:38:37 --> [DEPRECATED] Passing lowercase HTTP method "get" is deprecated. Use uppercase HTTP method like "GET". in SYSTEMPATH/Router/RouteCollection.php on line 1026.
 1 SYSTEMPATH/Router/RouteCollection.php(1026): trigger_error('Passing lowercase HTTP method "get" is deprecated. Use uppercase HTTP method like "GET".', 16384)
 2 APPPATH/Config/Routes.php(146): CodeIgniter\Router\RouteCollection->match([...], 'mesociclos/nuevo', 'GimnasioMesociclos::nuevo')
 3 SYSTEMPATH/Router/RouteCollection.php(799): CodeIgniter\Router\RouteCollection::{closure}(Object(CodeIgniter\Router\RouteCollection))
 4 APPPATH/Config/Routes.php(144): CodeIgniter\Router\RouteCollection->group('gimnasio', [...], Object(Closure))
 5 SYSTEMPATH/Router/RouteCollection.php(339): require('/Applications/ServBay/www/trackbitos/app/Config/Routes.php')
 6 SYSTEMPATH/CodeIgniter.php(821): CodeIgniter\Router\RouteCollection->loadRoutes()
 7 SYSTEMPATH/CodeIgniter.php(455): CodeIgniter\CodeIgniter->tryToRouteIt(null)
 8 SYSTEMPATH/CodeIgniter.php(354): CodeIgniter\CodeIgniter->handleRequest(null, Object(Config\Cache), false)
 9 SYSTEMPATH/Boot.php(363): CodeIgniter\CodeIgniter->run()
10 SYSTEMPATH/Boot.php(68): CodeIgniter\Boot::runCodeIgniter(Object(CodeIgniter\CodeIgniter))
11 FCPATH/index.php(59): CodeIgniter\Boot::bootWeb(Object(Config\Paths))
WARNING - 2025-09-18 15:38:37 --> [DEPRECATED] Passing lowercase HTTP method "post" is deprecated. Use uppercase HTTP method like "POST". in SYSTEMPATH/Router/RouteCollection.php on line 1026.
 1 SYSTEMPATH/Router/RouteCollection.php(1026): trigger_error('Passing lowercase HTTP method "post" is deprecated. Use uppercase HTTP method like "POST".', 16384)
 2 APPPATH/Config/Routes.php(146): CodeIgniter\Router\RouteCollection->match([...], 'mesociclos/nuevo', 'GimnasioMesociclos::nuevo')
 3 SYSTEMPATH/Router/RouteCollection.php(799): CodeIgniter\Router\RouteCollection::{closure}(Object(CodeIgniter\Router\RouteCollection))
 4 APPPATH/Config/Routes.php(144): CodeIgniter\Router\RouteCollection->group('gimnasio', [...], Object(Closure))
 5 SYSTEMPATH/Router/RouteCollection.php(339): require('/Applications/ServBay/www/trackbitos/app/Config/Routes.php')
 6 SYSTEMPATH/CodeIgniter.php(821): CodeIgniter\Router\RouteCollection->loadRoutes()
 7 SYSTEMPATH/CodeIgniter.php(455): CodeIgniter\CodeIgniter->tryToRouteIt(null)
 8 SYSTEMPATH/CodeIgniter.php(354): CodeIgniter\CodeIgniter->handleRequest(null, Object(Config\Cache), false)
 9 SYSTEMPATH/Boot.php(363): CodeIgniter\CodeIgniter->run()
10 SYSTEMPATH/Boot.php(68): CodeIgniter\Boot::runCodeIgniter(Object(CodeIgniter\CodeIgniter))
11 FCPATH/index.php(59): CodeIgniter\Boot::bootWeb(Object(Config\Paths))
WARNING - 2025-09-18 15:38:37 --> [DEPRECATED] Passing lowercase HTTP method "get" is deprecated. Use uppercase HTTP method like "GET". in SYSTEMPATH/Router/RouteCollection.php on line 1026.
 1 SYSTEMPATH/Router/RouteCollection.php(1026): trigger_error('Passing lowercase HTTP method "get" is deprecated. Use uppercase HTTP method like "GET".', 16384)
 2 APPPATH/Config/Routes.php(148): CodeIgniter\Router\RouteCollection->match([...], 'mesociclos/(:num)/bloque/nuevo', 'GimnasioMesociclos::bloqueNuevo/$1')
 3 SYSTEMPATH/Router/RouteCollection.php(799): CodeIgniter\Router\RouteCollection::{closure}(Object(CodeIgniter\Router\RouteCollection))
 4 APPPATH/Config/Routes.php(144): CodeIgniter\Router\RouteCollection->group('gimnasio', [...], Object(Closure))
 5 SYSTEMPATH/Router/RouteCollection.php(339): require('/Applications/ServBay/www/trackbitos/app/Config/Routes.php')
 6 SYSTEMPATH/CodeIgniter.php(821): CodeIgniter\Router\RouteCollection->loadRoutes()
 7 SYSTEMPATH/CodeIgniter.php(455): CodeIgniter\CodeIgniter->tryToRouteIt(null)
 8 SYSTEMPATH/CodeIgniter.php(354): CodeIgniter\CodeIgniter->handleRequest(null, Object(Config\Cache), false)
 9 SYSTEMPATH/Boot.php(363): CodeIgniter\CodeIgniter->run()
10 SYSTEMPATH/Boot.php(68): CodeIgniter\Boot::runCodeIgniter(Object(CodeIgniter\CodeIgniter))
11 FCPATH/index.php(59): CodeIgniter\Boot::bootWeb(Object(Config\Paths))
WARNING - 2025-09-18 15:38:37 --> [DEPRECATED] Passing lowercase HTTP method "post" is deprecated. Use uppercase HTTP method like "POST". in SYSTEMPATH/Router/RouteCollection.php on line 1026.
 1 SYSTEMPATH/Router/RouteCollection.php(1026): trigger_error('Passing lowercase HTTP method "post" is deprecated. Use uppercase HTTP method like "POST".', 16384)
 2 APPPATH/Config/Routes.php(148): CodeIgniter\Router\RouteCollection->match([...], 'mesociclos/(:num)/bloque/nuevo', 'GimnasioMesociclos::bloqueNuevo/$1')
 3 SYSTEMPATH/Router/RouteCollection.php(799): CodeIgniter\Router\RouteCollection::{closure}(Object(CodeIgniter\Router\RouteCollection))
 4 APPPATH/Config/Routes.php(144): CodeIgniter\Router\RouteCollection->group('gimnasio', [...], Object(Closure))
 5 SYSTEMPATH/Router/RouteCollection.php(339): require('/Applications/ServBay/www/trackbitos/app/Config/Routes.php')
 6 SYSTEMPATH/CodeIgniter.php(821): CodeIgniter\Router\RouteCollection->loadRoutes()
 7 SYSTEMPATH/CodeIgniter.php(455): CodeIgniter\CodeIgniter->tryToRouteIt(null)
 8 SYSTEMPATH/CodeIgniter.php(354): CodeIgniter\CodeIgniter->handleRequest(null, Object(Config\Cache), false)
 9 SYSTEMPATH/Boot.php(363): CodeIgniter\CodeIgniter->run()
10 SYSTEMPATH/Boot.php(68): CodeIgniter\Boot::runCodeIgniter(Object(CodeIgniter\CodeIgniter))
11 FCPATH/index.php(59): CodeIgniter\Boot::bootWeb(Object(Config\Paths))
WARNING - 2025-09-18 15:38:37 --> [DEPRECATED] Passing lowercase HTTP method "get" is deprecated. Use uppercase HTTP method like "GET". in SYSTEMPATH/Router/RouteCollection.php on line 1026.
 1 SYSTEMPATH/Router/RouteCollection.php(1026): trigger_error('Passing lowercase HTTP method "get" is deprecated. Use uppercase HTTP method like "GET".', 16384)
 2 APPPATH/Config/Routes.php(150): CodeIgniter\Router\RouteCollection->match([...], 'mesociclos/(:num)/asignar/(:num)', 'GimnasioMesociclos::asignar/$1/$2')
 3 SYSTEMPATH/Router/RouteCollection.php(799): CodeIgniter\Router\RouteCollection::{closure}(Object(CodeIgniter\Router\RouteCollection))
 4 APPPATH/Config/Routes.php(144): CodeIgniter\Router\RouteCollection->group('gimnasio', [...], Object(Closure))
 5 SYSTEMPATH/Router/RouteCollection.php(339): require('/Applications/ServBay/www/trackbitos/app/Config/Routes.php')
 6 SYSTEMPATH/CodeIgniter.php(821): CodeIgniter\Router\RouteCollection->loadRoutes()
 7 SYSTEMPATH/CodeIgniter.php(455): CodeIgniter\CodeIgniter->tryToRouteIt(null)
 8 SYSTEMPATH/CodeIgniter.php(354): CodeIgniter\CodeIgniter->handleRequest(null, Object(Config\Cache), false)
 9 SYSTEMPATH/Boot.php(363): CodeIgniter\CodeIgniter->run()
10 SYSTEMPATH/Boot.php(68): CodeIgniter\Boot::runCodeIgniter(Object(CodeIgniter\CodeIgniter))
11 FCPATH/index.php(59): CodeIgniter\Boot::bootWeb(Object(Config\Paths))
WARNING - 2025-09-18 15:38:37 --> [DEPRECATED] Passing lowercase HTTP method "post" is deprecated. Use uppercase HTTP method like "POST". in SYSTEMPATH/Router/RouteCollection.php on line 1026.
 1 SYSTEMPATH/Router/RouteCollection.php(1026): trigger_error('Passing lowercase HTTP method "post" is deprecated. Use uppercase HTTP method like "POST".', 16384)
 2 APPPATH/Config/Routes.php(150): CodeIgniter\Router\RouteCollection->match([...], 'mesociclos/(:num)/asignar/(:num)', 'GimnasioMesociclos::asignar/$1/$2')
 3 SYSTEMPATH/Router/RouteCollection.php(799): CodeIgniter\Router\RouteCollection::{closure}(Object(CodeIgniter\Router\RouteCollection))
 4 APPPATH/Config/Routes.php(144): CodeIgniter\Router\RouteCollection->group('gimnasio', [...], Object(Closure))
 5 SYSTEMPATH/Router/RouteCollection.php(339): require('/Applications/ServBay/www/trackbitos/app/Config/Routes.php')
 6 SYSTEMPATH/CodeIgniter.php(821): CodeIgniter\Router\RouteCollection->loadRoutes()
 7 SYSTEMPATH/CodeIgniter.php(455): CodeIgniter\CodeIgniter->tryToRouteIt(null)
 8 SYSTEMPATH/CodeIgniter.php(354): CodeIgniter\CodeIgniter->handleRequest(null, Object(Config\Cache), false)
 9 SYSTEMPATH/Boot.php(363): CodeIgniter\CodeIgniter->run()
10 SYSTEMPATH/Boot.php(68): CodeIgniter\Boot::runCodeIgniter(Object(CodeIgniter\CodeIgniter))
11 FCPATH/index.php(59): CodeIgniter\Boot::bootWeb(Object(Config\Paths))
WARNING - 2025-09-18 15:38:37 --> [DEPRECATED] Passing lowercase HTTP method "get" is deprecated. Use uppercase HTTP method like "GET". in SYSTEMPATH/Router/RouteCollection.php on line 1026.
 1 SYSTEMPATH/Router/RouteCollection.php(1026): trigger_error('Passing lowercase HTTP method "get" is deprecated. Use uppercase HTTP method like "GET".', 16384)
 2 APPPATH/Config/Routes.php(153): CodeIgniter\Router\RouteCollection->match([...], 'mesociclos/(:num)/generar', 'GimnasioMesociclos::generar/$1')
 3 SYSTEMPATH/Router/RouteCollection.php(799): CodeIgniter\Router\RouteCollection::{closure}(Object(CodeIgniter\Router\RouteCollection))
 4 APPPATH/Config/Routes.php(144): CodeIgniter\Router\RouteCollection->group('gimnasio', [...], Object(Closure))
 5 SYSTEMPATH/Router/RouteCollection.php(339): require('/Applications/ServBay/www/trackbitos/app/Config/Routes.php')
 6 SYSTEMPATH/CodeIgniter.php(821): CodeIgniter\Router\RouteCollection->loadRoutes()
 7 SYSTEMPATH/CodeIgniter.php(455): CodeIgniter\CodeIgniter->tryToRouteIt(null)
 8 SYSTEMPATH/CodeIgniter.php(354): CodeIgniter\CodeIgniter->handleRequest(null, Object(Config\Cache), false)
 9 SYSTEMPATH/Boot.php(363): CodeIgniter\CodeIgniter->run()
10 SYSTEMPATH/Boot.php(68): CodeIgniter\Boot::runCodeIgniter(Object(CodeIgniter\CodeIgniter))
11 FCPATH/index.php(59): CodeIgniter\Boot::bootWeb(Object(Config\Paths))
WARNING - 2025-09-18 15:38:37 --> [DEPRECATED] Passing lowercase HTTP method "post" is deprecated. Use uppercase HTTP method like "POST". in SYSTEMPATH/Router/RouteCollection.php on line 1026.
 1 SYSTEMPATH/Router/RouteCollection.php(1026): trigger_error('Passing lowercase HTTP method "post" is deprecated. Use uppercase HTTP method like "POST".', 16384)
 2 APPPATH/Config/Routes.php(153): CodeIgniter\Router\RouteCollection->match([...], 'mesociclos/(:num)/generar', 'GimnasioMesociclos::generar/$1')
 3 SYSTEMPATH/Router/RouteCollection.php(799): CodeIgniter\Router\RouteCollection::{closure}(Object(CodeIgniter\Router\RouteCollection))
 4 APPPATH/Config/Routes.php(144): CodeIgniter\Router\RouteCollection->group('gimnasio', [...], Object(Closure))
 5 SYSTEMPATH/Router/RouteCollection.php(339): require('/Applications/ServBay/www/trackbitos/app/Config/Routes.php')
 6 SYSTEMPATH/CodeIgniter.php(821): CodeIgniter\Router\RouteCollection->loadRoutes()
 7 SYSTEMPATH/CodeIgniter.php(455): CodeIgniter\CodeIgniter->tryToRouteIt(null)
 8 SYSTEMPATH/CodeIgniter.php(354): CodeIgniter\CodeIgniter->handleRequest(null, Object(Config\Cache), false)
 9 SYSTEMPATH/Boot.php(363): CodeIgniter\CodeIgniter->run()
10 SYSTEMPATH/Boot.php(68): CodeIgniter\Boot::runCodeIgniter(Object(CodeIgniter\CodeIgniter))
11 FCPATH/index.php(59): CodeIgniter\Boot::bootWeb(Object(Config\Paths))
WARNING - 2025-09-18 15:38:37 --> [DEPRECATED] Passing lowercase HTTP method "get" is deprecated. Use uppercase HTTP method like "GET". in SYSTEMPATH/Router/RouteCollection.php on line 1026.
 1 SYSTEMPATH/Router/RouteCollection.php(1026): trigger_error('Passing lowercase HTTP method "get" is deprecated. Use uppercase HTTP method like "GET".', 16384)
 2 APPPATH/Config/Routes.php(161): CodeIgniter\Router\RouteCollection->match([...], 'mesociclos/(:num)/generar/bilbo', 'GimnasioMesociclos::generarBilbo/$1')
 3 SYSTEMPATH/Router/RouteCollection.php(799): CodeIgniter\Router\RouteCollection::{closure}(Object(CodeIgniter\Router\RouteCollection))
 4 APPPATH/Config/Routes.php(144): CodeIgniter\Router\RouteCollection->group('gimnasio', [...], Object(Closure))
 5 SYSTEMPATH/Router/RouteCollection.php(339): require('/Applications/ServBay/www/trackbitos/app/Config/Routes.php')
 6 SYSTEMPATH/CodeIgniter.php(821): CodeIgniter\Router\RouteCollection->loadRoutes()
 7 SYSTEMPATH/CodeIgniter.php(455): CodeIgniter\CodeIgniter->tryToRouteIt(null)
 8 SYSTEMPATH/CodeIgniter.php(354): CodeIgniter\CodeIgniter->handleRequest(null, Object(Config\Cache), false)
 9 SYSTEMPATH/Boot.php(363): CodeIgniter\CodeIgniter->run()
10 SYSTEMPATH/Boot.php(68): CodeIgniter\Boot::runCodeIgniter(Object(CodeIgniter\CodeIgniter))
11 FCPATH/index.php(59): CodeIgniter\Boot::bootWeb(Object(Config\Paths))
WARNING - 2025-09-18 15:38:37 --> [DEPRECATED] Passing lowercase HTTP method "post" is deprecated. Use uppercase HTTP method like "POST". in SYSTEMPATH/Router/RouteCollection.php on line 1026.
 1 SYSTEMPATH/Router/RouteCollection.php(1026): trigger_error('Passing lowercase HTTP method "post" is deprecated. Use uppercase HTTP method like "POST".', 16384)
 2 APPPATH/Config/Routes.php(161): CodeIgniter\Router\RouteCollection->match([...], 'mesociclos/(:num)/generar/bilbo', 'GimnasioMesociclos::generarBilbo/$1')
 3 SYSTEMPATH/Router/RouteCollection.php(799): CodeIgniter\Router\RouteCollection::{closure}(Object(CodeIgniter\Router\RouteCollection))
 4 APPPATH/Config/Routes.php(144): CodeIgniter\Router\RouteCollection->group('gimnasio', [...], Object(Closure))
 5 SYSTEMPATH/Router/RouteCollection.php(339): require('/Applications/ServBay/www/trackbitos/app/Config/Routes.php')
 6 SYSTEMPATH/CodeIgniter.php(821): CodeIgniter\Router\RouteCollection->loadRoutes()
 7 SYSTEMPATH/CodeIgniter.php(455): CodeIgniter\CodeIgniter->tryToRouteIt(null)
 8 SYSTEMPATH/CodeIgniter.php(354): CodeIgniter\CodeIgniter->handleRequest(null, Object(Config\Cache), false)
 9 SYSTEMPATH/Boot.php(363): CodeIgniter\CodeIgniter->run()
10 SYSTEMPATH/Boot.php(68): CodeIgniter\Boot::runCodeIgniter(Object(CodeIgniter\CodeIgniter))
11 FCPATH/index.php(59): CodeIgniter\Boot::bootWeb(Object(Config\Paths))
WARNING - 2025-09-18 15:38:37 --> [DEPRECATED] Passing lowercase HTTP method "get" is deprecated. Use uppercase HTTP method like "GET". in SYSTEMPATH/Router/RouteCollection.php on line 1026.
 1 SYSTEMPATH/Router/RouteCollection.php(1026): trigger_error('Passing lowercase HTTP method "get" is deprecated. Use uppercase HTTP method like "GET".', 16384)
 2 APPPATH/Config/Routes.php(261): CodeIgniter\Router\RouteCollection->match([...], 'crear', 'Youtube::crearLista')
 3 SYSTEMPATH/Router/RouteCollection.php(799): CodeIgniter\Router\RouteCollection::{closure}(Object(CodeIgniter\Router\RouteCollection))
 4 APPPATH/Config/Routes.php(259): CodeIgniter\Router\RouteCollection->group('youtube', [...], Object(Closure))
 5 SYSTEMPATH/Router/RouteCollection.php(339): require('/Applications/ServBay/www/trackbitos/app/Config/Routes.php')
 6 SYSTEMPATH/CodeIgniter.php(821): CodeIgniter\Router\RouteCollection->loadRoutes()
 7 SYSTEMPATH/CodeIgniter.php(455): CodeIgniter\CodeIgniter->tryToRouteIt(null)
 8 SYSTEMPATH/CodeIgniter.php(354): CodeIgniter\CodeIgniter->handleRequest(null, Object(Config\Cache), false)
 9 SYSTEMPATH/Boot.php(363): CodeIgniter\CodeIgniter->run()
10 SYSTEMPATH/Boot.php(68): CodeIgniter\Boot::runCodeIgniter(Object(CodeIgniter\CodeIgniter))
11 FCPATH/index.php(59): CodeIgniter\Boot::bootWeb(Object(Config\Paths))
WARNING - 2025-09-18 15:38:37 --> [DEPRECATED] Passing lowercase HTTP method "post" is deprecated. Use uppercase HTTP method like "POST". in SYSTEMPATH/Router/RouteCollection.php on line 1026.
 1 SYSTEMPATH/Router/RouteCollection.php(1026): trigger_error('Passing lowercase HTTP method "post" is deprecated. Use uppercase HTTP method like "POST".', 16384)
 2 APPPATH/Config/Routes.php(261): CodeIgniter\Router\RouteCollection->match([...], 'crear', 'Youtube::crearLista')
 3 SYSTEMPATH/Router/RouteCollection.php(799): CodeIgniter\Router\RouteCollection::{closure}(Object(CodeIgniter\Router\RouteCollection))
 4 APPPATH/Config/Routes.php(259): CodeIgniter\Router\RouteCollection->group('youtube', [...], Object(Closure))
 5 SYSTEMPATH/Router/RouteCollection.php(339): require('/Applications/ServBay/www/trackbitos/app/Config/Routes.php')
 6 SYSTEMPATH/CodeIgniter.php(821): CodeIgniter\Router\RouteCollection->loadRoutes()
 7 SYSTEMPATH/CodeIgniter.php(455): CodeIgniter\CodeIgniter->tryToRouteIt(null)
 8 SYSTEMPATH/CodeIgniter.php(354): CodeIgniter\CodeIgniter->handleRequest(null, Object(Config\Cache), false)
 9 SYSTEMPATH/Boot.php(363): CodeIgniter\CodeIgniter->run()
10 SYSTEMPATH/Boot.php(68): CodeIgniter\Boot::runCodeIgniter(Object(CodeIgniter\CodeIgniter))
11 FCPATH/index.php(59): CodeIgniter\Boot::bootWeb(Object(Config\Paths))
DEBUG - 2025-09-18 15:38:37 --> Session: Class initialized using 'CodeIgniter\Session\Handlers\FileHandler' driver.
WARNING - 2025-09-18 15:38:45 --> [DEPRECATED] Passing lowercase HTTP method "get" is deprecated. Use uppercase HTTP method like "GET". in SYSTEMPATH/Router/RouteCollection.php on line 1026.
 1 SYSTEMPATH/Router/RouteCollection.php(1026): trigger_error('Passing lowercase HTTP method "get" is deprecated. Use uppercase HTTP method like "GET".', 16384)
 2 APPPATH/Config/Routes.php(146): CodeIgniter\Router\RouteCollection->match([...], 'mesociclos/nuevo', 'GimnasioMesociclos::nuevo')
 3 SYSTEMPATH/Router/RouteCollection.php(799): CodeIgniter\Router\RouteCollection::{closure}(Object(CodeIgniter\Router\RouteCollection))
 4 APPPATH/Config/Routes.php(144): CodeIgniter\Router\RouteCollection->group('gimnasio', [...], Object(Closure))
 5 SYSTEMPATH/Router/RouteCollection.php(339): require('/Applications/ServBay/www/trackbitos/app/Config/Routes.php')
 6 SYSTEMPATH/CodeIgniter.php(821): CodeIgniter\Router\RouteCollection->loadRoutes()
 7 SYSTEMPATH/CodeIgniter.php(455): CodeIgniter\CodeIgniter->tryToRouteIt(null)
 8 SYSTEMPATH/CodeIgniter.php(354): CodeIgniter\CodeIgniter->handleRequest(null, Object(Config\Cache), false)
 9 SYSTEMPATH/Boot.php(363): CodeIgniter\CodeIgniter->run()
10 SYSTEMPATH/Boot.php(68): CodeIgniter\Boot::runCodeIgniter(Object(CodeIgniter\CodeIgniter))
11 FCPATH/index.php(59): CodeIgniter\Boot::bootWeb(Object(Config\Paths))
WARNING - 2025-09-18 15:38:45 --> [DEPRECATED] Passing lowercase HTTP method "post" is deprecated. Use uppercase HTTP method like "POST". in SYSTEMPATH/Router/RouteCollection.php on line 1026.
 1 SYSTEMPATH/Router/RouteCollection.php(1026): trigger_error('Passing lowercase HTTP method "post" is deprecated. Use uppercase HTTP method like "POST".', 16384)
 2 APPPATH/Config/Routes.php(146): CodeIgniter\Router\RouteCollection->match([...], 'mesociclos/nuevo', 'GimnasioMesociclos::nuevo')
 3 SYSTEMPATH/Router/RouteCollection.php(799): CodeIgniter\Router\RouteCollection::{closure}(Object(CodeIgniter\Router\RouteCollection))
 4 APPPATH/Config/Routes.php(144): CodeIgniter\Router\RouteCollection->group('gimnasio', [...], Object(Closure))
 5 SYSTEMPATH/Router/RouteCollection.php(339): require('/Applications/ServBay/www/trackbitos/app/Config/Routes.php')
 6 SYSTEMPATH/CodeIgniter.php(821): CodeIgniter\Router\RouteCollection->loadRoutes()
 7 SYSTEMPATH/CodeIgniter.php(455): CodeIgniter\CodeIgniter->tryToRouteIt(null)
 8 SYSTEMPATH/CodeIgniter.php(354): CodeIgniter\CodeIgniter->handleRequest(null, Object(Config\Cache), false)
 9 SYSTEMPATH/Boot.php(363): CodeIgniter\CodeIgniter->run()
10 SYSTEMPATH/Boot.php(68): CodeIgniter\Boot::runCodeIgniter(Object(CodeIgniter\CodeIgniter))
11 FCPATH/index.php(59): CodeIgniter\Boot::bootWeb(Object(Config\Paths))
WARNING - 2025-09-18 15:38:45 --> [DEPRECATED] Passing lowercase HTTP method "get" is deprecated. Use uppercase HTTP method like "GET". in SYSTEMPATH/Router/RouteCollection.php on line 1026.
 1 SYSTEMPATH/Router/RouteCollection.php(1026): trigger_error('Passing lowercase HTTP method "get" is deprecated. Use uppercase HTTP method like "GET".', 16384)
 2 APPPATH/Config/Routes.php(148): CodeIgniter\Router\RouteCollection->match([...], 'mesociclos/(:num)/bloque/nuevo', 'GimnasioMesociclos::bloqueNuevo/$1')
 3 SYSTEMPATH/Router/RouteCollection.php(799): CodeIgniter\Router\RouteCollection::{closure}(Object(CodeIgniter\Router\RouteCollection))
 4 APPPATH/Config/Routes.php(144): CodeIgniter\Router\RouteCollection->group('gimnasio', [...], Object(Closure))
 5 SYSTEMPATH/Router/RouteCollection.php(339): require('/Applications/ServBay/www/trackbitos/app/Config/Routes.php')
 6 SYSTEMPATH/CodeIgniter.php(821): CodeIgniter\Router\RouteCollection->loadRoutes()
 7 SYSTEMPATH/CodeIgniter.php(455): CodeIgniter\CodeIgniter->tryToRouteIt(null)
 8 SYSTEMPATH/CodeIgniter.php(354): CodeIgniter\CodeIgniter->handleRequest(null, Object(Config\Cache), false)
 9 SYSTEMPATH/Boot.php(363): CodeIgniter\CodeIgniter->run()
10 SYSTEMPATH/Boot.php(68): CodeIgniter\Boot::runCodeIgniter(Object(CodeIgniter\CodeIgniter))
11 FCPATH/index.php(59): CodeIgniter\Boot::bootWeb(Object(Config\Paths))
WARNING - 2025-09-18 15:38:45 --> [DEPRECATED] Passing lowercase HTTP method "post" is deprecated. Use uppercase HTTP method like "POST". in SYSTEMPATH/Router/RouteCollection.php on line 1026.
 1 SYSTEMPATH/Router/RouteCollection.php(1026): trigger_error('Passing lowercase HTTP method "post" is deprecated. Use uppercase HTTP method like "POST".', 16384)
 2 APPPATH/Config/Routes.php(148): CodeIgniter\Router\RouteCollection->match([...], 'mesociclos/(:num)/bloque/nuevo', 'GimnasioMesociclos::bloqueNuevo/$1')
 3 SYSTEMPATH/Router/RouteCollection.php(799): CodeIgniter\Router\RouteCollection::{closure}(Object(CodeIgniter\Router\RouteCollection))
 4 APPPATH/Config/Routes.php(144): CodeIgniter\Router\RouteCollection->group('gimnasio', [...], Object(Closure))
 5 SYSTEMPATH/Router/RouteCollection.php(339): require('/Applications/ServBay/www/trackbitos/app/Config/Routes.php')
 6 SYSTEMPATH/CodeIgniter.php(821): CodeIgniter\Router\RouteCollection->loadRoutes()
 7 SYSTEMPATH/CodeIgniter.php(455): CodeIgniter\CodeIgniter->tryToRouteIt(null)
 8 SYSTEMPATH/CodeIgniter.php(354): CodeIgniter\CodeIgniter->handleRequest(null, Object(Config\Cache), false)
 9 SYSTEMPATH/Boot.php(363): CodeIgniter\CodeIgniter->run()
10 SYSTEMPATH/Boot.php(68): CodeIgniter\Boot::runCodeIgniter(Object(CodeIgniter\CodeIgniter))
11 FCPATH/index.php(59): CodeIgniter\Boot::bootWeb(Object(Config\Paths))
WARNING - 2025-09-18 15:38:45 --> [DEPRECATED] Passing lowercase HTTP method "get" is deprecated. Use uppercase HTTP method like "GET". in SYSTEMPATH/Router/RouteCollection.php on line 1026.
 1 SYSTEMPATH/Router/RouteCollection.php(1026): trigger_error('Passing lowercase HTTP method "get" is deprecated. Use uppercase HTTP method like "GET".', 16384)
 2 APPPATH/Config/Routes.php(150): CodeIgniter\Router\RouteCollection->match([...], 'mesociclos/(:num)/asignar/(:num)', 'GimnasioMesociclos::asignar/$1/$2')
 3 SYSTEMPATH/Router/RouteCollection.php(799): CodeIgniter\Router\RouteCollection::{closure}(Object(CodeIgniter\Router\RouteCollection))
 4 APPPATH/Config/Routes.php(144): CodeIgniter\Router\RouteCollection->group('gimnasio', [...], Object(Closure))
 5 SYSTEMPATH/Router/RouteCollection.php(339): require('/Applications/ServBay/www/trackbitos/app/Config/Routes.php')
 6 SYSTEMPATH/CodeIgniter.php(821): CodeIgniter\Router\RouteCollection->loadRoutes()
 7 SYSTEMPATH/CodeIgniter.php(455): CodeIgniter\CodeIgniter->tryToRouteIt(null)
 8 SYSTEMPATH/CodeIgniter.php(354): CodeIgniter\CodeIgniter->handleRequest(null, Object(Config\Cache), false)
 9 SYSTEMPATH/Boot.php(363): CodeIgniter\CodeIgniter->run()
10 SYSTEMPATH/Boot.php(68): CodeIgniter\Boot::runCodeIgniter(Object(CodeIgniter\CodeIgniter))
11 FCPATH/index.php(59): CodeIgniter\Boot::bootWeb(Object(Config\Paths))
WARNING - 2025-09-18 15:38:45 --> [DEPRECATED] Passing lowercase HTTP method "post" is deprecated. Use uppercase HTTP method like "POST". in SYSTEMPATH/Router/RouteCollection.php on line 1026.
 1 SYSTEMPATH/Router/RouteCollection.php(1026): trigger_error('Passing lowercase HTTP method "post" is deprecated. Use uppercase HTTP method like "POST".', 16384)
 2 APPPATH/Config/Routes.php(150): CodeIgniter\Router\RouteCollection->match([...], 'mesociclos/(:num)/asignar/(:num)', 'GimnasioMesociclos::asignar/$1/$2')
 3 SYSTEMPATH/Router/RouteCollection.php(799): CodeIgniter\Router\RouteCollection::{closure}(Object(CodeIgniter\Router\RouteCollection))
 4 APPPATH/Config/Routes.php(144): CodeIgniter\Router\RouteCollection->group('gimnasio', [...], Object(Closure))
 5 SYSTEMPATH/Router/RouteCollection.php(339): require('/Applications/ServBay/www/trackbitos/app/Config/Routes.php')
 6 SYSTEMPATH/CodeIgniter.php(821): CodeIgniter\Router\RouteCollection->loadRoutes()
 7 SYSTEMPATH/CodeIgniter.php(455): CodeIgniter\CodeIgniter->tryToRouteIt(null)
 8 SYSTEMPATH/CodeIgniter.php(354): CodeIgniter\CodeIgniter->handleRequest(null, Object(Config\Cache), false)
 9 SYSTEMPATH/Boot.php(363): CodeIgniter\CodeIgniter->run()
10 SYSTEMPATH/Boot.php(68): CodeIgniter\Boot::runCodeIgniter(Object(CodeIgniter\CodeIgniter))
11 FCPATH/index.php(59): CodeIgniter\Boot::bootWeb(Object(Config\Paths))
WARNING - 2025-09-18 15:38:45 --> [DEPRECATED] Passing lowercase HTTP method "get" is deprecated. Use uppercase HTTP method like "GET". in SYSTEMPATH/Router/RouteCollection.php on line 1026.
 1 SYSTEMPATH/Router/RouteCollection.php(1026): trigger_error('Passing lowercase HTTP method "get" is deprecated. Use uppercase HTTP method like "GET".', 16384)
 2 APPPATH/Config/Routes.php(153): CodeIgniter\Router\RouteCollection->match([...], 'mesociclos/(:num)/generar', 'GimnasioMesociclos::generar/$1')
 3 SYSTEMPATH/Router/RouteCollection.php(799): CodeIgniter\Router\RouteCollection::{closure}(Object(CodeIgniter\Router\RouteCollection))
 4 APPPATH/Config/Routes.php(144): CodeIgniter\Router\RouteCollection->group('gimnasio', [...], Object(Closure))
 5 SYSTEMPATH/Router/RouteCollection.php(339): require('/Applications/ServBay/www/trackbitos/app/Config/Routes.php')
 6 SYSTEMPATH/CodeIgniter.php(821): CodeIgniter\Router\RouteCollection->loadRoutes()
 7 SYSTEMPATH/CodeIgniter.php(455): CodeIgniter\CodeIgniter->tryToRouteIt(null)
 8 SYSTEMPATH/CodeIgniter.php(354): CodeIgniter\CodeIgniter->handleRequest(null, Object(Config\Cache), false)
 9 SYSTEMPATH/Boot.php(363): CodeIgniter\CodeIgniter->run()
10 SYSTEMPATH/Boot.php(68): CodeIgniter\Boot::runCodeIgniter(Object(CodeIgniter\CodeIgniter))
11 FCPATH/index.php(59): CodeIgniter\Boot::bootWeb(Object(Config\Paths))
WARNING - 2025-09-18 15:38:45 --> [DEPRECATED] Passing lowercase HTTP method "post" is deprecated. Use uppercase HTTP method like "POST". in SYSTEMPATH/Router/RouteCollection.php on line 1026.
 1 SYSTEMPATH/Router/RouteCollection.php(1026): trigger_error('Passing lowercase HTTP method "post" is deprecated. Use uppercase HTTP method like "POST".', 16384)
 2 APPPATH/Config/Routes.php(153): CodeIgniter\Router\RouteCollection->match([...], 'mesociclos/(:num)/generar', 'GimnasioMesociclos::generar/$1')
 3 SYSTEMPATH/Router/RouteCollection.php(799): CodeIgniter\Router\RouteCollection::{closure}(Object(CodeIgniter\Router\RouteCollection))
 4 APPPATH/Config/Routes.php(144): CodeIgniter\Router\RouteCollection->group('gimnasio', [...], Object(Closure))
 5 SYSTEMPATH/Router/RouteCollection.php(339): require('/Applications/ServBay/www/trackbitos/app/Config/Routes.php')
 6 SYSTEMPATH/CodeIgniter.php(821): CodeIgniter\Router\RouteCollection->loadRoutes()
 7 SYSTEMPATH/CodeIgniter.php(455): CodeIgniter\CodeIgniter->tryToRouteIt(null)
 8 SYSTEMPATH/CodeIgniter.php(354): CodeIgniter\CodeIgniter->handleRequest(null, Object(Config\Cache), false)
 9 SYSTEMPATH/Boot.php(363): CodeIgniter\CodeIgniter->run()
10 SYSTEMPATH/Boot.php(68): CodeIgniter\Boot::runCodeIgniter(Object(CodeIgniter\CodeIgniter))
11 FCPATH/index.php(59): CodeIgniter\Boot::bootWeb(Object(Config\Paths))
WARNING - 2025-09-18 15:38:45 --> [DEPRECATED] Passing lowercase HTTP method "get" is deprecated. Use uppercase HTTP method like "GET". in SYSTEMPATH/Router/RouteCollection.php on line 1026.
 1 SYSTEMPATH/Router/RouteCollection.php(1026): trigger_error('Passing lowercase HTTP method "get" is deprecated. Use uppercase HTTP method like "GET".', 16384)
 2 APPPATH/Config/Routes.php(161): CodeIgniter\Router\RouteCollection->match([...], 'mesociclos/(:num)/generar/bilbo', 'GimnasioMesociclos::generarBilbo/$1')
 3 SYSTEMPATH/Router/RouteCollection.php(799): CodeIgniter\Router\RouteCollection::{closure}(Object(CodeIgniter\Router\RouteCollection))
 4 APPPATH/Config/Routes.php(144): CodeIgniter\Router\RouteCollection->group('gimnasio', [...], Object(Closure))
 5 SYSTEMPATH/Router/RouteCollection.php(339): require('/Applications/ServBay/www/trackbitos/app/Config/Routes.php')
 6 SYSTEMPATH/CodeIgniter.php(821): CodeIgniter\Router\RouteCollection->loadRoutes()
 7 SYSTEMPATH/CodeIgniter.php(455): CodeIgniter\CodeIgniter->tryToRouteIt(null)
 8 SYSTEMPATH/CodeIgniter.php(354): CodeIgniter\CodeIgniter->handleRequest(null, Object(Config\Cache), false)
 9 SYSTEMPATH/Boot.php(363): CodeIgniter\CodeIgniter->run()
10 SYSTEMPATH/Boot.php(68): CodeIgniter\Boot::runCodeIgniter(Object(CodeIgniter\CodeIgniter))
11 FCPATH/index.php(59): CodeIgniter\Boot::bootWeb(Object(Config\Paths))
WARNING - 2025-09-18 15:38:45 --> [DEPRECATED] Passing lowercase HTTP method "post" is deprecated. Use uppercase HTTP method like "POST". in SYSTEMPATH/Router/RouteCollection.php on line 1026.
 1 SYSTEMPATH/Router/RouteCollection.php(1026): trigger_error('Passing lowercase HTTP method "post" is deprecated. Use uppercase HTTP method like "POST".', 16384)
 2 APPPATH/Config/Routes.php(161): CodeIgniter\Router\RouteCollection->match([...], 'mesociclos/(:num)/generar/bilbo', 'GimnasioMesociclos::generarBilbo/$1')
 3 SYSTEMPATH/Router/RouteCollection.php(799): CodeIgniter\Router\RouteCollection::{closure}(Object(CodeIgniter\Router\RouteCollection))
 4 APPPATH/Config/Routes.php(144): CodeIgniter\Router\RouteCollection->group('gimnasio', [...], Object(Closure))
 5 SYSTEMPATH/Router/RouteCollection.php(339): require('/Applications/ServBay/www/trackbitos/app/Config/Routes.php')
 6 SYSTEMPATH/CodeIgniter.php(821): CodeIgniter\Router\RouteCollection->loadRoutes()
 7 SYSTEMPATH/CodeIgniter.php(455): CodeIgniter\CodeIgniter->tryToRouteIt(null)
 8 SYSTEMPATH/CodeIgniter.php(354): CodeIgniter\CodeIgniter->handleRequest(null, Object(Config\Cache), false)
 9 SYSTEMPATH/Boot.php(363): CodeIgniter\CodeIgniter->run()
10 SYSTEMPATH/Boot.php(68): CodeIgniter\Boot::runCodeIgniter(Object(CodeIgniter\CodeIgniter))
11 FCPATH/index.php(59): CodeIgniter\Boot::bootWeb(Object(Config\Paths))
WARNING - 2025-09-18 15:38:45 --> [DEPRECATED] Passing lowercase HTTP method "get" is deprecated. Use uppercase HTTP method like "GET". in SYSTEMPATH/Router/RouteCollection.php on line 1026.
 1 SYSTEMPATH/Router/RouteCollection.php(1026): trigger_error('Passing lowercase HTTP method "get" is deprecated. Use uppercase HTTP method like "GET".', 16384)
 2 APPPATH/Config/Routes.php(261): CodeIgniter\Router\RouteCollection->match([...], 'crear', 'Youtube::crearLista')
 3 SYSTEMPATH/Router/RouteCollection.php(799): CodeIgniter\Router\RouteCollection::{closure}(Object(CodeIgniter\Router\RouteCollection))
 4 APPPATH/Config/Routes.php(259): CodeIgniter\Router\RouteCollection->group('youtube', [...], Object(Closure))
 5 SYSTEMPATH/Router/RouteCollection.php(339): require('/Applications/ServBay/www/trackbitos/app/Config/Routes.php')
 6 SYSTEMPATH/CodeIgniter.php(821): CodeIgniter\Router\RouteCollection->loadRoutes()
 7 SYSTEMPATH/CodeIgniter.php(455): CodeIgniter\CodeIgniter->tryToRouteIt(null)
 8 SYSTEMPATH/CodeIgniter.php(354): CodeIgniter\CodeIgniter->handleRequest(null, Object(Config\Cache), false)
 9 SYSTEMPATH/Boot.php(363): CodeIgniter\CodeIgniter->run()
10 SYSTEMPATH/Boot.php(68): CodeIgniter\Boot::runCodeIgniter(Object(CodeIgniter\CodeIgniter))
11 FCPATH/index.php(59): CodeIgniter\Boot::bootWeb(Object(Config\Paths))
WARNING - 2025-09-18 15:38:45 --> [DEPRECATED] Passing lowercase HTTP method "post" is deprecated. Use uppercase HTTP method like "POST". in SYSTEMPATH/Router/RouteCollection.php on line 1026.
 1 SYSTEMPATH/Router/RouteCollection.php(1026): trigger_error('Passing lowercase HTTP method "post" is deprecated. Use uppercase HTTP method like "POST".', 16384)
 2 APPPATH/Config/Routes.php(261): CodeIgniter\Router\RouteCollection->match([...], 'crear', 'Youtube::crearLista')
 3 SYSTEMPATH/Router/RouteCollection.php(799): CodeIgniter\Router\RouteCollection::{closure}(Object(CodeIgniter\Router\RouteCollection))
 4 APPPATH/Config/Routes.php(259): CodeIgniter\Router\RouteCollection->group('youtube', [...], Object(Closure))
 5 SYSTEMPATH/Router/RouteCollection.php(339): require('/Applications/ServBay/www/trackbitos/app/Config/Routes.php')
 6 SYSTEMPATH/CodeIgniter.php(821): CodeIgniter\Router\RouteCollection->loadRoutes()
 7 SYSTEMPATH/CodeIgniter.php(455): CodeIgniter\CodeIgniter->tryToRouteIt(null)
 8 SYSTEMPATH/CodeIgniter.php(354): CodeIgniter\CodeIgniter->handleRequest(null, Object(Config\Cache), false)
 9 SYSTEMPATH/Boot.php(363): CodeIgniter\CodeIgniter->run()
10 SYSTEMPATH/Boot.php(68): CodeIgniter\Boot::runCodeIgniter(Object(CodeIgniter\CodeIgniter))
11 FCPATH/index.php(59): CodeIgniter\Boot::bootWeb(Object(Config\Paths))
DEBUG - 2025-09-18 15:38:45 --> Session: Class initialized using 'CodeIgniter\Session\Handlers\FileHandler' driver.
WARNING - 2025-09-18 15:39:28 --> [DEPRECATED] Passing lowercase HTTP method "get" is deprecated. Use uppercase HTTP method like "GET". in SYSTEMPATH/Router/RouteCollection.php on line 1026.
 1 SYSTEMPATH/Router/RouteCollection.php(1026): trigger_error('Passing lowercase HTTP method "get" is deprecated. Use uppercase HTTP method like "GET".', 16384)
 2 APPPATH/Config/Routes.php(146): CodeIgniter\Router\RouteCollection->match([...], 'mesociclos/nuevo', 'GimnasioMesociclos::nuevo')
 3 SYSTEMPATH/Router/RouteCollection.php(799): CodeIgniter\Router\RouteCollection::{closure}(Object(CodeIgniter\Router\RouteCollection))
 4 APPPATH/Config/Routes.php(144): CodeIgniter\Router\RouteCollection->group('gimnasio', [...], Object(Closure))
 5 SYSTEMPATH/Router/RouteCollection.php(339): require('/Applications/ServBay/www/trackbitos/app/Config/Routes.php')
 6 SYSTEMPATH/CodeIgniter.php(821): CodeIgniter\Router\RouteCollection->loadRoutes()
 7 SYSTEMPATH/CodeIgniter.php(455): CodeIgniter\CodeIgniter->tryToRouteIt(null)
 8 SYSTEMPATH/CodeIgniter.php(354): CodeIgniter\CodeIgniter->handleRequest(null, Object(Config\Cache), false)
 9 SYSTEMPATH/Boot.php(363): CodeIgniter\CodeIgniter->run()
10 SYSTEMPATH/Boot.php(68): CodeIgniter\Boot::runCodeIgniter(Object(CodeIgniter\CodeIgniter))
11 FCPATH/index.php(59): CodeIgniter\Boot::bootWeb(Object(Config\Paths))
WARNING - 2025-09-18 15:39:28 --> [DEPRECATED] Passing lowercase HTTP method "post" is deprecated. Use uppercase HTTP method like "POST". in SYSTEMPATH/Router/RouteCollection.php on line 1026.
 1 SYSTEMPATH/Router/RouteCollection.php(1026): trigger_error('Passing lowercase HTTP method "post" is deprecated. Use uppercase HTTP method like "POST".', 16384)
 2 APPPATH/Config/Routes.php(146): CodeIgniter\Router\RouteCollection->match([...], 'mesociclos/nuevo', 'GimnasioMesociclos::nuevo')
 3 SYSTEMPATH/Router/RouteCollection.php(799): CodeIgniter\Router\RouteCollection::{closure}(Object(CodeIgniter\Router\RouteCollection))
 4 APPPATH/Config/Routes.php(144): CodeIgniter\Router\RouteCollection->group('gimnasio', [...], Object(Closure))
 5 SYSTEMPATH/Router/RouteCollection.php(339): require('/Applications/ServBay/www/trackbitos/app/Config/Routes.php')
 6 SYSTEMPATH/CodeIgniter.php(821): CodeIgniter\Router\RouteCollection->loadRoutes()
 7 SYSTEMPATH/CodeIgniter.php(455): CodeIgniter\CodeIgniter->tryToRouteIt(null)
 8 SYSTEMPATH/CodeIgniter.php(354): CodeIgniter\CodeIgniter->handleRequest(null, Object(Config\Cache), false)
 9 SYSTEMPATH/Boot.php(363): CodeIgniter\CodeIgniter->run()
10 SYSTEMPATH/Boot.php(68): CodeIgniter\Boot::runCodeIgniter(Object(CodeIgniter\CodeIgniter))
11 FCPATH/index.php(59): CodeIgniter\Boot::bootWeb(Object(Config\Paths))
WARNING - 2025-09-18 15:39:28 --> [DEPRECATED] Passing lowercase HTTP method "get" is deprecated. Use uppercase HTTP method like "GET". in SYSTEMPATH/Router/RouteCollection.php on line 1026.
 1 SYSTEMPATH/Router/RouteCollection.php(1026): trigger_error('Passing lowercase HTTP method "get" is deprecated. Use uppercase HTTP method like "GET".', 16384)
 2 APPPATH/Config/Routes.php(148): CodeIgniter\Router\RouteCollection->match([...], 'mesociclos/(:num)/bloque/nuevo', 'GimnasioMesociclos::bloqueNuevo/$1')
 3 SYSTEMPATH/Router/RouteCollection.php(799): CodeIgniter\Router\RouteCollection::{closure}(Object(CodeIgniter\Router\RouteCollection))
 4 APPPATH/Config/Routes.php(144): CodeIgniter\Router\RouteCollection->group('gimnasio', [...], Object(Closure))
 5 SYSTEMPATH/Router/RouteCollection.php(339): require('/Applications/ServBay/www/trackbitos/app/Config/Routes.php')
 6 SYSTEMPATH/CodeIgniter.php(821): CodeIgniter\Router\RouteCollection->loadRoutes()
 7 SYSTEMPATH/CodeIgniter.php(455): CodeIgniter\CodeIgniter->tryToRouteIt(null)
 8 SYSTEMPATH/CodeIgniter.php(354): CodeIgniter\CodeIgniter->handleRequest(null, Object(Config\Cache), false)
 9 SYSTEMPATH/Boot.php(363): CodeIgniter\CodeIgniter->run()
10 SYSTEMPATH/Boot.php(68): CodeIgniter\Boot::runCodeIgniter(Object(CodeIgniter\CodeIgniter))
11 FCPATH/index.php(59): CodeIgniter\Boot::bootWeb(Object(Config\Paths))
WARNING - 2025-09-18 15:39:28 --> [DEPRECATED] Passing lowercase HTTP method "post" is deprecated. Use uppercase HTTP method like "POST". in SYSTEMPATH/Router/RouteCollection.php on line 1026.
 1 SYSTEMPATH/Router/RouteCollection.php(1026): trigger_error('Passing lowercase HTTP method "post" is deprecated. Use uppercase HTTP method like "POST".', 16384)
 2 APPPATH/Config/Routes.php(148): CodeIgniter\Router\RouteCollection->match([...], 'mesociclos/(:num)/bloque/nuevo', 'GimnasioMesociclos::bloqueNuevo/$1')
 3 SYSTEMPATH/Router/RouteCollection.php(799): CodeIgniter\Router\RouteCollection::{closure}(Object(CodeIgniter\Router\RouteCollection))
 4 APPPATH/Config/Routes.php(144): CodeIgniter\Router\RouteCollection->group('gimnasio', [...], Object(Closure))
 5 SYSTEMPATH/Router/RouteCollection.php(339): require('/Applications/ServBay/www/trackbitos/app/Config/Routes.php')
 6 SYSTEMPATH/CodeIgniter.php(821): CodeIgniter\Router\RouteCollection->loadRoutes()
 7 SYSTEMPATH/CodeIgniter.php(455): CodeIgniter\CodeIgniter->tryToRouteIt(null)
 8 SYSTEMPATH/CodeIgniter.php(354): CodeIgniter\CodeIgniter->handleRequest(null, Object(Config\Cache), false)
 9 SYSTEMPATH/Boot.php(363): CodeIgniter\CodeIgniter->run()
10 SYSTEMPATH/Boot.php(68): CodeIgniter\Boot::runCodeIgniter(Object(CodeIgniter\CodeIgniter))
11 FCPATH/index.php(59): CodeIgniter\Boot::bootWeb(Object(Config\Paths))
WARNING - 2025-09-18 15:39:28 --> [DEPRECATED] Passing lowercase HTTP method "get" is deprecated. Use uppercase HTTP method like "GET". in SYSTEMPATH/Router/RouteCollection.php on line 1026.
 1 SYSTEMPATH/Router/RouteCollection.php(1026): trigger_error('Passing lowercase HTTP method "get" is deprecated. Use uppercase HTTP method like "GET".', 16384)
 2 APPPATH/Config/Routes.php(150): CodeIgniter\Router\RouteCollection->match([...], 'mesociclos/(:num)/asignar/(:num)', 'GimnasioMesociclos::asignar/$1/$2')
 3 SYSTEMPATH/Router/RouteCollection.php(799): CodeIgniter\Router\RouteCollection::{closure}(Object(CodeIgniter\Router\RouteCollection))
 4 APPPATH/Config/Routes.php(144): CodeIgniter\Router\RouteCollection->group('gimnasio', [...], Object(Closure))
 5 SYSTEMPATH/Router/RouteCollection.php(339): require('/Applications/ServBay/www/trackbitos/app/Config/Routes.php')
 6 SYSTEMPATH/CodeIgniter.php(821): CodeIgniter\Router\RouteCollection->loadRoutes()
 7 SYSTEMPATH/CodeIgniter.php(455): CodeIgniter\CodeIgniter->tryToRouteIt(null)
 8 SYSTEMPATH/CodeIgniter.php(354): CodeIgniter\CodeIgniter->handleRequest(null, Object(Config\Cache), false)
 9 SYSTEMPATH/Boot.php(363): CodeIgniter\CodeIgniter->run()
10 SYSTEMPATH/Boot.php(68): CodeIgniter\Boot::runCodeIgniter(Object(CodeIgniter\CodeIgniter))
11 FCPATH/index.php(59): CodeIgniter\Boot::bootWeb(Object(Config\Paths))
WARNING - 2025-09-18 15:39:28 --> [DEPRECATED] Passing lowercase HTTP method "post" is deprecated. Use uppercase HTTP method like "POST". in SYSTEMPATH/Router/RouteCollection.php on line 1026.
 1 SYSTEMPATH/Router/RouteCollection.php(1026): trigger_error('Passing lowercase HTTP method "post" is deprecated. Use uppercase HTTP method like "POST".', 16384)
 2 APPPATH/Config/Routes.php(150): CodeIgniter\Router\RouteCollection->match([...], 'mesociclos/(:num)/asignar/(:num)', 'GimnasioMesociclos::asignar/$1/$2')
 3 SYSTEMPATH/Router/RouteCollection.php(799): CodeIgniter\Router\RouteCollection::{closure}(Object(CodeIgniter\Router\RouteCollection))
 4 APPPATH/Config/Routes.php(144): CodeIgniter\Router\RouteCollection->group('gimnasio', [...], Object(Closure))
 5 SYSTEMPATH/Router/RouteCollection.php(339): require('/Applications/ServBay/www/trackbitos/app/Config/Routes.php')
 6 SYSTEMPATH/CodeIgniter.php(821): CodeIgniter\Router\RouteCollection->loadRoutes()
 7 SYSTEMPATH/CodeIgniter.php(455): CodeIgniter\CodeIgniter->tryToRouteIt(null)
 8 SYSTEMPATH/CodeIgniter.php(354): CodeIgniter\CodeIgniter->handleRequest(null, Object(Config\Cache), false)
 9 SYSTEMPATH/Boot.php(363): CodeIgniter\CodeIgniter->run()
10 SYSTEMPATH/Boot.php(68): CodeIgniter\Boot::runCodeIgniter(Object(CodeIgniter\CodeIgniter))
11 FCPATH/index.php(59): CodeIgniter\Boot::bootWeb(Object(Config\Paths))
WARNING - 2025-09-18 15:39:28 --> [DEPRECATED] Passing lowercase HTTP method "get" is deprecated. Use uppercase HTTP method like "GET". in SYSTEMPATH/Router/RouteCollection.php on line 1026.
 1 SYSTEMPATH/Router/RouteCollection.php(1026): trigger_error('Passing lowercase HTTP method "get" is deprecated. Use uppercase HTTP method like "GET".', 16384)
 2 APPPATH/Config/Routes.php(153): CodeIgniter\Router\RouteCollection->match([...], 'mesociclos/(:num)/generar', 'GimnasioMesociclos::generar/$1')
 3 SYSTEMPATH/Router/RouteCollection.php(799): CodeIgniter\Router\RouteCollection::{closure}(Object(CodeIgniter\Router\RouteCollection))
 4 APPPATH/Config/Routes.php(144): CodeIgniter\Router\RouteCollection->group('gimnasio', [...], Object(Closure))
 5 SYSTEMPATH/Router/RouteCollection.php(339): require('/Applications/ServBay/www/trackbitos/app/Config/Routes.php')
 6 SYSTEMPATH/CodeIgniter.php(821): CodeIgniter\Router\RouteCollection->loadRoutes()
 7 SYSTEMPATH/CodeIgniter.php(455): CodeIgniter\CodeIgniter->tryToRouteIt(null)
 8 SYSTEMPATH/CodeIgniter.php(354): CodeIgniter\CodeIgniter->handleRequest(null, Object(Config\Cache), false)
 9 SYSTEMPATH/Boot.php(363): CodeIgniter\CodeIgniter->run()
10 SYSTEMPATH/Boot.php(68): CodeIgniter\Boot::runCodeIgniter(Object(CodeIgniter\CodeIgniter))
11 FCPATH/index.php(59): CodeIgniter\Boot::bootWeb(Object(Config\Paths))
WARNING - 2025-09-18 15:39:28 --> [DEPRECATED] Passing lowercase HTTP method "post" is deprecated. Use uppercase HTTP method like "POST". in SYSTEMPATH/Router/RouteCollection.php on line 1026.
 1 SYSTEMPATH/Router/RouteCollection.php(1026): trigger_error('Passing lowercase HTTP method "post" is deprecated. Use uppercase HTTP method like "POST".', 16384)
 2 APPPATH/Config/Routes.php(153): CodeIgniter\Router\RouteCollection->match([...], 'mesociclos/(:num)/generar', 'GimnasioMesociclos::generar/$1')
 3 SYSTEMPATH/Router/RouteCollection.php(799): CodeIgniter\Router\RouteCollection::{closure}(Object(CodeIgniter\Router\RouteCollection))
 4 APPPATH/Config/Routes.php(144): CodeIgniter\Router\RouteCollection->group('gimnasio', [...], Object(Closure))
 5 SYSTEMPATH/Router/RouteCollection.php(339): require('/Applications/ServBay/www/trackbitos/app/Config/Routes.php')
 6 SYSTEMPATH/CodeIgniter.php(821): CodeIgniter\Router\RouteCollection->loadRoutes()
 7 SYSTEMPATH/CodeIgniter.php(455): CodeIgniter\CodeIgniter->tryToRouteIt(null)
 8 SYSTEMPATH/CodeIgniter.php(354): CodeIgniter\CodeIgniter->handleRequest(null, Object(Config\Cache), false)
 9 SYSTEMPATH/Boot.php(363): CodeIgniter\CodeIgniter->run()
10 SYSTEMPATH/Boot.php(68): CodeIgniter\Boot::runCodeIgniter(Object(CodeIgniter\CodeIgniter))
11 FCPATH/index.php(59): CodeIgniter\Boot::bootWeb(Object(Config\Paths))
WARNING - 2025-09-18 15:39:28 --> [DEPRECATED] Passing lowercase HTTP method "get" is deprecated. Use uppercase HTTP method like "GET". in SYSTEMPATH/Router/RouteCollection.php on line 1026.
 1 SYSTEMPATH/Router/RouteCollection.php(1026): trigger_error('Passing lowercase HTTP method "get" is deprecated. Use uppercase HTTP method like "GET".', 16384)
 2 APPPATH/Config/Routes.php(161): CodeIgniter\Router\RouteCollection->match([...], 'mesociclos/(:num)/generar/bilbo', 'GimnasioMesociclos::generarBilbo/$1')
 3 SYSTEMPATH/Router/RouteCollection.php(799): CodeIgniter\Router\RouteCollection::{closure}(Object(CodeIgniter\Router\RouteCollection))
 4 APPPATH/Config/Routes.php(144): CodeIgniter\Router\RouteCollection->group('gimnasio', [...], Object(Closure))
 5 SYSTEMPATH/Router/RouteCollection.php(339): require('/Applications/ServBay/www/trackbitos/app/Config/Routes.php')
 6 SYSTEMPATH/CodeIgniter.php(821): CodeIgniter\Router\RouteCollection->loadRoutes()
 7 SYSTEMPATH/CodeIgniter.php(455): CodeIgniter\CodeIgniter->tryToRouteIt(null)
 8 SYSTEMPATH/CodeIgniter.php(354): CodeIgniter\CodeIgniter->handleRequest(null, Object(Config\Cache), false)
 9 SYSTEMPATH/Boot.php(363): CodeIgniter\CodeIgniter->run()
10 SYSTEMPATH/Boot.php(68): CodeIgniter\Boot::runCodeIgniter(Object(CodeIgniter\CodeIgniter))
11 FCPATH/index.php(59): CodeIgniter\Boot::bootWeb(Object(Config\Paths))
WARNING - 2025-09-18 15:39:28 --> [DEPRECATED] Passing lowercase HTTP method "post" is deprecated. Use uppercase HTTP method like "POST". in SYSTEMPATH/Router/RouteCollection.php on line 1026.
 1 SYSTEMPATH/Router/RouteCollection.php(1026): trigger_error('Passing lowercase HTTP method "post" is deprecated. Use uppercase HTTP method like "POST".', 16384)
 2 APPPATH/Config/Routes.php(161): CodeIgniter\Router\RouteCollection->match([...], 'mesociclos/(:num)/generar/bilbo', 'GimnasioMesociclos::generarBilbo/$1')
 3 SYSTEMPATH/Router/RouteCollection.php(799): CodeIgniter\Router\RouteCollection::{closure}(Object(CodeIgniter\Router\RouteCollection))
 4 APPPATH/Config/Routes.php(144): CodeIgniter\Router\RouteCollection->group('gimnasio', [...], Object(Closure))
 5 SYSTEMPATH/Router/RouteCollection.php(339): require('/Applications/ServBay/www/trackbitos/app/Config/Routes.php')
 6 SYSTEMPATH/CodeIgniter.php(821): CodeIgniter\Router\RouteCollection->loadRoutes()
 7 SYSTEMPATH/CodeIgniter.php(455): CodeIgniter\CodeIgniter->tryToRouteIt(null)
 8 SYSTEMPATH/CodeIgniter.php(354): CodeIgniter\CodeIgniter->handleRequest(null, Object(Config\Cache), false)
 9 SYSTEMPATH/Boot.php(363): CodeIgniter\CodeIgniter->run()
10 SYSTEMPATH/Boot.php(68): CodeIgniter\Boot::runCodeIgniter(Object(CodeIgniter\CodeIgniter))
11 FCPATH/index.php(59): CodeIgniter\Boot::bootWeb(Object(Config\Paths))
WARNING - 2025-09-18 15:39:28 --> [DEPRECATED] Passing lowercase HTTP method "get" is deprecated. Use uppercase HTTP method like "GET". in SYSTEMPATH/Router/RouteCollection.php on line 1026.
 1 SYSTEMPATH/Router/RouteCollection.php(1026): trigger_error('Passing lowercase HTTP method "get" is deprecated. Use uppercase HTTP method like "GET".', 16384)
 2 APPPATH/Config/Routes.php(261): CodeIgniter\Router\RouteCollection->match([...], 'crear', 'Youtube::crearLista')
 3 SYSTEMPATH/Router/RouteCollection.php(799): CodeIgniter\Router\RouteCollection::{closure}(Object(CodeIgniter\Router\RouteCollection))
 4 APPPATH/Config/Routes.php(259): CodeIgniter\Router\RouteCollection->group('youtube', [...], Object(Closure))
 5 SYSTEMPATH/Router/RouteCollection.php(339): require('/Applications/ServBay/www/trackbitos/app/Config/Routes.php')
 6 SYSTEMPATH/CodeIgniter.php(821): CodeIgniter\Router\RouteCollection->loadRoutes()
 7 SYSTEMPATH/CodeIgniter.php(455): CodeIgniter\CodeIgniter->tryToRouteIt(null)
 8 SYSTEMPATH/CodeIgniter.php(354): CodeIgniter\CodeIgniter->handleRequest(null, Object(Config\Cache), false)
 9 SYSTEMPATH/Boot.php(363): CodeIgniter\CodeIgniter->run()
10 SYSTEMPATH/Boot.php(68): CodeIgniter\Boot::runCodeIgniter(Object(CodeIgniter\CodeIgniter))
11 FCPATH/index.php(59): CodeIgniter\Boot::bootWeb(Object(Config\Paths))
WARNING - 2025-09-18 15:39:28 --> [DEPRECATED] Passing lowercase HTTP method "post" is deprecated. Use uppercase HTTP method like "POST". in SYSTEMPATH/Router/RouteCollection.php on line 1026.
 1 SYSTEMPATH/Router/RouteCollection.php(1026): trigger_error('Passing lowercase HTTP method "post" is deprecated. Use uppercase HTTP method like "POST".', 16384)
 2 APPPATH/Config/Routes.php(261): CodeIgniter\Router\RouteCollection->match([...], 'crear', 'Youtube::crearLista')
 3 SYSTEMPATH/Router/RouteCollection.php(799): CodeIgniter\Router\RouteCollection::{closure}(Object(CodeIgniter\Router\RouteCollection))
 4 APPPATH/Config/Routes.php(259): CodeIgniter\Router\RouteCollection->group('youtube', [...], Object(Closure))
 5 SYSTEMPATH/Router/RouteCollection.php(339): require('/Applications/ServBay/www/trackbitos/app/Config/Routes.php')
 6 SYSTEMPATH/CodeIgniter.php(821): CodeIgniter\Router\RouteCollection->loadRoutes()
 7 SYSTEMPATH/CodeIgniter.php(455): CodeIgniter\CodeIgniter->tryToRouteIt(null)
 8 SYSTEMPATH/CodeIgniter.php(354): CodeIgniter\CodeIgniter->handleRequest(null, Object(Config\Cache), false)
 9 SYSTEMPATH/Boot.php(363): CodeIgniter\CodeIgniter->run()
10 SYSTEMPATH/Boot.php(68): CodeIgniter\Boot::runCodeIgniter(Object(CodeIgniter\CodeIgniter))
11 FCPATH/index.php(59): CodeIgniter\Boot::bootWeb(Object(Config\Paths))
DEBUG - 2025-09-18 15:39:28 --> Session: Class initialized using 'CodeIgniter\Session\Handlers\FileHandler' driver.
WARNING - 2025-09-18 15:39:29 --> [DEPRECATED] Passing lowercase HTTP method "get" is deprecated. Use uppercase HTTP method like "GET". in SYSTEMPATH/Router/RouteCollection.php on line 1026.
 1 SYSTEMPATH/Router/RouteCollection.php(1026): trigger_error('Passing lowercase HTTP method "get" is deprecated. Use uppercase HTTP method like "GET".', 16384)
 2 APPPATH/Config/Routes.php(146): CodeIgniter\Router\RouteCollection->match([...], 'mesociclos/nuevo', 'GimnasioMesociclos::nuevo')
 3 SYSTEMPATH/Router/RouteCollection.php(799): CodeIgniter\Router\RouteCollection::{closure}(Object(CodeIgniter\Router\RouteCollection))
 4 APPPATH/Config/Routes.php(144): CodeIgniter\Router\RouteCollection->group('gimnasio', [...], Object(Closure))
 5 SYSTEMPATH/Router/RouteCollection.php(339): require('/Applications/ServBay/www/trackbitos/app/Config/Routes.php')
 6 SYSTEMPATH/CodeIgniter.php(821): CodeIgniter\Router\RouteCollection->loadRoutes()
 7 SYSTEMPATH/CodeIgniter.php(455): CodeIgniter\CodeIgniter->tryToRouteIt(null)
 8 SYSTEMPATH/CodeIgniter.php(354): CodeIgniter\CodeIgniter->handleRequest(null, Object(Config\Cache), false)
 9 SYSTEMPATH/Boot.php(363): CodeIgniter\CodeIgniter->run()
10 SYSTEMPATH/Boot.php(68): CodeIgniter\Boot::runCodeIgniter(Object(CodeIgniter\CodeIgniter))
11 FCPATH/index.php(59): CodeIgniter\Boot::bootWeb(Object(Config\Paths))
WARNING - 2025-09-18 15:39:29 --> [DEPRECATED] Passing lowercase HTTP method "post" is deprecated. Use uppercase HTTP method like "POST". in SYSTEMPATH/Router/RouteCollection.php on line 1026.
 1 SYSTEMPATH/Router/RouteCollection.php(1026): trigger_error('Passing lowercase HTTP method "post" is deprecated. Use uppercase HTTP method like "POST".', 16384)
 2 APPPATH/Config/Routes.php(146): CodeIgniter\Router\RouteCollection->match([...], 'mesociclos/nuevo', 'GimnasioMesociclos::nuevo')
 3 SYSTEMPATH/Router/RouteCollection.php(799): CodeIgniter\Router\RouteCollection::{closure}(Object(CodeIgniter\Router\RouteCollection))
 4 APPPATH/Config/Routes.php(144): CodeIgniter\Router\RouteCollection->group('gimnasio', [...], Object(Closure))
 5 SYSTEMPATH/Router/RouteCollection.php(339): require('/Applications/ServBay/www/trackbitos/app/Config/Routes.php')
 6 SYSTEMPATH/CodeIgniter.php(821): CodeIgniter\Router\RouteCollection->loadRoutes()
 7 SYSTEMPATH/CodeIgniter.php(455): CodeIgniter\CodeIgniter->tryToRouteIt(null)
 8 SYSTEMPATH/CodeIgniter.php(354): CodeIgniter\CodeIgniter->handleRequest(null, Object(Config\Cache), false)
 9 SYSTEMPATH/Boot.php(363): CodeIgniter\CodeIgniter->run()
10 SYSTEMPATH/Boot.php(68): CodeIgniter\Boot::runCodeIgniter(Object(CodeIgniter\CodeIgniter))
11 FCPATH/index.php(59): CodeIgniter\Boot::bootWeb(Object(Config\Paths))
WARNING - 2025-09-18 15:39:29 --> [DEPRECATED] Passing lowercase HTTP method "get" is deprecated. Use uppercase HTTP method like "GET". in SYSTEMPATH/Router/RouteCollection.php on line 1026.
 1 SYSTEMPATH/Router/RouteCollection.php(1026): trigger_error('Passing lowercase HTTP method "get" is deprecated. Use uppercase HTTP method like "GET".', 16384)
 2 APPPATH/Config/Routes.php(148): CodeIgniter\Router\RouteCollection->match([...], 'mesociclos/(:num)/bloque/nuevo', 'GimnasioMesociclos::bloqueNuevo/$1')
 3 SYSTEMPATH/Router/RouteCollection.php(799): CodeIgniter\Router\RouteCollection::{closure}(Object(CodeIgniter\Router\RouteCollection))
 4 APPPATH/Config/Routes.php(144): CodeIgniter\Router\RouteCollection->group('gimnasio', [...], Object(Closure))
 5 SYSTEMPATH/Router/RouteCollection.php(339): require('/Applications/ServBay/www/trackbitos/app/Config/Routes.php')
 6 SYSTEMPATH/CodeIgniter.php(821): CodeIgniter\Router\RouteCollection->loadRoutes()
 7 SYSTEMPATH/CodeIgniter.php(455): CodeIgniter\CodeIgniter->tryToRouteIt(null)
 8 SYSTEMPATH/CodeIgniter.php(354): CodeIgniter\CodeIgniter->handleRequest(null, Object(Config\Cache), false)
 9 SYSTEMPATH/Boot.php(363): CodeIgniter\CodeIgniter->run()
10 SYSTEMPATH/Boot.php(68): CodeIgniter\Boot::runCodeIgniter(Object(CodeIgniter\CodeIgniter))
11 FCPATH/index.php(59): CodeIgniter\Boot::bootWeb(Object(Config\Paths))
WARNING - 2025-09-18 15:39:29 --> [DEPRECATED] Passing lowercase HTTP method "post" is deprecated. Use uppercase HTTP method like "POST". in SYSTEMPATH/Router/RouteCollection.php on line 1026.
 1 SYSTEMPATH/Router/RouteCollection.php(1026): trigger_error('Passing lowercase HTTP method "post" is deprecated. Use uppercase HTTP method like "POST".', 16384)
 2 APPPATH/Config/Routes.php(148): CodeIgniter\Router\RouteCollection->match([...], 'mesociclos/(:num)/bloque/nuevo', 'GimnasioMesociclos::bloqueNuevo/$1')
 3 SYSTEMPATH/Router/RouteCollection.php(799): CodeIgniter\Router\RouteCollection::{closure}(Object(CodeIgniter\Router\RouteCollection))
 4 APPPATH/Config/Routes.php(144): CodeIgniter\Router\RouteCollection->group('gimnasio', [...], Object(Closure))
 5 SYSTEMPATH/Router/RouteCollection.php(339): require('/Applications/ServBay/www/trackbitos/app/Config/Routes.php')
 6 SYSTEMPATH/CodeIgniter.php(821): CodeIgniter\Router\RouteCollection->loadRoutes()
 7 SYSTEMPATH/CodeIgniter.php(455): CodeIgniter\CodeIgniter->tryToRouteIt(null)
 8 SYSTEMPATH/CodeIgniter.php(354): CodeIgniter\CodeIgniter->handleRequest(null, Object(Config\Cache), false)
 9 SYSTEMPATH/Boot.php(363): CodeIgniter\CodeIgniter->run()
10 SYSTEMPATH/Boot.php(68): CodeIgniter\Boot::runCodeIgniter(Object(CodeIgniter\CodeIgniter))
11 FCPATH/index.php(59): CodeIgniter\Boot::bootWeb(Object(Config\Paths))
WARNING - 2025-09-18 15:39:29 --> [DEPRECATED] Passing lowercase HTTP method "get" is deprecated. Use uppercase HTTP method like "GET". in SYSTEMPATH/Router/RouteCollection.php on line 1026.
 1 SYSTEMPATH/Router/RouteCollection.php(1026): trigger_error('Passing lowercase HTTP method "get" is deprecated. Use uppercase HTTP method like "GET".', 16384)
 2 APPPATH/Config/Routes.php(150): CodeIgniter\Router\RouteCollection->match([...], 'mesociclos/(:num)/asignar/(:num)', 'GimnasioMesociclos::asignar/$1/$2')
 3 SYSTEMPATH/Router/RouteCollection.php(799): CodeIgniter\Router\RouteCollection::{closure}(Object(CodeIgniter\Router\RouteCollection))
 4 APPPATH/Config/Routes.php(144): CodeIgniter\Router\RouteCollection->group('gimnasio', [...], Object(Closure))
 5 SYSTEMPATH/Router/RouteCollection.php(339): require('/Applications/ServBay/www/trackbitos/app/Config/Routes.php')
 6 SYSTEMPATH/CodeIgniter.php(821): CodeIgniter\Router\RouteCollection->loadRoutes()
 7 SYSTEMPATH/CodeIgniter.php(455): CodeIgniter\CodeIgniter->tryToRouteIt(null)
 8 SYSTEMPATH/CodeIgniter.php(354): CodeIgniter\CodeIgniter->handleRequest(null, Object(Config\Cache), false)
 9 SYSTEMPATH/Boot.php(363): CodeIgniter\CodeIgniter->run()
10 SYSTEMPATH/Boot.php(68): CodeIgniter\Boot::runCodeIgniter(Object(CodeIgniter\CodeIgniter))
11 FCPATH/index.php(59): CodeIgniter\Boot::bootWeb(Object(Config\Paths))
WARNING - 2025-09-18 15:39:29 --> [DEPRECATED] Passing lowercase HTTP method "post" is deprecated. Use uppercase HTTP method like "POST". in SYSTEMPATH/Router/RouteCollection.php on line 1026.
 1 SYSTEMPATH/Router/RouteCollection.php(1026): trigger_error('Passing lowercase HTTP method "post" is deprecated. Use uppercase HTTP method like "POST".', 16384)
 2 APPPATH/Config/Routes.php(150): CodeIgniter\Router\RouteCollection->match([...], 'mesociclos/(:num)/asignar/(:num)', 'GimnasioMesociclos::asignar/$1/$2')
 3 SYSTEMPATH/Router/RouteCollection.php(799): CodeIgniter\Router\RouteCollection::{closure}(Object(CodeIgniter\Router\RouteCollection))
 4 APPPATH/Config/Routes.php(144): CodeIgniter\Router\RouteCollection->group('gimnasio', [...], Object(Closure))
 5 SYSTEMPATH/Router/RouteCollection.php(339): require('/Applications/ServBay/www/trackbitos/app/Config/Routes.php')
 6 SYSTEMPATH/CodeIgniter.php(821): CodeIgniter\Router\RouteCollection->loadRoutes()
 7 SYSTEMPATH/CodeIgniter.php(455): CodeIgniter\CodeIgniter->tryToRouteIt(null)
 8 SYSTEMPATH/CodeIgniter.php(354): CodeIgniter\CodeIgniter->handleRequest(null, Object(Config\Cache), false)
 9 SYSTEMPATH/Boot.php(363): CodeIgniter\CodeIgniter->run()
10 SYSTEMPATH/Boot.php(68): CodeIgniter\Boot::runCodeIgniter(Object(CodeIgniter\CodeIgniter))
11 FCPATH/index.php(59): CodeIgniter\Boot::bootWeb(Object(Config\Paths))
WARNING - 2025-09-18 15:39:29 --> [DEPRECATED] Passing lowercase HTTP method "get" is deprecated. Use uppercase HTTP method like "GET". in SYSTEMPATH/Router/RouteCollection.php on line 1026.
 1 SYSTEMPATH/Router/RouteCollection.php(1026): trigger_error('Passing lowercase HTTP method "get" is deprecated. Use uppercase HTTP method like "GET".', 16384)
 2 APPPATH/Config/Routes.php(153): CodeIgniter\Router\RouteCollection->match([...], 'mesociclos/(:num)/generar', 'GimnasioMesociclos::generar/$1')
 3 SYSTEMPATH/Router/RouteCollection.php(799): CodeIgniter\Router\RouteCollection::{closure}(Object(CodeIgniter\Router\RouteCollection))
 4 APPPATH/Config/Routes.php(144): CodeIgniter\Router\RouteCollection->group('gimnasio', [...], Object(Closure))
 5 SYSTEMPATH/Router/RouteCollection.php(339): require('/Applications/ServBay/www/trackbitos/app/Config/Routes.php')
 6 SYSTEMPATH/CodeIgniter.php(821): CodeIgniter\Router\RouteCollection->loadRoutes()
 7 SYSTEMPATH/CodeIgniter.php(455): CodeIgniter\CodeIgniter->tryToRouteIt(null)
 8 SYSTEMPATH/CodeIgniter.php(354): CodeIgniter\CodeIgniter->handleRequest(null, Object(Config\Cache), false)
 9 SYSTEMPATH/Boot.php(363): CodeIgniter\CodeIgniter->run()
10 SYSTEMPATH/Boot.php(68): CodeIgniter\Boot::runCodeIgniter(Object(CodeIgniter\CodeIgniter))
11 FCPATH/index.php(59): CodeIgniter\Boot::bootWeb(Object(Config\Paths))
WARNING - 2025-09-18 15:39:29 --> [DEPRECATED] Passing lowercase HTTP method "post" is deprecated. Use uppercase HTTP method like "POST". in SYSTEMPATH/Router/RouteCollection.php on line 1026.
 1 SYSTEMPATH/Router/RouteCollection.php(1026): trigger_error('Passing lowercase HTTP method "post" is deprecated. Use uppercase HTTP method like "POST".', 16384)
 2 APPPATH/Config/Routes.php(153): CodeIgniter\Router\RouteCollection->match([...], 'mesociclos/(:num)/generar', 'GimnasioMesociclos::generar/$1')
 3 SYSTEMPATH/Router/RouteCollection.php(799): CodeIgniter\Router\RouteCollection::{closure}(Object(CodeIgniter\Router\RouteCollection))
 4 APPPATH/Config/Routes.php(144): CodeIgniter\Router\RouteCollection->group('gimnasio', [...], Object(Closure))
 5 SYSTEMPATH/Router/RouteCollection.php(339): require('/Applications/ServBay/www/trackbitos/app/Config/Routes.php')
 6 SYSTEMPATH/CodeIgniter.php(821): CodeIgniter\Router\RouteCollection->loadRoutes()
 7 SYSTEMPATH/CodeIgniter.php(455): CodeIgniter\CodeIgniter->tryToRouteIt(null)
 8 SYSTEMPATH/CodeIgniter.php(354): CodeIgniter\CodeIgniter->handleRequest(null, Object(Config\Cache), false)
 9 SYSTEMPATH/Boot.php(363): CodeIgniter\CodeIgniter->run()
10 SYSTEMPATH/Boot.php(68): CodeIgniter\Boot::runCodeIgniter(Object(CodeIgniter\CodeIgniter))
11 FCPATH/index.php(59): CodeIgniter\Boot::bootWeb(Object(Config\Paths))
WARNING - 2025-09-18 15:39:29 --> [DEPRECATED] Passing lowercase HTTP method "get" is deprecated. Use uppercase HTTP method like "GET". in SYSTEMPATH/Router/RouteCollection.php on line 1026.
 1 SYSTEMPATH/Router/RouteCollection.php(1026): trigger_error('Passing lowercase HTTP method "get" is deprecated. Use uppercase HTTP method like "GET".', 16384)
 2 APPPATH/Config/Routes.php(161): CodeIgniter\Router\RouteCollection->match([...], 'mesociclos/(:num)/generar/bilbo', 'GimnasioMesociclos::generarBilbo/$1')
 3 SYSTEMPATH/Router/RouteCollection.php(799): CodeIgniter\Router\RouteCollection::{closure}(Object(CodeIgniter\Router\RouteCollection))
 4 APPPATH/Config/Routes.php(144): CodeIgniter\Router\RouteCollection->group('gimnasio', [...], Object(Closure))
 5 SYSTEMPATH/Router/RouteCollection.php(339): require('/Applications/ServBay/www/trackbitos/app/Config/Routes.php')
 6 SYSTEMPATH/CodeIgniter.php(821): CodeIgniter\Router\RouteCollection->loadRoutes()
 7 SYSTEMPATH/CodeIgniter.php(455): CodeIgniter\CodeIgniter->tryToRouteIt(null)
 8 SYSTEMPATH/CodeIgniter.php(354): CodeIgniter\CodeIgniter->handleRequest(null, Object(Config\Cache), false)
 9 SYSTEMPATH/Boot.php(363): CodeIgniter\CodeIgniter->run()
10 SYSTEMPATH/Boot.php(68): CodeIgniter\Boot::runCodeIgniter(Object(CodeIgniter\CodeIgniter))
11 FCPATH/index.php(59): CodeIgniter\Boot::bootWeb(Object(Config\Paths))
WARNING - 2025-09-18 15:39:29 --> [DEPRECATED] Passing lowercase HTTP method "post" is deprecated. Use uppercase HTTP method like "POST". in SYSTEMPATH/Router/RouteCollection.php on line 1026.
 1 SYSTEMPATH/Router/RouteCollection.php(1026): trigger_error('Passing lowercase HTTP method "post" is deprecated. Use uppercase HTTP method like "POST".', 16384)
 2 APPPATH/Config/Routes.php(161): CodeIgniter\Router\RouteCollection->match([...], 'mesociclos/(:num)/generar/bilbo', 'GimnasioMesociclos::generarBilbo/$1')
 3 SYSTEMPATH/Router/RouteCollection.php(799): CodeIgniter\Router\RouteCollection::{closure}(Object(CodeIgniter\Router\RouteCollection))
 4 APPPATH/Config/Routes.php(144): CodeIgniter\Router\RouteCollection->group('gimnasio', [...], Object(Closure))
 5 SYSTEMPATH/Router/RouteCollection.php(339): require('/Applications/ServBay/www/trackbitos/app/Config/Routes.php')
 6 SYSTEMPATH/CodeIgniter.php(821): CodeIgniter\Router\RouteCollection->loadRoutes()
 7 SYSTEMPATH/CodeIgniter.php(455): CodeIgniter\CodeIgniter->tryToRouteIt(null)
 8 SYSTEMPATH/CodeIgniter.php(354): CodeIgniter\CodeIgniter->handleRequest(null, Object(Config\Cache), false)
 9 SYSTEMPATH/Boot.php(363): CodeIgniter\CodeIgniter->run()
10 SYSTEMPATH/Boot.php(68): CodeIgniter\Boot::runCodeIgniter(Object(CodeIgniter\CodeIgniter))
11 FCPATH/index.php(59): CodeIgniter\Boot::bootWeb(Object(Config\Paths))
WARNING - 2025-09-18 15:39:29 --> [DEPRECATED] Passing lowercase HTTP method "get" is deprecated. Use uppercase HTTP method like "GET". in SYSTEMPATH/Router/RouteCollection.php on line 1026.
 1 SYSTEMPATH/Router/RouteCollection.php(1026): trigger_error('Passing lowercase HTTP method "get" is deprecated. Use uppercase HTTP method like "GET".', 16384)
 2 APPPATH/Config/Routes.php(261): CodeIgniter\Router\RouteCollection->match([...], 'crear', 'Youtube::crearLista')
 3 SYSTEMPATH/Router/RouteCollection.php(799): CodeIgniter\Router\RouteCollection::{closure}(Object(CodeIgniter\Router\RouteCollection))
 4 APPPATH/Config/Routes.php(259): CodeIgniter\Router\RouteCollection->group('youtube', [...], Object(Closure))
 5 SYSTEMPATH/Router/RouteCollection.php(339): require('/Applications/ServBay/www/trackbitos/app/Config/Routes.php')
 6 SYSTEMPATH/CodeIgniter.php(821): CodeIgniter\Router\RouteCollection->loadRoutes()
 7 SYSTEMPATH/CodeIgniter.php(455): CodeIgniter\CodeIgniter->tryToRouteIt(null)
 8 SYSTEMPATH/CodeIgniter.php(354): CodeIgniter\CodeIgniter->handleRequest(null, Object(Config\Cache), false)
 9 SYSTEMPATH/Boot.php(363): CodeIgniter\CodeIgniter->run()
10 SYSTEMPATH/Boot.php(68): CodeIgniter\Boot::runCodeIgniter(Object(CodeIgniter\CodeIgniter))
11 FCPATH/index.php(59): CodeIgniter\Boot::bootWeb(Object(Config\Paths))
WARNING - 2025-09-18 15:39:29 --> [DEPRECATED] Passing lowercase HTTP method "post" is deprecated. Use uppercase HTTP method like "POST". in SYSTEMPATH/Router/RouteCollection.php on line 1026.
 1 SYSTEMPATH/Router/RouteCollection.php(1026): trigger_error('Passing lowercase HTTP method "post" is deprecated. Use uppercase HTTP method like "POST".', 16384)
 2 APPPATH/Config/Routes.php(261): CodeIgniter\Router\RouteCollection->match([...], 'crear', 'Youtube::crearLista')
 3 SYSTEMPATH/Router/RouteCollection.php(799): CodeIgniter\Router\RouteCollection::{closure}(Object(CodeIgniter\Router\RouteCollection))
 4 APPPATH/Config/Routes.php(259): CodeIgniter\Router\RouteCollection->group('youtube', [...], Object(Closure))
 5 SYSTEMPATH/Router/RouteCollection.php(339): require('/Applications/ServBay/www/trackbitos/app/Config/Routes.php')
 6 SYSTEMPATH/CodeIgniter.php(821): CodeIgniter\Router\RouteCollection->loadRoutes()
 7 SYSTEMPATH/CodeIgniter.php(455): CodeIgniter\CodeIgniter->tryToRouteIt(null)
 8 SYSTEMPATH/CodeIgniter.php(354): CodeIgniter\CodeIgniter->handleRequest(null, Object(Config\Cache), false)
 9 SYSTEMPATH/Boot.php(363): CodeIgniter\CodeIgniter->run()
10 SYSTEMPATH/Boot.php(68): CodeIgniter\Boot::runCodeIgniter(Object(CodeIgniter\CodeIgniter))
11 FCPATH/index.php(59): CodeIgniter\Boot::bootWeb(Object(Config\Paths))
DEBUG - 2025-09-18 15:39:29 --> Session: Class initialized using 'CodeIgniter\Session\Handlers\FileHandler' driver.
WARNING - 2025-09-18 15:39:32 --> [DEPRECATED] Passing lowercase HTTP method "get" is deprecated. Use uppercase HTTP method like "GET". in SYSTEMPATH/Router/RouteCollection.php on line 1026.
 1 SYSTEMPATH/Router/RouteCollection.php(1026): trigger_error('Passing lowercase HTTP method "get" is deprecated. Use uppercase HTTP method like "GET".', 16384)
 2 APPPATH/Config/Routes.php(146): CodeIgniter\Router\RouteCollection->match([...], 'mesociclos/nuevo', 'GimnasioMesociclos::nuevo')
 3 SYSTEMPATH/Router/RouteCollection.php(799): CodeIgniter\Router\RouteCollection::{closure}(Object(CodeIgniter\Router\RouteCollection))
 4 APPPATH/Config/Routes.php(144): CodeIgniter\Router\RouteCollection->group('gimnasio', [...], Object(Closure))
 5 SYSTEMPATH/Router/RouteCollection.php(339): require('/Applications/ServBay/www/trackbitos/app/Config/Routes.php')
 6 SYSTEMPATH/CodeIgniter.php(821): CodeIgniter\Router\RouteCollection->loadRoutes()
 7 SYSTEMPATH/CodeIgniter.php(455): CodeIgniter\CodeIgniter->tryToRouteIt(null)
 8 SYSTEMPATH/CodeIgniter.php(354): CodeIgniter\CodeIgniter->handleRequest(null, Object(Config\Cache), false)
 9 SYSTEMPATH/Boot.php(363): CodeIgniter\CodeIgniter->run()
10 SYSTEMPATH/Boot.php(68): CodeIgniter\Boot::runCodeIgniter(Object(CodeIgniter\CodeIgniter))
11 FCPATH/index.php(59): CodeIgniter\Boot::bootWeb(Object(Config\Paths))
WARNING - 2025-09-18 15:39:32 --> [DEPRECATED] Passing lowercase HTTP method "post" is deprecated. Use uppercase HTTP method like "POST". in SYSTEMPATH/Router/RouteCollection.php on line 1026.
 1 SYSTEMPATH/Router/RouteCollection.php(1026): trigger_error('Passing lowercase HTTP method "post" is deprecated. Use uppercase HTTP method like "POST".', 16384)
 2 APPPATH/Config/Routes.php(146): CodeIgniter\Router\RouteCollection->match([...], 'mesociclos/nuevo', 'GimnasioMesociclos::nuevo')
 3 SYSTEMPATH/Router/RouteCollection.php(799): CodeIgniter\Router\RouteCollection::{closure}(Object(CodeIgniter\Router\RouteCollection))
 4 APPPATH/Config/Routes.php(144): CodeIgniter\Router\RouteCollection->group('gimnasio', [...], Object(Closure))
 5 SYSTEMPATH/Router/RouteCollection.php(339): require('/Applications/ServBay/www/trackbitos/app/Config/Routes.php')
 6 SYSTEMPATH/CodeIgniter.php(821): CodeIgniter\Router\RouteCollection->loadRoutes()
 7 SYSTEMPATH/CodeIgniter.php(455): CodeIgniter\CodeIgniter->tryToRouteIt(null)
 8 SYSTEMPATH/CodeIgniter.php(354): CodeIgniter\CodeIgniter->handleRequest(null, Object(Config\Cache), false)
 9 SYSTEMPATH/Boot.php(363): CodeIgniter\CodeIgniter->run()
10 SYSTEMPATH/Boot.php(68): CodeIgniter\Boot::runCodeIgniter(Object(CodeIgniter\CodeIgniter))
11 FCPATH/index.php(59): CodeIgniter\Boot::bootWeb(Object(Config\Paths))
WARNING - 2025-09-18 15:39:32 --> [DEPRECATED] Passing lowercase HTTP method "get" is deprecated. Use uppercase HTTP method like "GET". in SYSTEMPATH/Router/RouteCollection.php on line 1026.
 1 SYSTEMPATH/Router/RouteCollection.php(1026): trigger_error('Passing lowercase HTTP method "get" is deprecated. Use uppercase HTTP method like "GET".', 16384)
 2 APPPATH/Config/Routes.php(148): CodeIgniter\Router\RouteCollection->match([...], 'mesociclos/(:num)/bloque/nuevo', 'GimnasioMesociclos::bloqueNuevo/$1')
 3 SYSTEMPATH/Router/RouteCollection.php(799): CodeIgniter\Router\RouteCollection::{closure}(Object(CodeIgniter\Router\RouteCollection))
 4 APPPATH/Config/Routes.php(144): CodeIgniter\Router\RouteCollection->group('gimnasio', [...], Object(Closure))
 5 SYSTEMPATH/Router/RouteCollection.php(339): require('/Applications/ServBay/www/trackbitos/app/Config/Routes.php')
 6 SYSTEMPATH/CodeIgniter.php(821): CodeIgniter\Router\RouteCollection->loadRoutes()
 7 SYSTEMPATH/CodeIgniter.php(455): CodeIgniter\CodeIgniter->tryToRouteIt(null)
 8 SYSTEMPATH/CodeIgniter.php(354): CodeIgniter\CodeIgniter->handleRequest(null, Object(Config\Cache), false)
 9 SYSTEMPATH/Boot.php(363): CodeIgniter\CodeIgniter->run()
10 SYSTEMPATH/Boot.php(68): CodeIgniter\Boot::runCodeIgniter(Object(CodeIgniter\CodeIgniter))
11 FCPATH/index.php(59): CodeIgniter\Boot::bootWeb(Object(Config\Paths))
WARNING - 2025-09-18 15:39:32 --> [DEPRECATED] Passing lowercase HTTP method "post" is deprecated. Use uppercase HTTP method like "POST". in SYSTEMPATH/Router/RouteCollection.php on line 1026.
 1 SYSTEMPATH/Router/RouteCollection.php(1026): trigger_error('Passing lowercase HTTP method "post" is deprecated. Use uppercase HTTP method like "POST".', 16384)
 2 APPPATH/Config/Routes.php(148): CodeIgniter\Router\RouteCollection->match([...], 'mesociclos/(:num)/bloque/nuevo', 'GimnasioMesociclos::bloqueNuevo/$1')
 3 SYSTEMPATH/Router/RouteCollection.php(799): CodeIgniter\Router\RouteCollection::{closure}(Object(CodeIgniter\Router\RouteCollection))
 4 APPPATH/Config/Routes.php(144): CodeIgniter\Router\RouteCollection->group('gimnasio', [...], Object(Closure))
 5 SYSTEMPATH/Router/RouteCollection.php(339): require('/Applications/ServBay/www/trackbitos/app/Config/Routes.php')
 6 SYSTEMPATH/CodeIgniter.php(821): CodeIgniter\Router\RouteCollection->loadRoutes()
 7 SYSTEMPATH/CodeIgniter.php(455): CodeIgniter\CodeIgniter->tryToRouteIt(null)
 8 SYSTEMPATH/CodeIgniter.php(354): CodeIgniter\CodeIgniter->handleRequest(null, Object(Config\Cache), false)
 9 SYSTEMPATH/Boot.php(363): CodeIgniter\CodeIgniter->run()
10 SYSTEMPATH/Boot.php(68): CodeIgniter\Boot::runCodeIgniter(Object(CodeIgniter\CodeIgniter))
11 FCPATH/index.php(59): CodeIgniter\Boot::bootWeb(Object(Config\Paths))
WARNING - 2025-09-18 15:39:32 --> [DEPRECATED] Passing lowercase HTTP method "get" is deprecated. Use uppercase HTTP method like "GET". in SYSTEMPATH/Router/RouteCollection.php on line 1026.
 1 SYSTEMPATH/Router/RouteCollection.php(1026): trigger_error('Passing lowercase HTTP method "get" is deprecated. Use uppercase HTTP method like "GET".', 16384)
 2 APPPATH/Config/Routes.php(150): CodeIgniter\Router\RouteCollection->match([...], 'mesociclos/(:num)/asignar/(:num)', 'GimnasioMesociclos::asignar/$1/$2')
 3 SYSTEMPATH/Router/RouteCollection.php(799): CodeIgniter\Router\RouteCollection::{closure}(Object(CodeIgniter\Router\RouteCollection))
 4 APPPATH/Config/Routes.php(144): CodeIgniter\Router\RouteCollection->group('gimnasio', [...], Object(Closure))
 5 SYSTEMPATH/Router/RouteCollection.php(339): require('/Applications/ServBay/www/trackbitos/app/Config/Routes.php')
 6 SYSTEMPATH/CodeIgniter.php(821): CodeIgniter\Router\RouteCollection->loadRoutes()
 7 SYSTEMPATH/CodeIgniter.php(455): CodeIgniter\CodeIgniter->tryToRouteIt(null)
 8 SYSTEMPATH/CodeIgniter.php(354): CodeIgniter\CodeIgniter->handleRequest(null, Object(Config\Cache), false)
 9 SYSTEMPATH/Boot.php(363): CodeIgniter\CodeIgniter->run()
10 SYSTEMPATH/Boot.php(68): CodeIgniter\Boot::runCodeIgniter(Object(CodeIgniter\CodeIgniter))
11 FCPATH/index.php(59): CodeIgniter\Boot::bootWeb(Object(Config\Paths))
WARNING - 2025-09-18 15:39:32 --> [DEPRECATED] Passing lowercase HTTP method "post" is deprecated. Use uppercase HTTP method like "POST". in SYSTEMPATH/Router/RouteCollection.php on line 1026.
 1 SYSTEMPATH/Router/RouteCollection.php(1026): trigger_error('Passing lowercase HTTP method "post" is deprecated. Use uppercase HTTP method like "POST".', 16384)
 2 APPPATH/Config/Routes.php(150): CodeIgniter\Router\RouteCollection->match([...], 'mesociclos/(:num)/asignar/(:num)', 'GimnasioMesociclos::asignar/$1/$2')
 3 SYSTEMPATH/Router/RouteCollection.php(799): CodeIgniter\Router\RouteCollection::{closure}(Object(CodeIgniter\Router\RouteCollection))
 4 APPPATH/Config/Routes.php(144): CodeIgniter\Router\RouteCollection->group('gimnasio', [...], Object(Closure))
 5 SYSTEMPATH/Router/RouteCollection.php(339): require('/Applications/ServBay/www/trackbitos/app/Config/Routes.php')
 6 SYSTEMPATH/CodeIgniter.php(821): CodeIgniter\Router\RouteCollection->loadRoutes()
 7 SYSTEMPATH/CodeIgniter.php(455): CodeIgniter\CodeIgniter->tryToRouteIt(null)
 8 SYSTEMPATH/CodeIgniter.php(354): CodeIgniter\CodeIgniter->handleRequest(null, Object(Config\Cache), false)
 9 SYSTEMPATH/Boot.php(363): CodeIgniter\CodeIgniter->run()
10 SYSTEMPATH/Boot.php(68): CodeIgniter\Boot::runCodeIgniter(Object(CodeIgniter\CodeIgniter))
11 FCPATH/index.php(59): CodeIgniter\Boot::bootWeb(Object(Config\Paths))
WARNING - 2025-09-18 15:39:32 --> [DEPRECATED] Passing lowercase HTTP method "get" is deprecated. Use uppercase HTTP method like "GET". in SYSTEMPATH/Router/RouteCollection.php on line 1026.
 1 SYSTEMPATH/Router/RouteCollection.php(1026): trigger_error('Passing lowercase HTTP method "get" is deprecated. Use uppercase HTTP method like "GET".', 16384)
 2 APPPATH/Config/Routes.php(153): CodeIgniter\Router\RouteCollection->match([...], 'mesociclos/(:num)/generar', 'GimnasioMesociclos::generar/$1')
 3 SYSTEMPATH/Router/RouteCollection.php(799): CodeIgniter\Router\RouteCollection::{closure}(Object(CodeIgniter\Router\RouteCollection))
 4 APPPATH/Config/Routes.php(144): CodeIgniter\Router\RouteCollection->group('gimnasio', [...], Object(Closure))
 5 SYSTEMPATH/Router/RouteCollection.php(339): require('/Applications/ServBay/www/trackbitos/app/Config/Routes.php')
 6 SYSTEMPATH/CodeIgniter.php(821): CodeIgniter\Router\RouteCollection->loadRoutes()
 7 SYSTEMPATH/CodeIgniter.php(455): CodeIgniter\CodeIgniter->tryToRouteIt(null)
 8 SYSTEMPATH/CodeIgniter.php(354): CodeIgniter\CodeIgniter->handleRequest(null, Object(Config\Cache), false)
 9 SYSTEMPATH/Boot.php(363): CodeIgniter\CodeIgniter->run()
10 SYSTEMPATH/Boot.php(68): CodeIgniter\Boot::runCodeIgniter(Object(CodeIgniter\CodeIgniter))
11 FCPATH/index.php(59): CodeIgniter\Boot::bootWeb(Object(Config\Paths))
WARNING - 2025-09-18 15:39:32 --> [DEPRECATED] Passing lowercase HTTP method "post" is deprecated. Use uppercase HTTP method like "POST". in SYSTEMPATH/Router/RouteCollection.php on line 1026.
 1 SYSTEMPATH/Router/RouteCollection.php(1026): trigger_error('Passing lowercase HTTP method "post" is deprecated. Use uppercase HTTP method like "POST".', 16384)
 2 APPPATH/Config/Routes.php(153): CodeIgniter\Router\RouteCollection->match([...], 'mesociclos/(:num)/generar', 'GimnasioMesociclos::generar/$1')
 3 SYSTEMPATH/Router/RouteCollection.php(799): CodeIgniter\Router\RouteCollection::{closure}(Object(CodeIgniter\Router\RouteCollection))
 4 APPPATH/Config/Routes.php(144): CodeIgniter\Router\RouteCollection->group('gimnasio', [...], Object(Closure))
 5 SYSTEMPATH/Router/RouteCollection.php(339): require('/Applications/ServBay/www/trackbitos/app/Config/Routes.php')
 6 SYSTEMPATH/CodeIgniter.php(821): CodeIgniter\Router\RouteCollection->loadRoutes()
 7 SYSTEMPATH/CodeIgniter.php(455): CodeIgniter\CodeIgniter->tryToRouteIt(null)
 8 SYSTEMPATH/CodeIgniter.php(354): CodeIgniter\CodeIgniter->handleRequest(null, Object(Config\Cache), false)
 9 SYSTEMPATH/Boot.php(363): CodeIgniter\CodeIgniter->run()
10 SYSTEMPATH/Boot.php(68): CodeIgniter\Boot::runCodeIgniter(Object(CodeIgniter\CodeIgniter))
11 FCPATH/index.php(59): CodeIgniter\Boot::bootWeb(Object(Config\Paths))
WARNING - 2025-09-18 15:39:32 --> [DEPRECATED] Passing lowercase HTTP method "get" is deprecated. Use uppercase HTTP method like "GET". in SYSTEMPATH/Router/RouteCollection.php on line 1026.
 1 SYSTEMPATH/Router/RouteCollection.php(1026): trigger_error('Passing lowercase HTTP method "get" is deprecated. Use uppercase HTTP method like "GET".', 16384)
 2 APPPATH/Config/Routes.php(161): CodeIgniter\Router\RouteCollection->match([...], 'mesociclos/(:num)/generar/bilbo', 'GimnasioMesociclos::generarBilbo/$1')
 3 SYSTEMPATH/Router/RouteCollection.php(799): CodeIgniter\Router\RouteCollection::{closure}(Object(CodeIgniter\Router\RouteCollection))
 4 APPPATH/Config/Routes.php(144): CodeIgniter\Router\RouteCollection->group('gimnasio', [...], Object(Closure))
 5 SYSTEMPATH/Router/RouteCollection.php(339): require('/Applications/ServBay/www/trackbitos/app/Config/Routes.php')
 6 SYSTEMPATH/CodeIgniter.php(821): CodeIgniter\Router\RouteCollection->loadRoutes()
 7 SYSTEMPATH/CodeIgniter.php(455): CodeIgniter\CodeIgniter->tryToRouteIt(null)
 8 SYSTEMPATH/CodeIgniter.php(354): CodeIgniter\CodeIgniter->handleRequest(null, Object(Config\Cache), false)
 9 SYSTEMPATH/Boot.php(363): CodeIgniter\CodeIgniter->run()
10 SYSTEMPATH/Boot.php(68): CodeIgniter\Boot::runCodeIgniter(Object(CodeIgniter\CodeIgniter))
11 FCPATH/index.php(59): CodeIgniter\Boot::bootWeb(Object(Config\Paths))
WARNING - 2025-09-18 15:39:32 --> [DEPRECATED] Passing lowercase HTTP method "post" is deprecated. Use uppercase HTTP method like "POST". in SYSTEMPATH/Router/RouteCollection.php on line 1026.
 1 SYSTEMPATH/Router/RouteCollection.php(1026): trigger_error('Passing lowercase HTTP method "post" is deprecated. Use uppercase HTTP method like "POST".', 16384)
 2 APPPATH/Config/Routes.php(161): CodeIgniter\Router\RouteCollection->match([...], 'mesociclos/(:num)/generar/bilbo', 'GimnasioMesociclos::generarBilbo/$1')
 3 SYSTEMPATH/Router/RouteCollection.php(799): CodeIgniter\Router\RouteCollection::{closure}(Object(CodeIgniter\Router\RouteCollection))
 4 APPPATH/Config/Routes.php(144): CodeIgniter\Router\RouteCollection->group('gimnasio', [...], Object(Closure))
 5 SYSTEMPATH/Router/RouteCollection.php(339): require('/Applications/ServBay/www/trackbitos/app/Config/Routes.php')
 6 SYSTEMPATH/CodeIgniter.php(821): CodeIgniter\Router\RouteCollection->loadRoutes()
 7 SYSTEMPATH/CodeIgniter.php(455): CodeIgniter\CodeIgniter->tryToRouteIt(null)
 8 SYSTEMPATH/CodeIgniter.php(354): CodeIgniter\CodeIgniter->handleRequest(null, Object(Config\Cache), false)
 9 SYSTEMPATH/Boot.php(363): CodeIgniter\CodeIgniter->run()
10 SYSTEMPATH/Boot.php(68): CodeIgniter\Boot::runCodeIgniter(Object(CodeIgniter\CodeIgniter))
11 FCPATH/index.php(59): CodeIgniter\Boot::bootWeb(Object(Config\Paths))
WARNING - 2025-09-18 15:39:32 --> [DEPRECATED] Passing lowercase HTTP method "get" is deprecated. Use uppercase HTTP method like "GET". in SYSTEMPATH/Router/RouteCollection.php on line 1026.
 1 SYSTEMPATH/Router/RouteCollection.php(1026): trigger_error('Passing lowercase HTTP method "get" is deprecated. Use uppercase HTTP method like "GET".', 16384)
 2 APPPATH/Config/Routes.php(261): CodeIgniter\Router\RouteCollection->match([...], 'crear', 'Youtube::crearLista')
 3 SYSTEMPATH/Router/RouteCollection.php(799): CodeIgniter\Router\RouteCollection::{closure}(Object(CodeIgniter\Router\RouteCollection))
 4 APPPATH/Config/Routes.php(259): CodeIgniter\Router\RouteCollection->group('youtube', [...], Object(Closure))
 5 SYSTEMPATH/Router/RouteCollection.php(339): require('/Applications/ServBay/www/trackbitos/app/Config/Routes.php')
 6 SYSTEMPATH/CodeIgniter.php(821): CodeIgniter\Router\RouteCollection->loadRoutes()
 7 SYSTEMPATH/CodeIgniter.php(455): CodeIgniter\CodeIgniter->tryToRouteIt(null)
 8 SYSTEMPATH/CodeIgniter.php(354): CodeIgniter\CodeIgniter->handleRequest(null, Object(Config\Cache), false)
 9 SYSTEMPATH/Boot.php(363): CodeIgniter\CodeIgniter->run()
10 SYSTEMPATH/Boot.php(68): CodeIgniter\Boot::runCodeIgniter(Object(CodeIgniter\CodeIgniter))
11 FCPATH/index.php(59): CodeIgniter\Boot::bootWeb(Object(Config\Paths))
WARNING - 2025-09-18 15:39:32 --> [DEPRECATED] Passing lowercase HTTP method "post" is deprecated. Use uppercase HTTP method like "POST". in SYSTEMPATH/Router/RouteCollection.php on line 1026.
 1 SYSTEMPATH/Router/RouteCollection.php(1026): trigger_error('Passing lowercase HTTP method "post" is deprecated. Use uppercase HTTP method like "POST".', 16384)
 2 APPPATH/Config/Routes.php(261): CodeIgniter\Router\RouteCollection->match([...], 'crear', 'Youtube::crearLista')
 3 SYSTEMPATH/Router/RouteCollection.php(799): CodeIgniter\Router\RouteCollection::{closure}(Object(CodeIgniter\Router\RouteCollection))
 4 APPPATH/Config/Routes.php(259): CodeIgniter\Router\RouteCollection->group('youtube', [...], Object(Closure))
 5 SYSTEMPATH/Router/RouteCollection.php(339): require('/Applications/ServBay/www/trackbitos/app/Config/Routes.php')
 6 SYSTEMPATH/CodeIgniter.php(821): CodeIgniter\Router\RouteCollection->loadRoutes()
 7 SYSTEMPATH/CodeIgniter.php(455): CodeIgniter\CodeIgniter->tryToRouteIt(null)
 8 SYSTEMPATH/CodeIgniter.php(354): CodeIgniter\CodeIgniter->handleRequest(null, Object(Config\Cache), false)
 9 SYSTEMPATH/Boot.php(363): CodeIgniter\CodeIgniter->run()
10 SYSTEMPATH/Boot.php(68): CodeIgniter\Boot::runCodeIgniter(Object(CodeIgniter\CodeIgniter))
11 FCPATH/index.php(59): CodeIgniter\Boot::bootWeb(Object(Config\Paths))
DEBUG - 2025-09-18 15:39:32 --> Session: Class initialized using 'CodeIgniter\Session\Handlers\FileHandler' driver.
WARNING - 2025-09-18 15:39:34 --> [DEPRECATED] Passing lowercase HTTP method "get" is deprecated. Use uppercase HTTP method like "GET". in SYSTEMPATH/Router/RouteCollection.php on line 1026.
 1 SYSTEMPATH/Router/RouteCollection.php(1026): trigger_error('Passing lowercase HTTP method "get" is deprecated. Use uppercase HTTP method like "GET".', 16384)
 2 APPPATH/Config/Routes.php(146): CodeIgniter\Router\RouteCollection->match([...], 'mesociclos/nuevo', 'GimnasioMesociclos::nuevo')
 3 SYSTEMPATH/Router/RouteCollection.php(799): CodeIgniter\Router\RouteCollection::{closure}(Object(CodeIgniter\Router\RouteCollection))
 4 APPPATH/Config/Routes.php(144): CodeIgniter\Router\RouteCollection->group('gimnasio', [...], Object(Closure))
 5 SYSTEMPATH/Router/RouteCollection.php(339): require('/Applications/ServBay/www/trackbitos/app/Config/Routes.php')
 6 SYSTEMPATH/CodeIgniter.php(821): CodeIgniter\Router\RouteCollection->loadRoutes()
 7 SYSTEMPATH/CodeIgniter.php(455): CodeIgniter\CodeIgniter->tryToRouteIt(null)
 8 SYSTEMPATH/CodeIgniter.php(354): CodeIgniter\CodeIgniter->handleRequest(null, Object(Config\Cache), false)
 9 SYSTEMPATH/Boot.php(363): CodeIgniter\CodeIgniter->run()
10 SYSTEMPATH/Boot.php(68): CodeIgniter\Boot::runCodeIgniter(Object(CodeIgniter\CodeIgniter))
11 FCPATH/index.php(59): CodeIgniter\Boot::bootWeb(Object(Config\Paths))
WARNING - 2025-09-18 15:39:34 --> [DEPRECATED] Passing lowercase HTTP method "post" is deprecated. Use uppercase HTTP method like "POST". in SYSTEMPATH/Router/RouteCollection.php on line 1026.
 1 SYSTEMPATH/Router/RouteCollection.php(1026): trigger_error('Passing lowercase HTTP method "post" is deprecated. Use uppercase HTTP method like "POST".', 16384)
 2 APPPATH/Config/Routes.php(146): CodeIgniter\Router\RouteCollection->match([...], 'mesociclos/nuevo', 'GimnasioMesociclos::nuevo')
 3 SYSTEMPATH/Router/RouteCollection.php(799): CodeIgniter\Router\RouteCollection::{closure}(Object(CodeIgniter\Router\RouteCollection))
 4 APPPATH/Config/Routes.php(144): CodeIgniter\Router\RouteCollection->group('gimnasio', [...], Object(Closure))
 5 SYSTEMPATH/Router/RouteCollection.php(339): require('/Applications/ServBay/www/trackbitos/app/Config/Routes.php')
 6 SYSTEMPATH/CodeIgniter.php(821): CodeIgniter\Router\RouteCollection->loadRoutes()
 7 SYSTEMPATH/CodeIgniter.php(455): CodeIgniter\CodeIgniter->tryToRouteIt(null)
 8 SYSTEMPATH/CodeIgniter.php(354): CodeIgniter\CodeIgniter->handleRequest(null, Object(Config\Cache), false)
 9 SYSTEMPATH/Boot.php(363): CodeIgniter\CodeIgniter->run()
10 SYSTEMPATH/Boot.php(68): CodeIgniter\Boot::runCodeIgniter(Object(CodeIgniter\CodeIgniter))
11 FCPATH/index.php(59): CodeIgniter\Boot::bootWeb(Object(Config\Paths))
WARNING - 2025-09-18 15:39:34 --> [DEPRECATED] Passing lowercase HTTP method "get" is deprecated. Use uppercase HTTP method like "GET". in SYSTEMPATH/Router/RouteCollection.php on line 1026.
 1 SYSTEMPATH/Router/RouteCollection.php(1026): trigger_error('Passing lowercase HTTP method "get" is deprecated. Use uppercase HTTP method like "GET".', 16384)
 2 APPPATH/Config/Routes.php(148): CodeIgniter\Router\RouteCollection->match([...], 'mesociclos/(:num)/bloque/nuevo', 'GimnasioMesociclos::bloqueNuevo/$1')
 3 SYSTEMPATH/Router/RouteCollection.php(799): CodeIgniter\Router\RouteCollection::{closure}(Object(CodeIgniter\Router\RouteCollection))
 4 APPPATH/Config/Routes.php(144): CodeIgniter\Router\RouteCollection->group('gimnasio', [...], Object(Closure))
 5 SYSTEMPATH/Router/RouteCollection.php(339): require('/Applications/ServBay/www/trackbitos/app/Config/Routes.php')
 6 SYSTEMPATH/CodeIgniter.php(821): CodeIgniter\Router\RouteCollection->loadRoutes()
 7 SYSTEMPATH/CodeIgniter.php(455): CodeIgniter\CodeIgniter->tryToRouteIt(null)
 8 SYSTEMPATH/CodeIgniter.php(354): CodeIgniter\CodeIgniter->handleRequest(null, Object(Config\Cache), false)
 9 SYSTEMPATH/Boot.php(363): CodeIgniter\CodeIgniter->run()
10 SYSTEMPATH/Boot.php(68): CodeIgniter\Boot::runCodeIgniter(Object(CodeIgniter\CodeIgniter))
11 FCPATH/index.php(59): CodeIgniter\Boot::bootWeb(Object(Config\Paths))
WARNING - 2025-09-18 15:39:34 --> [DEPRECATED] Passing lowercase HTTP method "post" is deprecated. Use uppercase HTTP method like "POST". in SYSTEMPATH/Router/RouteCollection.php on line 1026.
 1 SYSTEMPATH/Router/RouteCollection.php(1026): trigger_error('Passing lowercase HTTP method "post" is deprecated. Use uppercase HTTP method like "POST".', 16384)
 2 APPPATH/Config/Routes.php(148): CodeIgniter\Router\RouteCollection->match([...], 'mesociclos/(:num)/bloque/nuevo', 'GimnasioMesociclos::bloqueNuevo/$1')
 3 SYSTEMPATH/Router/RouteCollection.php(799): CodeIgniter\Router\RouteCollection::{closure}(Object(CodeIgniter\Router\RouteCollection))
 4 APPPATH/Config/Routes.php(144): CodeIgniter\Router\RouteCollection->group('gimnasio', [...], Object(Closure))
 5 SYSTEMPATH/Router/RouteCollection.php(339): require('/Applications/ServBay/www/trackbitos/app/Config/Routes.php')
 6 SYSTEMPATH/CodeIgniter.php(821): CodeIgniter\Router\RouteCollection->loadRoutes()
 7 SYSTEMPATH/CodeIgniter.php(455): CodeIgniter\CodeIgniter->tryToRouteIt(null)
 8 SYSTEMPATH/CodeIgniter.php(354): CodeIgniter\CodeIgniter->handleRequest(null, Object(Config\Cache), false)
 9 SYSTEMPATH/Boot.php(363): CodeIgniter\CodeIgniter->run()
10 SYSTEMPATH/Boot.php(68): CodeIgniter\Boot::runCodeIgniter(Object(CodeIgniter\CodeIgniter))
11 FCPATH/index.php(59): CodeIgniter\Boot::bootWeb(Object(Config\Paths))
WARNING - 2025-09-18 15:39:34 --> [DEPRECATED] Passing lowercase HTTP method "get" is deprecated. Use uppercase HTTP method like "GET". in SYSTEMPATH/Router/RouteCollection.php on line 1026.
 1 SYSTEMPATH/Router/RouteCollection.php(1026): trigger_error('Passing lowercase HTTP method "get" is deprecated. Use uppercase HTTP method like "GET".', 16384)
 2 APPPATH/Config/Routes.php(150): CodeIgniter\Router\RouteCollection->match([...], 'mesociclos/(:num)/asignar/(:num)', 'GimnasioMesociclos::asignar/$1/$2')
 3 SYSTEMPATH/Router/RouteCollection.php(799): CodeIgniter\Router\RouteCollection::{closure}(Object(CodeIgniter\Router\RouteCollection))
 4 APPPATH/Config/Routes.php(144): CodeIgniter\Router\RouteCollection->group('gimnasio', [...], Object(Closure))
 5 SYSTEMPATH/Router/RouteCollection.php(339): require('/Applications/ServBay/www/trackbitos/app/Config/Routes.php')
 6 SYSTEMPATH/CodeIgniter.php(821): CodeIgniter\Router\RouteCollection->loadRoutes()
 7 SYSTEMPATH/CodeIgniter.php(455): CodeIgniter\CodeIgniter->tryToRouteIt(null)
 8 SYSTEMPATH/CodeIgniter.php(354): CodeIgniter\CodeIgniter->handleRequest(null, Object(Config\Cache), false)
 9 SYSTEMPATH/Boot.php(363): CodeIgniter\CodeIgniter->run()
10 SYSTEMPATH/Boot.php(68): CodeIgniter\Boot::runCodeIgniter(Object(CodeIgniter\CodeIgniter))
11 FCPATH/index.php(59): CodeIgniter\Boot::bootWeb(Object(Config\Paths))
WARNING - 2025-09-18 15:39:34 --> [DEPRECATED] Passing lowercase HTTP method "post" is deprecated. Use uppercase HTTP method like "POST". in SYSTEMPATH/Router/RouteCollection.php on line 1026.
 1 SYSTEMPATH/Router/RouteCollection.php(1026): trigger_error('Passing lowercase HTTP method "post" is deprecated. Use uppercase HTTP method like "POST".', 16384)
 2 APPPATH/Config/Routes.php(150): CodeIgniter\Router\RouteCollection->match([...], 'mesociclos/(:num)/asignar/(:num)', 'GimnasioMesociclos::asignar/$1/$2')
 3 SYSTEMPATH/Router/RouteCollection.php(799): CodeIgniter\Router\RouteCollection::{closure}(Object(CodeIgniter\Router\RouteCollection))
 4 APPPATH/Config/Routes.php(144): CodeIgniter\Router\RouteCollection->group('gimnasio', [...], Object(Closure))
 5 SYSTEMPATH/Router/RouteCollection.php(339): require('/Applications/ServBay/www/trackbitos/app/Config/Routes.php')
 6 SYSTEMPATH/CodeIgniter.php(821): CodeIgniter\Router\RouteCollection->loadRoutes()
 7 SYSTEMPATH/CodeIgniter.php(455): CodeIgniter\CodeIgniter->tryToRouteIt(null)
 8 SYSTEMPATH/CodeIgniter.php(354): CodeIgniter\CodeIgniter->handleRequest(null, Object(Config\Cache), false)
 9 SYSTEMPATH/Boot.php(363): CodeIgniter\CodeIgniter->run()
10 SYSTEMPATH/Boot.php(68): CodeIgniter\Boot::runCodeIgniter(Object(CodeIgniter\CodeIgniter))
11 FCPATH/index.php(59): CodeIgniter\Boot::bootWeb(Object(Config\Paths))
WARNING - 2025-09-18 15:39:34 --> [DEPRECATED] Passing lowercase HTTP method "get" is deprecated. Use uppercase HTTP method like "GET". in SYSTEMPATH/Router/RouteCollection.php on line 1026.
 1 SYSTEMPATH/Router/RouteCollection.php(1026): trigger_error('Passing lowercase HTTP method "get" is deprecated. Use uppercase HTTP method like "GET".', 16384)
 2 APPPATH/Config/Routes.php(153): CodeIgniter\Router\RouteCollection->match([...], 'mesociclos/(:num)/generar', 'GimnasioMesociclos::generar/$1')
 3 SYSTEMPATH/Router/RouteCollection.php(799): CodeIgniter\Router\RouteCollection::{closure}(Object(CodeIgniter\Router\RouteCollection))
 4 APPPATH/Config/Routes.php(144): CodeIgniter\Router\RouteCollection->group('gimnasio', [...], Object(Closure))
 5 SYSTEMPATH/Router/RouteCollection.php(339): require('/Applications/ServBay/www/trackbitos/app/Config/Routes.php')
 6 SYSTEMPATH/CodeIgniter.php(821): CodeIgniter\Router\RouteCollection->loadRoutes()
 7 SYSTEMPATH/CodeIgniter.php(455): CodeIgniter\CodeIgniter->tryToRouteIt(null)
 8 SYSTEMPATH/CodeIgniter.php(354): CodeIgniter\CodeIgniter->handleRequest(null, Object(Config\Cache), false)
 9 SYSTEMPATH/Boot.php(363): CodeIgniter\CodeIgniter->run()
10 SYSTEMPATH/Boot.php(68): CodeIgniter\Boot::runCodeIgniter(Object(CodeIgniter\CodeIgniter))
11 FCPATH/index.php(59): CodeIgniter\Boot::bootWeb(Object(Config\Paths))
WARNING - 2025-09-18 15:39:34 --> [DEPRECATED] Passing lowercase HTTP method "post" is deprecated. Use uppercase HTTP method like "POST". in SYSTEMPATH/Router/RouteCollection.php on line 1026.
 1 SYSTEMPATH/Router/RouteCollection.php(1026): trigger_error('Passing lowercase HTTP method "post" is deprecated. Use uppercase HTTP method like "POST".', 16384)
 2 APPPATH/Config/Routes.php(153): CodeIgniter\Router\RouteCollection->match([...], 'mesociclos/(:num)/generar', 'GimnasioMesociclos::generar/$1')
 3 SYSTEMPATH/Router/RouteCollection.php(799): CodeIgniter\Router\RouteCollection::{closure}(Object(CodeIgniter\Router\RouteCollection))
 4 APPPATH/Config/Routes.php(144): CodeIgniter\Router\RouteCollection->group('gimnasio', [...], Object(Closure))
 5 SYSTEMPATH/Router/RouteCollection.php(339): require('/Applications/ServBay/www/trackbitos/app/Config/Routes.php')
 6 SYSTEMPATH/CodeIgniter.php(821): CodeIgniter\Router\RouteCollection->loadRoutes()
 7 SYSTEMPATH/CodeIgniter.php(455): CodeIgniter\CodeIgniter->tryToRouteIt(null)
 8 SYSTEMPATH/CodeIgniter.php(354): CodeIgniter\CodeIgniter->handleRequest(null, Object(Config\Cache), false)
 9 SYSTEMPATH/Boot.php(363): CodeIgniter\CodeIgniter->run()
10 SYSTEMPATH/Boot.php(68): CodeIgniter\Boot::runCodeIgniter(Object(CodeIgniter\CodeIgniter))
11 FCPATH/index.php(59): CodeIgniter\Boot::bootWeb(Object(Config\Paths))
WARNING - 2025-09-18 15:39:34 --> [DEPRECATED] Passing lowercase HTTP method "get" is deprecated. Use uppercase HTTP method like "GET". in SYSTEMPATH/Router/RouteCollection.php on line 1026.
 1 SYSTEMPATH/Router/RouteCollection.php(1026): trigger_error('Passing lowercase HTTP method "get" is deprecated. Use uppercase HTTP method like "GET".', 16384)
 2 APPPATH/Config/Routes.php(161): CodeIgniter\Router\RouteCollection->match([...], 'mesociclos/(:num)/generar/bilbo', 'GimnasioMesociclos::generarBilbo/$1')
 3 SYSTEMPATH/Router/RouteCollection.php(799): CodeIgniter\Router\RouteCollection::{closure}(Object(CodeIgniter\Router\RouteCollection))
 4 APPPATH/Config/Routes.php(144): CodeIgniter\Router\RouteCollection->group('gimnasio', [...], Object(Closure))
 5 SYSTEMPATH/Router/RouteCollection.php(339): require('/Applications/ServBay/www/trackbitos/app/Config/Routes.php')
 6 SYSTEMPATH/CodeIgniter.php(821): CodeIgniter\Router\RouteCollection->loadRoutes()
 7 SYSTEMPATH/CodeIgniter.php(455): CodeIgniter\CodeIgniter->tryToRouteIt(null)
 8 SYSTEMPATH/CodeIgniter.php(354): CodeIgniter\CodeIgniter->handleRequest(null, Object(Config\Cache), false)
 9 SYSTEMPATH/Boot.php(363): CodeIgniter\CodeIgniter->run()
10 SYSTEMPATH/Boot.php(68): CodeIgniter\Boot::runCodeIgniter(Object(CodeIgniter\CodeIgniter))
11 FCPATH/index.php(59): CodeIgniter\Boot::bootWeb(Object(Config\Paths))
WARNING - 2025-09-18 15:39:34 --> [DEPRECATED] Passing lowercase HTTP method "post" is deprecated. Use uppercase HTTP method like "POST". in SYSTEMPATH/Router/RouteCollection.php on line 1026.
 1 SYSTEMPATH/Router/RouteCollection.php(1026): trigger_error('Passing lowercase HTTP method "post" is deprecated. Use uppercase HTTP method like "POST".', 16384)
 2 APPPATH/Config/Routes.php(161): CodeIgniter\Router\RouteCollection->match([...], 'mesociclos/(:num)/generar/bilbo', 'GimnasioMesociclos::generarBilbo/$1')
 3 SYSTEMPATH/Router/RouteCollection.php(799): CodeIgniter\Router\RouteCollection::{closure}(Object(CodeIgniter\Router\RouteCollection))
 4 APPPATH/Config/Routes.php(144): CodeIgniter\Router\RouteCollection->group('gimnasio', [...], Object(Closure))
 5 SYSTEMPATH/Router/RouteCollection.php(339): require('/Applications/ServBay/www/trackbitos/app/Config/Routes.php')
 6 SYSTEMPATH/CodeIgniter.php(821): CodeIgniter\Router\RouteCollection->loadRoutes()
 7 SYSTEMPATH/CodeIgniter.php(455): CodeIgniter\CodeIgniter->tryToRouteIt(null)
 8 SYSTEMPATH/CodeIgniter.php(354): CodeIgniter\CodeIgniter->handleRequest(null, Object(Config\Cache), false)
 9 SYSTEMPATH/Boot.php(363): CodeIgniter\CodeIgniter->run()
10 SYSTEMPATH/Boot.php(68): CodeIgniter\Boot::runCodeIgniter(Object(CodeIgniter\CodeIgniter))
11 FCPATH/index.php(59): CodeIgniter\Boot::bootWeb(Object(Config\Paths))
WARNING - 2025-09-18 15:39:34 --> [DEPRECATED] Passing lowercase HTTP method "get" is deprecated. Use uppercase HTTP method like "GET". in SYSTEMPATH/Router/RouteCollection.php on line 1026.
 1 SYSTEMPATH/Router/RouteCollection.php(1026): trigger_error('Passing lowercase HTTP method "get" is deprecated. Use uppercase HTTP method like "GET".', 16384)
 2 APPPATH/Config/Routes.php(261): CodeIgniter\Router\RouteCollection->match([...], 'crear', 'Youtube::crearLista')
 3 SYSTEMPATH/Router/RouteCollection.php(799): CodeIgniter\Router\RouteCollection::{closure}(Object(CodeIgniter\Router\RouteCollection))
 4 APPPATH/Config/Routes.php(259): CodeIgniter\Router\RouteCollection->group('youtube', [...], Object(Closure))
 5 SYSTEMPATH/Router/RouteCollection.php(339): require('/Applications/ServBay/www/trackbitos/app/Config/Routes.php')
 6 SYSTEMPATH/CodeIgniter.php(821): CodeIgniter\Router\RouteCollection->loadRoutes()
 7 SYSTEMPATH/CodeIgniter.php(455): CodeIgniter\CodeIgniter->tryToRouteIt(null)
 8 SYSTEMPATH/CodeIgniter.php(354): CodeIgniter\CodeIgniter->handleRequest(null, Object(Config\Cache), false)
 9 SYSTEMPATH/Boot.php(363): CodeIgniter\CodeIgniter->run()
10 SYSTEMPATH/Boot.php(68): CodeIgniter\Boot::runCodeIgniter(Object(CodeIgniter\CodeIgniter))
11 FCPATH/index.php(59): CodeIgniter\Boot::bootWeb(Object(Config\Paths))
WARNING - 2025-09-18 15:39:34 --> [DEPRECATED] Passing lowercase HTTP method "post" is deprecated. Use uppercase HTTP method like "POST". in SYSTEMPATH/Router/RouteCollection.php on line 1026.
 1 SYSTEMPATH/Router/RouteCollection.php(1026): trigger_error('Passing lowercase HTTP method "post" is deprecated. Use uppercase HTTP method like "POST".', 16384)
 2 APPPATH/Config/Routes.php(261): CodeIgniter\Router\RouteCollection->match([...], 'crear', 'Youtube::crearLista')
 3 SYSTEMPATH/Router/RouteCollection.php(799): CodeIgniter\Router\RouteCollection::{closure}(Object(CodeIgniter\Router\RouteCollection))
 4 APPPATH/Config/Routes.php(259): CodeIgniter\Router\RouteCollection->group('youtube', [...], Object(Closure))
 5 SYSTEMPATH/Router/RouteCollection.php(339): require('/Applications/ServBay/www/trackbitos/app/Config/Routes.php')
 6 SYSTEMPATH/CodeIgniter.php(821): CodeIgniter\Router\RouteCollection->loadRoutes()
 7 SYSTEMPATH/CodeIgniter.php(455): CodeIgniter\CodeIgniter->tryToRouteIt(null)
 8 SYSTEMPATH/CodeIgniter.php(354): CodeIgniter\CodeIgniter->handleRequest(null, Object(Config\Cache), false)
 9 SYSTEMPATH/Boot.php(363): CodeIgniter\CodeIgniter->run()
10 SYSTEMPATH/Boot.php(68): CodeIgniter\Boot::runCodeIgniter(Object(CodeIgniter\CodeIgniter))
11 FCPATH/index.php(59): CodeIgniter\Boot::bootWeb(Object(Config\Paths))
DEBUG - 2025-09-18 15:39:34 --> Session: Class initialized using 'CodeIgniter\Session\Handlers\FileHandler' driver.
WARNING - 2025-09-18 15:39:39 --> [DEPRECATED] Passing lowercase HTTP method "get" is deprecated. Use uppercase HTTP method like "GET". in SYSTEMPATH/Router/RouteCollection.php on line 1026.
 1 SYSTEMPATH/Router/RouteCollection.php(1026): trigger_error('Passing lowercase HTTP method "get" is deprecated. Use uppercase HTTP method like "GET".', 16384)
 2 APPPATH/Config/Routes.php(146): CodeIgniter\Router\RouteCollection->match([...], 'mesociclos/nuevo', 'GimnasioMesociclos::nuevo')
 3 SYSTEMPATH/Router/RouteCollection.php(799): CodeIgniter\Router\RouteCollection::{closure}(Object(CodeIgniter\Router\RouteCollection))
 4 APPPATH/Config/Routes.php(144): CodeIgniter\Router\RouteCollection->group('gimnasio', [...], Object(Closure))
 5 SYSTEMPATH/Router/RouteCollection.php(339): require('/Applications/ServBay/www/trackbitos/app/Config/Routes.php')
 6 SYSTEMPATH/CodeIgniter.php(821): CodeIgniter\Router\RouteCollection->loadRoutes()
 7 SYSTEMPATH/CodeIgniter.php(455): CodeIgniter\CodeIgniter->tryToRouteIt(null)
 8 SYSTEMPATH/CodeIgniter.php(354): CodeIgniter\CodeIgniter->handleRequest(null, Object(Config\Cache), false)
 9 SYSTEMPATH/Boot.php(363): CodeIgniter\CodeIgniter->run()
10 SYSTEMPATH/Boot.php(68): CodeIgniter\Boot::runCodeIgniter(Object(CodeIgniter\CodeIgniter))
11 FCPATH/index.php(59): CodeIgniter\Boot::bootWeb(Object(Config\Paths))
WARNING - 2025-09-18 15:39:39 --> [DEPRECATED] Passing lowercase HTTP method "post" is deprecated. Use uppercase HTTP method like "POST". in SYSTEMPATH/Router/RouteCollection.php on line 1026.
 1 SYSTEMPATH/Router/RouteCollection.php(1026): trigger_error('Passing lowercase HTTP method "post" is deprecated. Use uppercase HTTP method like "POST".', 16384)
 2 APPPATH/Config/Routes.php(146): CodeIgniter\Router\RouteCollection->match([...], 'mesociclos/nuevo', 'GimnasioMesociclos::nuevo')
 3 SYSTEMPATH/Router/RouteCollection.php(799): CodeIgniter\Router\RouteCollection::{closure}(Object(CodeIgniter\Router\RouteCollection))
 4 APPPATH/Config/Routes.php(144): CodeIgniter\Router\RouteCollection->group('gimnasio', [...], Object(Closure))
 5 SYSTEMPATH/Router/RouteCollection.php(339): require('/Applications/ServBay/www/trackbitos/app/Config/Routes.php')
 6 SYSTEMPATH/CodeIgniter.php(821): CodeIgniter\Router\RouteCollection->loadRoutes()
 7 SYSTEMPATH/CodeIgniter.php(455): CodeIgniter\CodeIgniter->tryToRouteIt(null)
 8 SYSTEMPATH/CodeIgniter.php(354): CodeIgniter\CodeIgniter->handleRequest(null, Object(Config\Cache), false)
 9 SYSTEMPATH/Boot.php(363): CodeIgniter\CodeIgniter->run()
10 SYSTEMPATH/Boot.php(68): CodeIgniter\Boot::runCodeIgniter(Object(CodeIgniter\CodeIgniter))
11 FCPATH/index.php(59): CodeIgniter\Boot::bootWeb(Object(Config\Paths))
WARNING - 2025-09-18 15:39:39 --> [DEPRECATED] Passing lowercase HTTP method "get" is deprecated. Use uppercase HTTP method like "GET". in SYSTEMPATH/Router/RouteCollection.php on line 1026.
 1 SYSTEMPATH/Router/RouteCollection.php(1026): trigger_error('Passing lowercase HTTP method "get" is deprecated. Use uppercase HTTP method like "GET".', 16384)
 2 APPPATH/Config/Routes.php(148): CodeIgniter\Router\RouteCollection->match([...], 'mesociclos/(:num)/bloque/nuevo', 'GimnasioMesociclos::bloqueNuevo/$1')
 3 SYSTEMPATH/Router/RouteCollection.php(799): CodeIgniter\Router\RouteCollection::{closure}(Object(CodeIgniter\Router\RouteCollection))
 4 APPPATH/Config/Routes.php(144): CodeIgniter\Router\RouteCollection->group('gimnasio', [...], Object(Closure))
 5 SYSTEMPATH/Router/RouteCollection.php(339): require('/Applications/ServBay/www/trackbitos/app/Config/Routes.php')
 6 SYSTEMPATH/CodeIgniter.php(821): CodeIgniter\Router\RouteCollection->loadRoutes()
 7 SYSTEMPATH/CodeIgniter.php(455): CodeIgniter\CodeIgniter->tryToRouteIt(null)
 8 SYSTEMPATH/CodeIgniter.php(354): CodeIgniter\CodeIgniter->handleRequest(null, Object(Config\Cache), false)
 9 SYSTEMPATH/Boot.php(363): CodeIgniter\CodeIgniter->run()
10 SYSTEMPATH/Boot.php(68): CodeIgniter\Boot::runCodeIgniter(Object(CodeIgniter\CodeIgniter))
11 FCPATH/index.php(59): CodeIgniter\Boot::bootWeb(Object(Config\Paths))
WARNING - 2025-09-18 15:39:39 --> [DEPRECATED] Passing lowercase HTTP method "post" is deprecated. Use uppercase HTTP method like "POST". in SYSTEMPATH/Router/RouteCollection.php on line 1026.
 1 SYSTEMPATH/Router/RouteCollection.php(1026): trigger_error('Passing lowercase HTTP method "post" is deprecated. Use uppercase HTTP method like "POST".', 16384)
 2 APPPATH/Config/Routes.php(148): CodeIgniter\Router\RouteCollection->match([...], 'mesociclos/(:num)/bloque/nuevo', 'GimnasioMesociclos::bloqueNuevo/$1')
 3 SYSTEMPATH/Router/RouteCollection.php(799): CodeIgniter\Router\RouteCollection::{closure}(Object(CodeIgniter\Router\RouteCollection))
 4 APPPATH/Config/Routes.php(144): CodeIgniter\Router\RouteCollection->group('gimnasio', [...], Object(Closure))
 5 SYSTEMPATH/Router/RouteCollection.php(339): require('/Applications/ServBay/www/trackbitos/app/Config/Routes.php')
 6 SYSTEMPATH/CodeIgniter.php(821): CodeIgniter\Router\RouteCollection->loadRoutes()
 7 SYSTEMPATH/CodeIgniter.php(455): CodeIgniter\CodeIgniter->tryToRouteIt(null)
 8 SYSTEMPATH/CodeIgniter.php(354): CodeIgniter\CodeIgniter->handleRequest(null, Object(Config\Cache), false)
 9 SYSTEMPATH/Boot.php(363): CodeIgniter\CodeIgniter->run()
10 SYSTEMPATH/Boot.php(68): CodeIgniter\Boot::runCodeIgniter(Object(CodeIgniter\CodeIgniter))
11 FCPATH/index.php(59): CodeIgniter\Boot::bootWeb(Object(Config\Paths))
WARNING - 2025-09-18 15:39:39 --> [DEPRECATED] Passing lowercase HTTP method "get" is deprecated. Use uppercase HTTP method like "GET". in SYSTEMPATH/Router/RouteCollection.php on line 1026.
 1 SYSTEMPATH/Router/RouteCollection.php(1026): trigger_error('Passing lowercase HTTP method "get" is deprecated. Use uppercase HTTP method like "GET".', 16384)
 2 APPPATH/Config/Routes.php(150): CodeIgniter\Router\RouteCollection->match([...], 'mesociclos/(:num)/asignar/(:num)', 'GimnasioMesociclos::asignar/$1/$2')
 3 SYSTEMPATH/Router/RouteCollection.php(799): CodeIgniter\Router\RouteCollection::{closure}(Object(CodeIgniter\Router\RouteCollection))
 4 APPPATH/Config/Routes.php(144): CodeIgniter\Router\RouteCollection->group('gimnasio', [...], Object(Closure))
 5 SYSTEMPATH/Router/RouteCollection.php(339): require('/Applications/ServBay/www/trackbitos/app/Config/Routes.php')
 6 SYSTEMPATH/CodeIgniter.php(821): CodeIgniter\Router\RouteCollection->loadRoutes()
 7 SYSTEMPATH/CodeIgniter.php(455): CodeIgniter\CodeIgniter->tryToRouteIt(null)
 8 SYSTEMPATH/CodeIgniter.php(354): CodeIgniter\CodeIgniter->handleRequest(null, Object(Config\Cache), false)
 9 SYSTEMPATH/Boot.php(363): CodeIgniter\CodeIgniter->run()
10 SYSTEMPATH/Boot.php(68): CodeIgniter\Boot::runCodeIgniter(Object(CodeIgniter\CodeIgniter))
11 FCPATH/index.php(59): CodeIgniter\Boot::bootWeb(Object(Config\Paths))
WARNING - 2025-09-18 15:39:39 --> [DEPRECATED] Passing lowercase HTTP method "post" is deprecated. Use uppercase HTTP method like "POST". in SYSTEMPATH/Router/RouteCollection.php on line 1026.
 1 SYSTEMPATH/Router/RouteCollection.php(1026): trigger_error('Passing lowercase HTTP method "post" is deprecated. Use uppercase HTTP method like "POST".', 16384)
 2 APPPATH/Config/Routes.php(150): CodeIgniter\Router\RouteCollection->match([...], 'mesociclos/(:num)/asignar/(:num)', 'GimnasioMesociclos::asignar/$1/$2')
 3 SYSTEMPATH/Router/RouteCollection.php(799): CodeIgniter\Router\RouteCollection::{closure}(Object(CodeIgniter\Router\RouteCollection))
 4 APPPATH/Config/Routes.php(144): CodeIgniter\Router\RouteCollection->group('gimnasio', [...], Object(Closure))
 5 SYSTEMPATH/Router/RouteCollection.php(339): require('/Applications/ServBay/www/trackbitos/app/Config/Routes.php')
 6 SYSTEMPATH/CodeIgniter.php(821): CodeIgniter\Router\RouteCollection->loadRoutes()
 7 SYSTEMPATH/CodeIgniter.php(455): CodeIgniter\CodeIgniter->tryToRouteIt(null)
 8 SYSTEMPATH/CodeIgniter.php(354): CodeIgniter\CodeIgniter->handleRequest(null, Object(Config\Cache), false)
 9 SYSTEMPATH/Boot.php(363): CodeIgniter\CodeIgniter->run()
10 SYSTEMPATH/Boot.php(68): CodeIgniter\Boot::runCodeIgniter(Object(CodeIgniter\CodeIgniter))
11 FCPATH/index.php(59): CodeIgniter\Boot::bootWeb(Object(Config\Paths))
WARNING - 2025-09-18 15:39:39 --> [DEPRECATED] Passing lowercase HTTP method "get" is deprecated. Use uppercase HTTP method like "GET". in SYSTEMPATH/Router/RouteCollection.php on line 1026.
 1 SYSTEMPATH/Router/RouteCollection.php(1026): trigger_error('Passing lowercase HTTP method "get" is deprecated. Use uppercase HTTP method like "GET".', 16384)
 2 APPPATH/Config/Routes.php(153): CodeIgniter\Router\RouteCollection->match([...], 'mesociclos/(:num)/generar', 'GimnasioMesociclos::generar/$1')
 3 SYSTEMPATH/Router/RouteCollection.php(799): CodeIgniter\Router\RouteCollection::{closure}(Object(CodeIgniter\Router\RouteCollection))
 4 APPPATH/Config/Routes.php(144): CodeIgniter\Router\RouteCollection->group('gimnasio', [...], Object(Closure))
 5 SYSTEMPATH/Router/RouteCollection.php(339): require('/Applications/ServBay/www/trackbitos/app/Config/Routes.php')
 6 SYSTEMPATH/CodeIgniter.php(821): CodeIgniter\Router\RouteCollection->loadRoutes()
 7 SYSTEMPATH/CodeIgniter.php(455): CodeIgniter\CodeIgniter->tryToRouteIt(null)
 8 SYSTEMPATH/CodeIgniter.php(354): CodeIgniter\CodeIgniter->handleRequest(null, Object(Config\Cache), false)
 9 SYSTEMPATH/Boot.php(363): CodeIgniter\CodeIgniter->run()
10 SYSTEMPATH/Boot.php(68): CodeIgniter\Boot::runCodeIgniter(Object(CodeIgniter\CodeIgniter))
11 FCPATH/index.php(59): CodeIgniter\Boot::bootWeb(Object(Config\Paths))
WARNING - 2025-09-18 15:39:39 --> [DEPRECATED] Passing lowercase HTTP method "post" is deprecated. Use uppercase HTTP method like "POST". in SYSTEMPATH/Router/RouteCollection.php on line 1026.
 1 SYSTEMPATH/Router/RouteCollection.php(1026): trigger_error('Passing lowercase HTTP method "post" is deprecated. Use uppercase HTTP method like "POST".', 16384)
 2 APPPATH/Config/Routes.php(153): CodeIgniter\Router\RouteCollection->match([...], 'mesociclos/(:num)/generar', 'GimnasioMesociclos::generar/$1')
 3 SYSTEMPATH/Router/RouteCollection.php(799): CodeIgniter\Router\RouteCollection::{closure}(Object(CodeIgniter\Router\RouteCollection))
 4 APPPATH/Config/Routes.php(144): CodeIgniter\Router\RouteCollection->group('gimnasio', [...], Object(Closure))
 5 SYSTEMPATH/Router/RouteCollection.php(339): require('/Applications/ServBay/www/trackbitos/app/Config/Routes.php')
 6 SYSTEMPATH/CodeIgniter.php(821): CodeIgniter\Router\RouteCollection->loadRoutes()
 7 SYSTEMPATH/CodeIgniter.php(455): CodeIgniter\CodeIgniter->tryToRouteIt(null)
 8 SYSTEMPATH/CodeIgniter.php(354): CodeIgniter\CodeIgniter->handleRequest(null, Object(Config\Cache), false)
 9 SYSTEMPATH/Boot.php(363): CodeIgniter\CodeIgniter->run()
10 SYSTEMPATH/Boot.php(68): CodeIgniter\Boot::runCodeIgniter(Object(CodeIgniter\CodeIgniter))
11 FCPATH/index.php(59): CodeIgniter\Boot::bootWeb(Object(Config\Paths))
WARNING - 2025-09-18 15:39:39 --> [DEPRECATED] Passing lowercase HTTP method "get" is deprecated. Use uppercase HTTP method like "GET". in SYSTEMPATH/Router/RouteCollection.php on line 1026.
 1 SYSTEMPATH/Router/RouteCollection.php(1026): trigger_error('Passing lowercase HTTP method "get" is deprecated. Use uppercase HTTP method like "GET".', 16384)
 2 APPPATH/Config/Routes.php(161): CodeIgniter\Router\RouteCollection->match([...], 'mesociclos/(:num)/generar/bilbo', 'GimnasioMesociclos::generarBilbo/$1')
 3 SYSTEMPATH/Router/RouteCollection.php(799): CodeIgniter\Router\RouteCollection::{closure}(Object(CodeIgniter\Router\RouteCollection))
 4 APPPATH/Config/Routes.php(144): CodeIgniter\Router\RouteCollection->group('gimnasio', [...], Object(Closure))
 5 SYSTEMPATH/Router/RouteCollection.php(339): require('/Applications/ServBay/www/trackbitos/app/Config/Routes.php')
 6 SYSTEMPATH/CodeIgniter.php(821): CodeIgniter\Router\RouteCollection->loadRoutes()
 7 SYSTEMPATH/CodeIgniter.php(455): CodeIgniter\CodeIgniter->tryToRouteIt(null)
 8 SYSTEMPATH/CodeIgniter.php(354): CodeIgniter\CodeIgniter->handleRequest(null, Object(Config\Cache), false)
 9 SYSTEMPATH/Boot.php(363): CodeIgniter\CodeIgniter->run()
10 SYSTEMPATH/Boot.php(68): CodeIgniter\Boot::runCodeIgniter(Object(CodeIgniter\CodeIgniter))
11 FCPATH/index.php(59): CodeIgniter\Boot::bootWeb(Object(Config\Paths))
WARNING - 2025-09-18 15:39:39 --> [DEPRECATED] Passing lowercase HTTP method "post" is deprecated. Use uppercase HTTP method like "POST". in SYSTEMPATH/Router/RouteCollection.php on line 1026.
 1 SYSTEMPATH/Router/RouteCollection.php(1026): trigger_error('Passing lowercase HTTP method "post" is deprecated. Use uppercase HTTP method like "POST".', 16384)
 2 APPPATH/Config/Routes.php(161): CodeIgniter\Router\RouteCollection->match([...], 'mesociclos/(:num)/generar/bilbo', 'GimnasioMesociclos::generarBilbo/$1')
 3 SYSTEMPATH/Router/RouteCollection.php(799): CodeIgniter\Router\RouteCollection::{closure}(Object(CodeIgniter\Router\RouteCollection))
 4 APPPATH/Config/Routes.php(144): CodeIgniter\Router\RouteCollection->group('gimnasio', [...], Object(Closure))
 5 SYSTEMPATH/Router/RouteCollection.php(339): require('/Applications/ServBay/www/trackbitos/app/Config/Routes.php')
 6 SYSTEMPATH/CodeIgniter.php(821): CodeIgniter\Router\RouteCollection->loadRoutes()
 7 SYSTEMPATH/CodeIgniter.php(455): CodeIgniter\CodeIgniter->tryToRouteIt(null)
 8 SYSTEMPATH/CodeIgniter.php(354): CodeIgniter\CodeIgniter->handleRequest(null, Object(Config\Cache), false)
 9 SYSTEMPATH/Boot.php(363): CodeIgniter\CodeIgniter->run()
10 SYSTEMPATH/Boot.php(68): CodeIgniter\Boot::runCodeIgniter(Object(CodeIgniter\CodeIgniter))
11 FCPATH/index.php(59): CodeIgniter\Boot::bootWeb(Object(Config\Paths))
WARNING - 2025-09-18 15:39:39 --> [DEPRECATED] Passing lowercase HTTP method "get" is deprecated. Use uppercase HTTP method like "GET". in SYSTEMPATH/Router/RouteCollection.php on line 1026.
 1 SYSTEMPATH/Router/RouteCollection.php(1026): trigger_error('Passing lowercase HTTP method "get" is deprecated. Use uppercase HTTP method like "GET".', 16384)
 2 APPPATH/Config/Routes.php(261): CodeIgniter\Router\RouteCollection->match([...], 'crear', 'Youtube::crearLista')
 3 SYSTEMPATH/Router/RouteCollection.php(799): CodeIgniter\Router\RouteCollection::{closure}(Object(CodeIgniter\Router\RouteCollection))
 4 APPPATH/Config/Routes.php(259): CodeIgniter\Router\RouteCollection->group('youtube', [...], Object(Closure))
 5 SYSTEMPATH/Router/RouteCollection.php(339): require('/Applications/ServBay/www/trackbitos/app/Config/Routes.php')
 6 SYSTEMPATH/CodeIgniter.php(821): CodeIgniter\Router\RouteCollection->loadRoutes()
 7 SYSTEMPATH/CodeIgniter.php(455): CodeIgniter\CodeIgniter->tryToRouteIt(null)
 8 SYSTEMPATH/CodeIgniter.php(354): CodeIgniter\CodeIgniter->handleRequest(null, Object(Config\Cache), false)
 9 SYSTEMPATH/Boot.php(363): CodeIgniter\CodeIgniter->run()
10 SYSTEMPATH/Boot.php(68): CodeIgniter\Boot::runCodeIgniter(Object(CodeIgniter\CodeIgniter))
11 FCPATH/index.php(59): CodeIgniter\Boot::bootWeb(Object(Config\Paths))
WARNING - 2025-09-18 15:39:39 --> [DEPRECATED] Passing lowercase HTTP method "post" is deprecated. Use uppercase HTTP method like "POST". in SYSTEMPATH/Router/RouteCollection.php on line 1026.
 1 SYSTEMPATH/Router/RouteCollection.php(1026): trigger_error('Passing lowercase HTTP method "post" is deprecated. Use uppercase HTTP method like "POST".', 16384)
 2 APPPATH/Config/Routes.php(261): CodeIgniter\Router\RouteCollection->match([...], 'crear', 'Youtube::crearLista')
 3 SYSTEMPATH/Router/RouteCollection.php(799): CodeIgniter\Router\RouteCollection::{closure}(Object(CodeIgniter\Router\RouteCollection))
 4 APPPATH/Config/Routes.php(259): CodeIgniter\Router\RouteCollection->group('youtube', [...], Object(Closure))
 5 SYSTEMPATH/Router/RouteCollection.php(339): require('/Applications/ServBay/www/trackbitos/app/Config/Routes.php')
 6 SYSTEMPATH/CodeIgniter.php(821): CodeIgniter\Router\RouteCollection->loadRoutes()
 7 SYSTEMPATH/CodeIgniter.php(455): CodeIgniter\CodeIgniter->tryToRouteIt(null)
 8 SYSTEMPATH/CodeIgniter.php(354): CodeIgniter\CodeIgniter->handleRequest(null, Object(Config\Cache), false)
 9 SYSTEMPATH/Boot.php(363): CodeIgniter\CodeIgniter->run()
10 SYSTEMPATH/Boot.php(68): CodeIgniter\Boot::runCodeIgniter(Object(CodeIgniter\CodeIgniter))
11 FCPATH/index.php(59): CodeIgniter\Boot::bootWeb(Object(Config\Paths))
DEBUG - 2025-09-18 15:39:39 --> Session: Class initialized using 'CodeIgniter\Session\Handlers\FileHandler' driver.
WARNING - 2025-09-18 15:39:42 --> [DEPRECATED] Passing lowercase HTTP method "get" is deprecated. Use uppercase HTTP method like "GET". in SYSTEMPATH/Router/RouteCollection.php on line 1026.
 1 SYSTEMPATH/Router/RouteCollection.php(1026): trigger_error('Passing lowercase HTTP method "get" is deprecated. Use uppercase HTTP method like "GET".', 16384)
 2 APPPATH/Config/Routes.php(146): CodeIgniter\Router\RouteCollection->match([...], 'mesociclos/nuevo', 'GimnasioMesociclos::nuevo')
 3 SYSTEMPATH/Router/RouteCollection.php(799): CodeIgniter\Router\RouteCollection::{closure}(Object(CodeIgniter\Router\RouteCollection))
 4 APPPATH/Config/Routes.php(144): CodeIgniter\Router\RouteCollection->group('gimnasio', [...], Object(Closure))
 5 SYSTEMPATH/Router/RouteCollection.php(339): require('/Applications/ServBay/www/trackbitos/app/Config/Routes.php')
 6 SYSTEMPATH/CodeIgniter.php(821): CodeIgniter\Router\RouteCollection->loadRoutes()
 7 SYSTEMPATH/CodeIgniter.php(455): CodeIgniter\CodeIgniter->tryToRouteIt(null)
 8 SYSTEMPATH/CodeIgniter.php(354): CodeIgniter\CodeIgniter->handleRequest(null, Object(Config\Cache), false)
 9 SYSTEMPATH/Boot.php(363): CodeIgniter\CodeIgniter->run()
10 SYSTEMPATH/Boot.php(68): CodeIgniter\Boot::runCodeIgniter(Object(CodeIgniter\CodeIgniter))
11 FCPATH/index.php(59): CodeIgniter\Boot::bootWeb(Object(Config\Paths))
WARNING - 2025-09-18 15:39:42 --> [DEPRECATED] Passing lowercase HTTP method "post" is deprecated. Use uppercase HTTP method like "POST". in SYSTEMPATH/Router/RouteCollection.php on line 1026.
 1 SYSTEMPATH/Router/RouteCollection.php(1026): trigger_error('Passing lowercase HTTP method "post" is deprecated. Use uppercase HTTP method like "POST".', 16384)
 2 APPPATH/Config/Routes.php(146): CodeIgniter\Router\RouteCollection->match([...], 'mesociclos/nuevo', 'GimnasioMesociclos::nuevo')
 3 SYSTEMPATH/Router/RouteCollection.php(799): CodeIgniter\Router\RouteCollection::{closure}(Object(CodeIgniter\Router\RouteCollection))
 4 APPPATH/Config/Routes.php(144): CodeIgniter\Router\RouteCollection->group('gimnasio', [...], Object(Closure))
 5 SYSTEMPATH/Router/RouteCollection.php(339): require('/Applications/ServBay/www/trackbitos/app/Config/Routes.php')
 6 SYSTEMPATH/CodeIgniter.php(821): CodeIgniter\Router\RouteCollection->loadRoutes()
 7 SYSTEMPATH/CodeIgniter.php(455): CodeIgniter\CodeIgniter->tryToRouteIt(null)
 8 SYSTEMPATH/CodeIgniter.php(354): CodeIgniter\CodeIgniter->handleRequest(null, Object(Config\Cache), false)
 9 SYSTEMPATH/Boot.php(363): CodeIgniter\CodeIgniter->run()
10 SYSTEMPATH/Boot.php(68): CodeIgniter\Boot::runCodeIgniter(Object(CodeIgniter\CodeIgniter))
11 FCPATH/index.php(59): CodeIgniter\Boot::bootWeb(Object(Config\Paths))
WARNING - 2025-09-18 15:39:42 --> [DEPRECATED] Passing lowercase HTTP method "get" is deprecated. Use uppercase HTTP method like "GET". in SYSTEMPATH/Router/RouteCollection.php on line 1026.
 1 SYSTEMPATH/Router/RouteCollection.php(1026): trigger_error('Passing lowercase HTTP method "get" is deprecated. Use uppercase HTTP method like "GET".', 16384)
 2 APPPATH/Config/Routes.php(148): CodeIgniter\Router\RouteCollection->match([...], 'mesociclos/(:num)/bloque/nuevo', 'GimnasioMesociclos::bloqueNuevo/$1')
 3 SYSTEMPATH/Router/RouteCollection.php(799): CodeIgniter\Router\RouteCollection::{closure}(Object(CodeIgniter\Router\RouteCollection))
 4 APPPATH/Config/Routes.php(144): CodeIgniter\Router\RouteCollection->group('gimnasio', [...], Object(Closure))
 5 SYSTEMPATH/Router/RouteCollection.php(339): require('/Applications/ServBay/www/trackbitos/app/Config/Routes.php')
 6 SYSTEMPATH/CodeIgniter.php(821): CodeIgniter\Router\RouteCollection->loadRoutes()
 7 SYSTEMPATH/CodeIgniter.php(455): CodeIgniter\CodeIgniter->tryToRouteIt(null)
 8 SYSTEMPATH/CodeIgniter.php(354): CodeIgniter\CodeIgniter->handleRequest(null, Object(Config\Cache), false)
 9 SYSTEMPATH/Boot.php(363): CodeIgniter\CodeIgniter->run()
10 SYSTEMPATH/Boot.php(68): CodeIgniter\Boot::runCodeIgniter(Object(CodeIgniter\CodeIgniter))
11 FCPATH/index.php(59): CodeIgniter\Boot::bootWeb(Object(Config\Paths))
WARNING - 2025-09-18 15:39:42 --> [DEPRECATED] Passing lowercase HTTP method "post" is deprecated. Use uppercase HTTP method like "POST". in SYSTEMPATH/Router/RouteCollection.php on line 1026.
 1 SYSTEMPATH/Router/RouteCollection.php(1026): trigger_error('Passing lowercase HTTP method "post" is deprecated. Use uppercase HTTP method like "POST".', 16384)
 2 APPPATH/Config/Routes.php(148): CodeIgniter\Router\RouteCollection->match([...], 'mesociclos/(:num)/bloque/nuevo', 'GimnasioMesociclos::bloqueNuevo/$1')
 3 SYSTEMPATH/Router/RouteCollection.php(799): CodeIgniter\Router\RouteCollection::{closure}(Object(CodeIgniter\Router\RouteCollection))
 4 APPPATH/Config/Routes.php(144): CodeIgniter\Router\RouteCollection->group('gimnasio', [...], Object(Closure))
 5 SYSTEMPATH/Router/RouteCollection.php(339): require('/Applications/ServBay/www/trackbitos/app/Config/Routes.php')
 6 SYSTEMPATH/CodeIgniter.php(821): CodeIgniter\Router\RouteCollection->loadRoutes()
 7 SYSTEMPATH/CodeIgniter.php(455): CodeIgniter\CodeIgniter->tryToRouteIt(null)
 8 SYSTEMPATH/CodeIgniter.php(354): CodeIgniter\CodeIgniter->handleRequest(null, Object(Config\Cache), false)
 9 SYSTEMPATH/Boot.php(363): CodeIgniter\CodeIgniter->run()
10 SYSTEMPATH/Boot.php(68): CodeIgniter\Boot::runCodeIgniter(Object(CodeIgniter\CodeIgniter))
11 FCPATH/index.php(59): CodeIgniter\Boot::bootWeb(Object(Config\Paths))
WARNING - 2025-09-18 15:39:42 --> [DEPRECATED] Passing lowercase HTTP method "get" is deprecated. Use uppercase HTTP method like "GET". in SYSTEMPATH/Router/RouteCollection.php on line 1026.
 1 SYSTEMPATH/Router/RouteCollection.php(1026): trigger_error('Passing lowercase HTTP method "get" is deprecated. Use uppercase HTTP method like "GET".', 16384)
 2 APPPATH/Config/Routes.php(150): CodeIgniter\Router\RouteCollection->match([...], 'mesociclos/(:num)/asignar/(:num)', 'GimnasioMesociclos::asignar/$1/$2')
 3 SYSTEMPATH/Router/RouteCollection.php(799): CodeIgniter\Router\RouteCollection::{closure}(Object(CodeIgniter\Router\RouteCollection))
 4 APPPATH/Config/Routes.php(144): CodeIgniter\Router\RouteCollection->group('gimnasio', [...], Object(Closure))
 5 SYSTEMPATH/Router/RouteCollection.php(339): require('/Applications/ServBay/www/trackbitos/app/Config/Routes.php')
 6 SYSTEMPATH/CodeIgniter.php(821): CodeIgniter\Router\RouteCollection->loadRoutes()
 7 SYSTEMPATH/CodeIgniter.php(455): CodeIgniter\CodeIgniter->tryToRouteIt(null)
 8 SYSTEMPATH/CodeIgniter.php(354): CodeIgniter\CodeIgniter->handleRequest(null, Object(Config\Cache), false)
 9 SYSTEMPATH/Boot.php(363): CodeIgniter\CodeIgniter->run()
10 SYSTEMPATH/Boot.php(68): CodeIgniter\Boot::runCodeIgniter(Object(CodeIgniter\CodeIgniter))
11 FCPATH/index.php(59): CodeIgniter\Boot::bootWeb(Object(Config\Paths))
WARNING - 2025-09-18 15:39:42 --> [DEPRECATED] Passing lowercase HTTP method "post" is deprecated. Use uppercase HTTP method like "POST". in SYSTEMPATH/Router/RouteCollection.php on line 1026.
 1 SYSTEMPATH/Router/RouteCollection.php(1026): trigger_error('Passing lowercase HTTP method "post" is deprecated. Use uppercase HTTP method like "POST".', 16384)
 2 APPPATH/Config/Routes.php(150): CodeIgniter\Router\RouteCollection->match([...], 'mesociclos/(:num)/asignar/(:num)', 'GimnasioMesociclos::asignar/$1/$2')
 3 SYSTEMPATH/Router/RouteCollection.php(799): CodeIgniter\Router\RouteCollection::{closure}(Object(CodeIgniter\Router\RouteCollection))
 4 APPPATH/Config/Routes.php(144): CodeIgniter\Router\RouteCollection->group('gimnasio', [...], Object(Closure))
 5 SYSTEMPATH/Router/RouteCollection.php(339): require('/Applications/ServBay/www/trackbitos/app/Config/Routes.php')
 6 SYSTEMPATH/CodeIgniter.php(821): CodeIgniter\Router\RouteCollection->loadRoutes()
 7 SYSTEMPATH/CodeIgniter.php(455): CodeIgniter\CodeIgniter->tryToRouteIt(null)
 8 SYSTEMPATH/CodeIgniter.php(354): CodeIgniter\CodeIgniter->handleRequest(null, Object(Config\Cache), false)
 9 SYSTEMPATH/Boot.php(363): CodeIgniter\CodeIgniter->run()
10 SYSTEMPATH/Boot.php(68): CodeIgniter\Boot::runCodeIgniter(Object(CodeIgniter\CodeIgniter))
11 FCPATH/index.php(59): CodeIgniter\Boot::bootWeb(Object(Config\Paths))
WARNING - 2025-09-18 15:39:42 --> [DEPRECATED] Passing lowercase HTTP method "get" is deprecated. Use uppercase HTTP method like "GET". in SYSTEMPATH/Router/RouteCollection.php on line 1026.
 1 SYSTEMPATH/Router/RouteCollection.php(1026): trigger_error('Passing lowercase HTTP method "get" is deprecated. Use uppercase HTTP method like "GET".', 16384)
 2 APPPATH/Config/Routes.php(153): CodeIgniter\Router\RouteCollection->match([...], 'mesociclos/(:num)/generar', 'GimnasioMesociclos::generar/$1')
 3 SYSTEMPATH/Router/RouteCollection.php(799): CodeIgniter\Router\RouteCollection::{closure}(Object(CodeIgniter\Router\RouteCollection))
 4 APPPATH/Config/Routes.php(144): CodeIgniter\Router\RouteCollection->group('gimnasio', [...], Object(Closure))
 5 SYSTEMPATH/Router/RouteCollection.php(339): require('/Applications/ServBay/www/trackbitos/app/Config/Routes.php')
 6 SYSTEMPATH/CodeIgniter.php(821): CodeIgniter\Router\RouteCollection->loadRoutes()
 7 SYSTEMPATH/CodeIgniter.php(455): CodeIgniter\CodeIgniter->tryToRouteIt(null)
 8 SYSTEMPATH/CodeIgniter.php(354): CodeIgniter\CodeIgniter->handleRequest(null, Object(Config\Cache), false)
 9 SYSTEMPATH/Boot.php(363): CodeIgniter\CodeIgniter->run()
10 SYSTEMPATH/Boot.php(68): CodeIgniter\Boot::runCodeIgniter(Object(CodeIgniter\CodeIgniter))
11 FCPATH/index.php(59): CodeIgniter\Boot::bootWeb(Object(Config\Paths))
WARNING - 2025-09-18 15:39:42 --> [DEPRECATED] Passing lowercase HTTP method "post" is deprecated. Use uppercase HTTP method like "POST". in SYSTEMPATH/Router/RouteCollection.php on line 1026.
 1 SYSTEMPATH/Router/RouteCollection.php(1026): trigger_error('Passing lowercase HTTP method "post" is deprecated. Use uppercase HTTP method like "POST".', 16384)
 2 APPPATH/Config/Routes.php(153): CodeIgniter\Router\RouteCollection->match([...], 'mesociclos/(:num)/generar', 'GimnasioMesociclos::generar/$1')
 3 SYSTEMPATH/Router/RouteCollection.php(799): CodeIgniter\Router\RouteCollection::{closure}(Object(CodeIgniter\Router\RouteCollection))
 4 APPPATH/Config/Routes.php(144): CodeIgniter\Router\RouteCollection->group('gimnasio', [...], Object(Closure))
 5 SYSTEMPATH/Router/RouteCollection.php(339): require('/Applications/ServBay/www/trackbitos/app/Config/Routes.php')
 6 SYSTEMPATH/CodeIgniter.php(821): CodeIgniter\Router\RouteCollection->loadRoutes()
 7 SYSTEMPATH/CodeIgniter.php(455): CodeIgniter\CodeIgniter->tryToRouteIt(null)
 8 SYSTEMPATH/CodeIgniter.php(354): CodeIgniter\CodeIgniter->handleRequest(null, Object(Config\Cache), false)
 9 SYSTEMPATH/Boot.php(363): CodeIgniter\CodeIgniter->run()
10 SYSTEMPATH/Boot.php(68): CodeIgniter\Boot::runCodeIgniter(Object(CodeIgniter\CodeIgniter))
11 FCPATH/index.php(59): CodeIgniter\Boot::bootWeb(Object(Config\Paths))
WARNING - 2025-09-18 15:39:42 --> [DEPRECATED] Passing lowercase HTTP method "get" is deprecated. Use uppercase HTTP method like "GET". in SYSTEMPATH/Router/RouteCollection.php on line 1026.
 1 SYSTEMPATH/Router/RouteCollection.php(1026): trigger_error('Passing lowercase HTTP method "get" is deprecated. Use uppercase HTTP method like "GET".', 16384)
 2 APPPATH/Config/Routes.php(161): CodeIgniter\Router\RouteCollection->match([...], 'mesociclos/(:num)/generar/bilbo', 'GimnasioMesociclos::generarBilbo/$1')
 3 SYSTEMPATH/Router/RouteCollection.php(799): CodeIgniter\Router\RouteCollection::{closure}(Object(CodeIgniter\Router\RouteCollection))
 4 APPPATH/Config/Routes.php(144): CodeIgniter\Router\RouteCollection->group('gimnasio', [...], Object(Closure))
 5 SYSTEMPATH/Router/RouteCollection.php(339): require('/Applications/ServBay/www/trackbitos/app/Config/Routes.php')
 6 SYSTEMPATH/CodeIgniter.php(821): CodeIgniter\Router\RouteCollection->loadRoutes()
 7 SYSTEMPATH/CodeIgniter.php(455): CodeIgniter\CodeIgniter->tryToRouteIt(null)
 8 SYSTEMPATH/CodeIgniter.php(354): CodeIgniter\CodeIgniter->handleRequest(null, Object(Config\Cache), false)
 9 SYSTEMPATH/Boot.php(363): CodeIgniter\CodeIgniter->run()
10 SYSTEMPATH/Boot.php(68): CodeIgniter\Boot::runCodeIgniter(Object(CodeIgniter\CodeIgniter))
11 FCPATH/index.php(59): CodeIgniter\Boot::bootWeb(Object(Config\Paths))
WARNING - 2025-09-18 15:39:42 --> [DEPRECATED] Passing lowercase HTTP method "post" is deprecated. Use uppercase HTTP method like "POST". in SYSTEMPATH/Router/RouteCollection.php on line 1026.
 1 SYSTEMPATH/Router/RouteCollection.php(1026): trigger_error('Passing lowercase HTTP method "post" is deprecated. Use uppercase HTTP method like "POST".', 16384)
 2 APPPATH/Config/Routes.php(161): CodeIgniter\Router\RouteCollection->match([...], 'mesociclos/(:num)/generar/bilbo', 'GimnasioMesociclos::generarBilbo/$1')
 3 SYSTEMPATH/Router/RouteCollection.php(799): CodeIgniter\Router\RouteCollection::{closure}(Object(CodeIgniter\Router\RouteCollection))
 4 APPPATH/Config/Routes.php(144): CodeIgniter\Router\RouteCollection->group('gimnasio', [...], Object(Closure))
 5 SYSTEMPATH/Router/RouteCollection.php(339): require('/Applications/ServBay/www/trackbitos/app/Config/Routes.php')
 6 SYSTEMPATH/CodeIgniter.php(821): CodeIgniter\Router\RouteCollection->loadRoutes()
 7 SYSTEMPATH/CodeIgniter.php(455): CodeIgniter\CodeIgniter->tryToRouteIt(null)
 8 SYSTEMPATH/CodeIgniter.php(354): CodeIgniter\CodeIgniter->handleRequest(null, Object(Config\Cache), false)
 9 SYSTEMPATH/Boot.php(363): CodeIgniter\CodeIgniter->run()
10 SYSTEMPATH/Boot.php(68): CodeIgniter\Boot::runCodeIgniter(Object(CodeIgniter\CodeIgniter))
11 FCPATH/index.php(59): CodeIgniter\Boot::bootWeb(Object(Config\Paths))
WARNING - 2025-09-18 15:39:42 --> [DEPRECATED] Passing lowercase HTTP method "get" is deprecated. Use uppercase HTTP method like "GET". in SYSTEMPATH/Router/RouteCollection.php on line 1026.
 1 SYSTEMPATH/Router/RouteCollection.php(1026): trigger_error('Passing lowercase HTTP method "get" is deprecated. Use uppercase HTTP method like "GET".', 16384)
 2 APPPATH/Config/Routes.php(261): CodeIgniter\Router\RouteCollection->match([...], 'crear', 'Youtube::crearLista')
 3 SYSTEMPATH/Router/RouteCollection.php(799): CodeIgniter\Router\RouteCollection::{closure}(Object(CodeIgniter\Router\RouteCollection))
 4 APPPATH/Config/Routes.php(259): CodeIgniter\Router\RouteCollection->group('youtube', [...], Object(Closure))
 5 SYSTEMPATH/Router/RouteCollection.php(339): require('/Applications/ServBay/www/trackbitos/app/Config/Routes.php')
 6 SYSTEMPATH/CodeIgniter.php(821): CodeIgniter\Router\RouteCollection->loadRoutes()
 7 SYSTEMPATH/CodeIgniter.php(455): CodeIgniter\CodeIgniter->tryToRouteIt(null)
 8 SYSTEMPATH/CodeIgniter.php(354): CodeIgniter\CodeIgniter->handleRequest(null, Object(Config\Cache), false)
 9 SYSTEMPATH/Boot.php(363): CodeIgniter\CodeIgniter->run()
10 SYSTEMPATH/Boot.php(68): CodeIgniter\Boot::runCodeIgniter(Object(CodeIgniter\CodeIgniter))
11 FCPATH/index.php(59): CodeIgniter\Boot::bootWeb(Object(Config\Paths))
WARNING - 2025-09-18 15:39:42 --> [DEPRECATED] Passing lowercase HTTP method "post" is deprecated. Use uppercase HTTP method like "POST". in SYSTEMPATH/Router/RouteCollection.php on line 1026.
 1 SYSTEMPATH/Router/RouteCollection.php(1026): trigger_error('Passing lowercase HTTP method "post" is deprecated. Use uppercase HTTP method like "POST".', 16384)
 2 APPPATH/Config/Routes.php(261): CodeIgniter\Router\RouteCollection->match([...], 'crear', 'Youtube::crearLista')
 3 SYSTEMPATH/Router/RouteCollection.php(799): CodeIgniter\Router\RouteCollection::{closure}(Object(CodeIgniter\Router\RouteCollection))
 4 APPPATH/Config/Routes.php(259): CodeIgniter\Router\RouteCollection->group('youtube', [...], Object(Closure))
 5 SYSTEMPATH/Router/RouteCollection.php(339): require('/Applications/ServBay/www/trackbitos/app/Config/Routes.php')
 6 SYSTEMPATH/CodeIgniter.php(821): CodeIgniter\Router\RouteCollection->loadRoutes()
 7 SYSTEMPATH/CodeIgniter.php(455): CodeIgniter\CodeIgniter->tryToRouteIt(null)
 8 SYSTEMPATH/CodeIgniter.php(354): CodeIgniter\CodeIgniter->handleRequest(null, Object(Config\Cache), false)
 9 SYSTEMPATH/Boot.php(363): CodeIgniter\CodeIgniter->run()
10 SYSTEMPATH/Boot.php(68): CodeIgniter\Boot::runCodeIgniter(Object(CodeIgniter\CodeIgniter))
11 FCPATH/index.php(59): CodeIgniter\Boot::bootWeb(Object(Config\Paths))
DEBUG - 2025-09-18 15:39:42 --> Session: Class initialized using 'CodeIgniter\Session\Handlers\FileHandler' driver.
WARNING - 2025-09-18 15:42:25 --> [DEPRECATED] Passing lowercase HTTP method "get" is deprecated. Use uppercase HTTP method like "GET". in SYSTEMPATH/Router/RouteCollection.php on line 1026.
 1 SYSTEMPATH/Router/RouteCollection.php(1026): trigger_error('Passing lowercase HTTP method "get" is deprecated. Use uppercase HTTP method like "GET".', 16384)
 2 APPPATH/Config/Routes.php(146): CodeIgniter\Router\RouteCollection->match([...], 'mesociclos/nuevo', 'GimnasioMesociclos::nuevo')
 3 SYSTEMPATH/Router/RouteCollection.php(799): CodeIgniter\Router\RouteCollection::{closure}(Object(CodeIgniter\Router\RouteCollection))
 4 APPPATH/Config/Routes.php(144): CodeIgniter\Router\RouteCollection->group('gimnasio', [...], Object(Closure))
 5 SYSTEMPATH/Router/RouteCollection.php(339): require('/Applications/ServBay/www/trackbitos/app/Config/Routes.php')
 6 SYSTEMPATH/CodeIgniter.php(821): CodeIgniter\Router\RouteCollection->loadRoutes()
 7 SYSTEMPATH/CodeIgniter.php(455): CodeIgniter\CodeIgniter->tryToRouteIt(null)
 8 SYSTEMPATH/CodeIgniter.php(354): CodeIgniter\CodeIgniter->handleRequest(null, Object(Config\Cache), false)
 9 SYSTEMPATH/Boot.php(363): CodeIgniter\CodeIgniter->run()
10 SYSTEMPATH/Boot.php(68): CodeIgniter\Boot::runCodeIgniter(Object(CodeIgniter\CodeIgniter))
11 FCPATH/index.php(59): CodeIgniter\Boot::bootWeb(Object(Config\Paths))
WARNING - 2025-09-18 15:42:25 --> [DEPRECATED] Passing lowercase HTTP method "post" is deprecated. Use uppercase HTTP method like "POST". in SYSTEMPATH/Router/RouteCollection.php on line 1026.
 1 SYSTEMPATH/Router/RouteCollection.php(1026): trigger_error('Passing lowercase HTTP method "post" is deprecated. Use uppercase HTTP method like "POST".', 16384)
 2 APPPATH/Config/Routes.php(146): CodeIgniter\Router\RouteCollection->match([...], 'mesociclos/nuevo', 'GimnasioMesociclos::nuevo')
 3 SYSTEMPATH/Router/RouteCollection.php(799): CodeIgniter\Router\RouteCollection::{closure}(Object(CodeIgniter\Router\RouteCollection))
 4 APPPATH/Config/Routes.php(144): CodeIgniter\Router\RouteCollection->group('gimnasio', [...], Object(Closure))
 5 SYSTEMPATH/Router/RouteCollection.php(339): require('/Applications/ServBay/www/trackbitos/app/Config/Routes.php')
 6 SYSTEMPATH/CodeIgniter.php(821): CodeIgniter\Router\RouteCollection->loadRoutes()
 7 SYSTEMPATH/CodeIgniter.php(455): CodeIgniter\CodeIgniter->tryToRouteIt(null)
 8 SYSTEMPATH/CodeIgniter.php(354): CodeIgniter\CodeIgniter->handleRequest(null, Object(Config\Cache), false)
 9 SYSTEMPATH/Boot.php(363): CodeIgniter\CodeIgniter->run()
10 SYSTEMPATH/Boot.php(68): CodeIgniter\Boot::runCodeIgniter(Object(CodeIgniter\CodeIgniter))
11 FCPATH/index.php(59): CodeIgniter\Boot::bootWeb(Object(Config\Paths))
WARNING - 2025-09-18 15:42:25 --> [DEPRECATED] Passing lowercase HTTP method "get" is deprecated. Use uppercase HTTP method like "GET". in SYSTEMPATH/Router/RouteCollection.php on line 1026.
 1 SYSTEMPATH/Router/RouteCollection.php(1026): trigger_error('Passing lowercase HTTP method "get" is deprecated. Use uppercase HTTP method like "GET".', 16384)
 2 APPPATH/Config/Routes.php(148): CodeIgniter\Router\RouteCollection->match([...], 'mesociclos/(:num)/bloque/nuevo', 'GimnasioMesociclos::bloqueNuevo/$1')
 3 SYSTEMPATH/Router/RouteCollection.php(799): CodeIgniter\Router\RouteCollection::{closure}(Object(CodeIgniter\Router\RouteCollection))
 4 APPPATH/Config/Routes.php(144): CodeIgniter\Router\RouteCollection->group('gimnasio', [...], Object(Closure))
 5 SYSTEMPATH/Router/RouteCollection.php(339): require('/Applications/ServBay/www/trackbitos/app/Config/Routes.php')
 6 SYSTEMPATH/CodeIgniter.php(821): CodeIgniter\Router\RouteCollection->loadRoutes()
 7 SYSTEMPATH/CodeIgniter.php(455): CodeIgniter\CodeIgniter->tryToRouteIt(null)
 8 SYSTEMPATH/CodeIgniter.php(354): CodeIgniter\CodeIgniter->handleRequest(null, Object(Config\Cache), false)
 9 SYSTEMPATH/Boot.php(363): CodeIgniter\CodeIgniter->run()
10 SYSTEMPATH/Boot.php(68): CodeIgniter\Boot::runCodeIgniter(Object(CodeIgniter\CodeIgniter))
11 FCPATH/index.php(59): CodeIgniter\Boot::bootWeb(Object(Config\Paths))
WARNING - 2025-09-18 15:42:25 --> [DEPRECATED] Passing lowercase HTTP method "post" is deprecated. Use uppercase HTTP method like "POST". in SYSTEMPATH/Router/RouteCollection.php on line 1026.
 1 SYSTEMPATH/Router/RouteCollection.php(1026): trigger_error('Passing lowercase HTTP method "post" is deprecated. Use uppercase HTTP method like "POST".', 16384)
 2 APPPATH/Config/Routes.php(148): CodeIgniter\Router\RouteCollection->match([...], 'mesociclos/(:num)/bloque/nuevo', 'GimnasioMesociclos::bloqueNuevo/$1')
 3 SYSTEMPATH/Router/RouteCollection.php(799): CodeIgniter\Router\RouteCollection::{closure}(Object(CodeIgniter\Router\RouteCollection))
 4 APPPATH/Config/Routes.php(144): CodeIgniter\Router\RouteCollection->group('gimnasio', [...], Object(Closure))
 5 SYSTEMPATH/Router/RouteCollection.php(339): require('/Applications/ServBay/www/trackbitos/app/Config/Routes.php')
 6 SYSTEMPATH/CodeIgniter.php(821): CodeIgniter\Router\RouteCollection->loadRoutes()
 7 SYSTEMPATH/CodeIgniter.php(455): CodeIgniter\CodeIgniter->tryToRouteIt(null)
 8 SYSTEMPATH/CodeIgniter.php(354): CodeIgniter\CodeIgniter->handleRequest(null, Object(Config\Cache), false)
 9 SYSTEMPATH/Boot.php(363): CodeIgniter\CodeIgniter->run()
10 SYSTEMPATH/Boot.php(68): CodeIgniter\Boot::runCodeIgniter(Object(CodeIgniter\CodeIgniter))
11 FCPATH/index.php(59): CodeIgniter\Boot::bootWeb(Object(Config\Paths))
WARNING - 2025-09-18 15:42:25 --> [DEPRECATED] Passing lowercase HTTP method "get" is deprecated. Use uppercase HTTP method like "GET". in SYSTEMPATH/Router/RouteCollection.php on line 1026.
 1 SYSTEMPATH/Router/RouteCollection.php(1026): trigger_error('Passing lowercase HTTP method "get" is deprecated. Use uppercase HTTP method like "GET".', 16384)
 2 APPPATH/Config/Routes.php(150): CodeIgniter\Router\RouteCollection->match([...], 'mesociclos/(:num)/asignar/(:num)', 'GimnasioMesociclos::asignar/$1/$2')
 3 SYSTEMPATH/Router/RouteCollection.php(799): CodeIgniter\Router\RouteCollection::{closure}(Object(CodeIgniter\Router\RouteCollection))
 4 APPPATH/Config/Routes.php(144): CodeIgniter\Router\RouteCollection->group('gimnasio', [...], Object(Closure))
 5 SYSTEMPATH/Router/RouteCollection.php(339): require('/Applications/ServBay/www/trackbitos/app/Config/Routes.php')
 6 SYSTEMPATH/CodeIgniter.php(821): CodeIgniter\Router\RouteCollection->loadRoutes()
 7 SYSTEMPATH/CodeIgniter.php(455): CodeIgniter\CodeIgniter->tryToRouteIt(null)
 8 SYSTEMPATH/CodeIgniter.php(354): CodeIgniter\CodeIgniter->handleRequest(null, Object(Config\Cache), false)
 9 SYSTEMPATH/Boot.php(363): CodeIgniter\CodeIgniter->run()
10 SYSTEMPATH/Boot.php(68): CodeIgniter\Boot::runCodeIgniter(Object(CodeIgniter\CodeIgniter))
11 FCPATH/index.php(59): CodeIgniter\Boot::bootWeb(Object(Config\Paths))
WARNING - 2025-09-18 15:42:25 --> [DEPRECATED] Passing lowercase HTTP method "post" is deprecated. Use uppercase HTTP method like "POST". in SYSTEMPATH/Router/RouteCollection.php on line 1026.
 1 SYSTEMPATH/Router/RouteCollection.php(1026): trigger_error('Passing lowercase HTTP method "post" is deprecated. Use uppercase HTTP method like "POST".', 16384)
 2 APPPATH/Config/Routes.php(150): CodeIgniter\Router\RouteCollection->match([...], 'mesociclos/(:num)/asignar/(:num)', 'GimnasioMesociclos::asignar/$1/$2')
 3 SYSTEMPATH/Router/RouteCollection.php(799): CodeIgniter\Router\RouteCollection::{closure}(Object(CodeIgniter\Router\RouteCollection))
 4 APPPATH/Config/Routes.php(144): CodeIgniter\Router\RouteCollection->group('gimnasio', [...], Object(Closure))
 5 SYSTEMPATH/Router/RouteCollection.php(339): require('/Applications/ServBay/www/trackbitos/app/Config/Routes.php')
 6 SYSTEMPATH/CodeIgniter.php(821): CodeIgniter\Router\RouteCollection->loadRoutes()
 7 SYSTEMPATH/CodeIgniter.php(455): CodeIgniter\CodeIgniter->tryToRouteIt(null)
 8 SYSTEMPATH/CodeIgniter.php(354): CodeIgniter\CodeIgniter->handleRequest(null, Object(Config\Cache), false)
 9 SYSTEMPATH/Boot.php(363): CodeIgniter\CodeIgniter->run()
10 SYSTEMPATH/Boot.php(68): CodeIgniter\Boot::runCodeIgniter(Object(CodeIgniter\CodeIgniter))
11 FCPATH/index.php(59): CodeIgniter\Boot::bootWeb(Object(Config\Paths))
WARNING - 2025-09-18 15:42:25 --> [DEPRECATED] Passing lowercase HTTP method "get" is deprecated. Use uppercase HTTP method like "GET". in SYSTEMPATH/Router/RouteCollection.php on line 1026.
 1 SYSTEMPATH/Router/RouteCollection.php(1026): trigger_error('Passing lowercase HTTP method "get" is deprecated. Use uppercase HTTP method like "GET".', 16384)
 2 APPPATH/Config/Routes.php(153): CodeIgniter\Router\RouteCollection->match([...], 'mesociclos/(:num)/generar', 'GimnasioMesociclos::generar/$1')
 3 SYSTEMPATH/Router/RouteCollection.php(799): CodeIgniter\Router\RouteCollection::{closure}(Object(CodeIgniter\Router\RouteCollection))
 4 APPPATH/Config/Routes.php(144): CodeIgniter\Router\RouteCollection->group('gimnasio', [...], Object(Closure))
 5 SYSTEMPATH/Router/RouteCollection.php(339): require('/Applications/ServBay/www/trackbitos/app/Config/Routes.php')
 6 SYSTEMPATH/CodeIgniter.php(821): CodeIgniter\Router\RouteCollection->loadRoutes()
 7 SYSTEMPATH/CodeIgniter.php(455): CodeIgniter\CodeIgniter->tryToRouteIt(null)
 8 SYSTEMPATH/CodeIgniter.php(354): CodeIgniter\CodeIgniter->handleRequest(null, Object(Config\Cache), false)
 9 SYSTEMPATH/Boot.php(363): CodeIgniter\CodeIgniter->run()
10 SYSTEMPATH/Boot.php(68): CodeIgniter\Boot::runCodeIgniter(Object(CodeIgniter\CodeIgniter))
11 FCPATH/index.php(59): CodeIgniter\Boot::bootWeb(Object(Config\Paths))
WARNING - 2025-09-18 15:42:25 --> [DEPRECATED] Passing lowercase HTTP method "post" is deprecated. Use uppercase HTTP method like "POST". in SYSTEMPATH/Router/RouteCollection.php on line 1026.
 1 SYSTEMPATH/Router/RouteCollection.php(1026): trigger_error('Passing lowercase HTTP method "post" is deprecated. Use uppercase HTTP method like "POST".', 16384)
 2 APPPATH/Config/Routes.php(153): CodeIgniter\Router\RouteCollection->match([...], 'mesociclos/(:num)/generar', 'GimnasioMesociclos::generar/$1')
 3 SYSTEMPATH/Router/RouteCollection.php(799): CodeIgniter\Router\RouteCollection::{closure}(Object(CodeIgniter\Router\RouteCollection))
 4 APPPATH/Config/Routes.php(144): CodeIgniter\Router\RouteCollection->group('gimnasio', [...], Object(Closure))
 5 SYSTEMPATH/Router/RouteCollection.php(339): require('/Applications/ServBay/www/trackbitos/app/Config/Routes.php')
 6 SYSTEMPATH/CodeIgniter.php(821): CodeIgniter\Router\RouteCollection->loadRoutes()
 7 SYSTEMPATH/CodeIgniter.php(455): CodeIgniter\CodeIgniter->tryToRouteIt(null)
 8 SYSTEMPATH/CodeIgniter.php(354): CodeIgniter\CodeIgniter->handleRequest(null, Object(Config\Cache), false)
 9 SYSTEMPATH/Boot.php(363): CodeIgniter\CodeIgniter->run()
10 SYSTEMPATH/Boot.php(68): CodeIgniter\Boot::runCodeIgniter(Object(CodeIgniter\CodeIgniter))
11 FCPATH/index.php(59): CodeIgniter\Boot::bootWeb(Object(Config\Paths))
WARNING - 2025-09-18 15:42:25 --> [DEPRECATED] Passing lowercase HTTP method "get" is deprecated. Use uppercase HTTP method like "GET". in SYSTEMPATH/Router/RouteCollection.php on line 1026.
 1 SYSTEMPATH/Router/RouteCollection.php(1026): trigger_error('Passing lowercase HTTP method "get" is deprecated. Use uppercase HTTP method like "GET".', 16384)
 2 APPPATH/Config/Routes.php(161): CodeIgniter\Router\RouteCollection->match([...], 'mesociclos/(:num)/generar/bilbo', 'GimnasioMesociclos::generarBilbo/$1')
 3 SYSTEMPATH/Router/RouteCollection.php(799): CodeIgniter\Router\RouteCollection::{closure}(Object(CodeIgniter\Router\RouteCollection))
 4 APPPATH/Config/Routes.php(144): CodeIgniter\Router\RouteCollection->group('gimnasio', [...], Object(Closure))
 5 SYSTEMPATH/Router/RouteCollection.php(339): require('/Applications/ServBay/www/trackbitos/app/Config/Routes.php')
 6 SYSTEMPATH/CodeIgniter.php(821): CodeIgniter\Router\RouteCollection->loadRoutes()
 7 SYSTEMPATH/CodeIgniter.php(455): CodeIgniter\CodeIgniter->tryToRouteIt(null)
 8 SYSTEMPATH/CodeIgniter.php(354): CodeIgniter\CodeIgniter->handleRequest(null, Object(Config\Cache), false)
 9 SYSTEMPATH/Boot.php(363): CodeIgniter\CodeIgniter->run()
10 SYSTEMPATH/Boot.php(68): CodeIgniter\Boot::runCodeIgniter(Object(CodeIgniter\CodeIgniter))
11 FCPATH/index.php(59): CodeIgniter\Boot::bootWeb(Object(Config\Paths))
WARNING - 2025-09-18 15:42:25 --> [DEPRECATED] Passing lowercase HTTP method "post" is deprecated. Use uppercase HTTP method like "POST". in SYSTEMPATH/Router/RouteCollection.php on line 1026.
 1 SYSTEMPATH/Router/RouteCollection.php(1026): trigger_error('Passing lowercase HTTP method "post" is deprecated. Use uppercase HTTP method like "POST".', 16384)
 2 APPPATH/Config/Routes.php(161): CodeIgniter\Router\RouteCollection->match([...], 'mesociclos/(:num)/generar/bilbo', 'GimnasioMesociclos::generarBilbo/$1')
 3 SYSTEMPATH/Router/RouteCollection.php(799): CodeIgniter\Router\RouteCollection::{closure}(Object(CodeIgniter\Router\RouteCollection))
 4 APPPATH/Config/Routes.php(144): CodeIgniter\Router\RouteCollection->group('gimnasio', [...], Object(Closure))
 5 SYSTEMPATH/Router/RouteCollection.php(339): require('/Applications/ServBay/www/trackbitos/app/Config/Routes.php')
 6 SYSTEMPATH/CodeIgniter.php(821): CodeIgniter\Router\RouteCollection->loadRoutes()
 7 SYSTEMPATH/CodeIgniter.php(455): CodeIgniter\CodeIgniter->tryToRouteIt(null)
 8 SYSTEMPATH/CodeIgniter.php(354): CodeIgniter\CodeIgniter->handleRequest(null, Object(Config\Cache), false)
 9 SYSTEMPATH/Boot.php(363): CodeIgniter\CodeIgniter->run()
10 SYSTEMPATH/Boot.php(68): CodeIgniter\Boot::runCodeIgniter(Object(CodeIgniter\CodeIgniter))
11 FCPATH/index.php(59): CodeIgniter\Boot::bootWeb(Object(Config\Paths))
WARNING - 2025-09-18 15:42:25 --> [DEPRECATED] Passing lowercase HTTP method "get" is deprecated. Use uppercase HTTP method like "GET". in SYSTEMPATH/Router/RouteCollection.php on line 1026.
 1 SYSTEMPATH/Router/RouteCollection.php(1026): trigger_error('Passing lowercase HTTP method "get" is deprecated. Use uppercase HTTP method like "GET".', 16384)
 2 APPPATH/Config/Routes.php(261): CodeIgniter\Router\RouteCollection->match([...], 'crear', 'Youtube::crearLista')
 3 SYSTEMPATH/Router/RouteCollection.php(799): CodeIgniter\Router\RouteCollection::{closure}(Object(CodeIgniter\Router\RouteCollection))
 4 APPPATH/Config/Routes.php(259): CodeIgniter\Router\RouteCollection->group('youtube', [...], Object(Closure))
 5 SYSTEMPATH/Router/RouteCollection.php(339): require('/Applications/ServBay/www/trackbitos/app/Config/Routes.php')
 6 SYSTEMPATH/CodeIgniter.php(821): CodeIgniter\Router\RouteCollection->loadRoutes()
 7 SYSTEMPATH/CodeIgniter.php(455): CodeIgniter\CodeIgniter->tryToRouteIt(null)
 8 SYSTEMPATH/CodeIgniter.php(354): CodeIgniter\CodeIgniter->handleRequest(null, Object(Config\Cache), false)
 9 SYSTEMPATH/Boot.php(363): CodeIgniter\CodeIgniter->run()
10 SYSTEMPATH/Boot.php(68): CodeIgniter\Boot::runCodeIgniter(Object(CodeIgniter\CodeIgniter))
11 FCPATH/index.php(59): CodeIgniter\Boot::bootWeb(Object(Config\Paths))
WARNING - 2025-09-18 15:42:25 --> [DEPRECATED] Passing lowercase HTTP method "post" is deprecated. Use uppercase HTTP method like "POST". in SYSTEMPATH/Router/RouteCollection.php on line 1026.
 1 SYSTEMPATH/Router/RouteCollection.php(1026): trigger_error('Passing lowercase HTTP method "post" is deprecated. Use uppercase HTTP method like "POST".', 16384)
 2 APPPATH/Config/Routes.php(261): CodeIgniter\Router\RouteCollection->match([...], 'crear', 'Youtube::crearLista')
 3 SYSTEMPATH/Router/RouteCollection.php(799): CodeIgniter\Router\RouteCollection::{closure}(Object(CodeIgniter\Router\RouteCollection))
 4 APPPATH/Config/Routes.php(259): CodeIgniter\Router\RouteCollection->group('youtube', [...], Object(Closure))
 5 SYSTEMPATH/Router/RouteCollection.php(339): require('/Applications/ServBay/www/trackbitos/app/Config/Routes.php')
 6 SYSTEMPATH/CodeIgniter.php(821): CodeIgniter\Router\RouteCollection->loadRoutes()
 7 SYSTEMPATH/CodeIgniter.php(455): CodeIgniter\CodeIgniter->tryToRouteIt(null)
 8 SYSTEMPATH/CodeIgniter.php(354): CodeIgniter\CodeIgniter->handleRequest(null, Object(Config\Cache), false)
 9 SYSTEMPATH/Boot.php(363): CodeIgniter\CodeIgniter->run()
10 SYSTEMPATH/Boot.php(68): CodeIgniter\Boot::runCodeIgniter(Object(CodeIgniter\CodeIgniter))
11 FCPATH/index.php(59): CodeIgniter\Boot::bootWeb(Object(Config\Paths))
DEBUG - 2025-09-18 15:42:25 --> Session: Class initialized using 'CodeIgniter\Session\Handlers\FileHandler' driver.
WARNING - 2025-09-18 15:43:29 --> [DEPRECATED] Passing lowercase HTTP method "get" is deprecated. Use uppercase HTTP method like "GET". in SYSTEMPATH/Router/RouteCollection.php on line 1026.
 1 SYSTEMPATH/Router/RouteCollection.php(1026): trigger_error('Passing lowercase HTTP method "get" is deprecated. Use uppercase HTTP method like "GET".', 16384)
 2 APPPATH/Config/Routes.php(146): CodeIgniter\Router\RouteCollection->match([...], 'mesociclos/nuevo', 'GimnasioMesociclos::nuevo')
 3 SYSTEMPATH/Router/RouteCollection.php(799): CodeIgniter\Router\RouteCollection::{closure}(Object(CodeIgniter\Router\RouteCollection))
 4 APPPATH/Config/Routes.php(144): CodeIgniter\Router\RouteCollection->group('gimnasio', [...], Object(Closure))
 5 SYSTEMPATH/Router/RouteCollection.php(339): require('/Applications/ServBay/www/trackbitos/app/Config/Routes.php')
 6 SYSTEMPATH/CodeIgniter.php(821): CodeIgniter\Router\RouteCollection->loadRoutes()
 7 SYSTEMPATH/CodeIgniter.php(455): CodeIgniter\CodeIgniter->tryToRouteIt(null)
 8 SYSTEMPATH/CodeIgniter.php(354): CodeIgniter\CodeIgniter->handleRequest(null, Object(Config\Cache), false)
 9 SYSTEMPATH/Boot.php(363): CodeIgniter\CodeIgniter->run()
10 SYSTEMPATH/Boot.php(68): CodeIgniter\Boot::runCodeIgniter(Object(CodeIgniter\CodeIgniter))
11 FCPATH/index.php(59): CodeIgniter\Boot::bootWeb(Object(Config\Paths))
WARNING - 2025-09-18 15:43:29 --> [DEPRECATED] Passing lowercase HTTP method "post" is deprecated. Use uppercase HTTP method like "POST". in SYSTEMPATH/Router/RouteCollection.php on line 1026.
 1 SYSTEMPATH/Router/RouteCollection.php(1026): trigger_error('Passing lowercase HTTP method "post" is deprecated. Use uppercase HTTP method like "POST".', 16384)
 2 APPPATH/Config/Routes.php(146): CodeIgniter\Router\RouteCollection->match([...], 'mesociclos/nuevo', 'GimnasioMesociclos::nuevo')
 3 SYSTEMPATH/Router/RouteCollection.php(799): CodeIgniter\Router\RouteCollection::{closure}(Object(CodeIgniter\Router\RouteCollection))
 4 APPPATH/Config/Routes.php(144): CodeIgniter\Router\RouteCollection->group('gimnasio', [...], Object(Closure))
 5 SYSTEMPATH/Router/RouteCollection.php(339): require('/Applications/ServBay/www/trackbitos/app/Config/Routes.php')
 6 SYSTEMPATH/CodeIgniter.php(821): CodeIgniter\Router\RouteCollection->loadRoutes()
 7 SYSTEMPATH/CodeIgniter.php(455): CodeIgniter\CodeIgniter->tryToRouteIt(null)
 8 SYSTEMPATH/CodeIgniter.php(354): CodeIgniter\CodeIgniter->handleRequest(null, Object(Config\Cache), false)
 9 SYSTEMPATH/Boot.php(363): CodeIgniter\CodeIgniter->run()
10 SYSTEMPATH/Boot.php(68): CodeIgniter\Boot::runCodeIgniter(Object(CodeIgniter\CodeIgniter))
11 FCPATH/index.php(59): CodeIgniter\Boot::bootWeb(Object(Config\Paths))
WARNING - 2025-09-18 15:43:29 --> [DEPRECATED] Passing lowercase HTTP method "get" is deprecated. Use uppercase HTTP method like "GET". in SYSTEMPATH/Router/RouteCollection.php on line 1026.
 1 SYSTEMPATH/Router/RouteCollection.php(1026): trigger_error('Passing lowercase HTTP method "get" is deprecated. Use uppercase HTTP method like "GET".', 16384)
 2 APPPATH/Config/Routes.php(148): CodeIgniter\Router\RouteCollection->match([...], 'mesociclos/(:num)/bloque/nuevo', 'GimnasioMesociclos::bloqueNuevo/$1')
 3 SYSTEMPATH/Router/RouteCollection.php(799): CodeIgniter\Router\RouteCollection::{closure}(Object(CodeIgniter\Router\RouteCollection))
 4 APPPATH/Config/Routes.php(144): CodeIgniter\Router\RouteCollection->group('gimnasio', [...], Object(Closure))
 5 SYSTEMPATH/Router/RouteCollection.php(339): require('/Applications/ServBay/www/trackbitos/app/Config/Routes.php')
 6 SYSTEMPATH/CodeIgniter.php(821): CodeIgniter\Router\RouteCollection->loadRoutes()
 7 SYSTEMPATH/CodeIgniter.php(455): CodeIgniter\CodeIgniter->tryToRouteIt(null)
 8 SYSTEMPATH/CodeIgniter.php(354): CodeIgniter\CodeIgniter->handleRequest(null, Object(Config\Cache), false)
 9 SYSTEMPATH/Boot.php(363): CodeIgniter\CodeIgniter->run()
10 SYSTEMPATH/Boot.php(68): CodeIgniter\Boot::runCodeIgniter(Object(CodeIgniter\CodeIgniter))
11 FCPATH/index.php(59): CodeIgniter\Boot::bootWeb(Object(Config\Paths))
WARNING - 2025-09-18 15:43:29 --> [DEPRECATED] Passing lowercase HTTP method "post" is deprecated. Use uppercase HTTP method like "POST". in SYSTEMPATH/Router/RouteCollection.php on line 1026.
 1 SYSTEMPATH/Router/RouteCollection.php(1026): trigger_error('Passing lowercase HTTP method "post" is deprecated. Use uppercase HTTP method like "POST".', 16384)
 2 APPPATH/Config/Routes.php(148): CodeIgniter\Router\RouteCollection->match([...], 'mesociclos/(:num)/bloque/nuevo', 'GimnasioMesociclos::bloqueNuevo/$1')
 3 SYSTEMPATH/Router/RouteCollection.php(799): CodeIgniter\Router\RouteCollection::{closure}(Object(CodeIgniter\Router\RouteCollection))
 4 APPPATH/Config/Routes.php(144): CodeIgniter\Router\RouteCollection->group('gimnasio', [...], Object(Closure))
 5 SYSTEMPATH/Router/RouteCollection.php(339): require('/Applications/ServBay/www/trackbitos/app/Config/Routes.php')
 6 SYSTEMPATH/CodeIgniter.php(821): CodeIgniter\Router\RouteCollection->loadRoutes()
 7 SYSTEMPATH/CodeIgniter.php(455): CodeIgniter\CodeIgniter->tryToRouteIt(null)
 8 SYSTEMPATH/CodeIgniter.php(354): CodeIgniter\CodeIgniter->handleRequest(null, Object(Config\Cache), false)
 9 SYSTEMPATH/Boot.php(363): CodeIgniter\CodeIgniter->run()
10 SYSTEMPATH/Boot.php(68): CodeIgniter\Boot::runCodeIgniter(Object(CodeIgniter\CodeIgniter))
11 FCPATH/index.php(59): CodeIgniter\Boot::bootWeb(Object(Config\Paths))
WARNING - 2025-09-18 15:43:29 --> [DEPRECATED] Passing lowercase HTTP method "get" is deprecated. Use uppercase HTTP method like "GET". in SYSTEMPATH/Router/RouteCollection.php on line 1026.
 1 SYSTEMPATH/Router/RouteCollection.php(1026): trigger_error('Passing lowercase HTTP method "get" is deprecated. Use uppercase HTTP method like "GET".', 16384)
 2 APPPATH/Config/Routes.php(150): CodeIgniter\Router\RouteCollection->match([...], 'mesociclos/(:num)/asignar/(:num)', 'GimnasioMesociclos::asignar/$1/$2')
 3 SYSTEMPATH/Router/RouteCollection.php(799): CodeIgniter\Router\RouteCollection::{closure}(Object(CodeIgniter\Router\RouteCollection))
 4 APPPATH/Config/Routes.php(144): CodeIgniter\Router\RouteCollection->group('gimnasio', [...], Object(Closure))
 5 SYSTEMPATH/Router/RouteCollection.php(339): require('/Applications/ServBay/www/trackbitos/app/Config/Routes.php')
 6 SYSTEMPATH/CodeIgniter.php(821): CodeIgniter\Router\RouteCollection->loadRoutes()
 7 SYSTEMPATH/CodeIgniter.php(455): CodeIgniter\CodeIgniter->tryToRouteIt(null)
 8 SYSTEMPATH/CodeIgniter.php(354): CodeIgniter\CodeIgniter->handleRequest(null, Object(Config\Cache), false)
 9 SYSTEMPATH/Boot.php(363): CodeIgniter\CodeIgniter->run()
10 SYSTEMPATH/Boot.php(68): CodeIgniter\Boot::runCodeIgniter(Object(CodeIgniter\CodeIgniter))
11 FCPATH/index.php(59): CodeIgniter\Boot::bootWeb(Object(Config\Paths))
WARNING - 2025-09-18 15:43:29 --> [DEPRECATED] Passing lowercase HTTP method "post" is deprecated. Use uppercase HTTP method like "POST". in SYSTEMPATH/Router/RouteCollection.php on line 1026.
 1 SYSTEMPATH/Router/RouteCollection.php(1026): trigger_error('Passing lowercase HTTP method "post" is deprecated. Use uppercase HTTP method like "POST".', 16384)
 2 APPPATH/Config/Routes.php(150): CodeIgniter\Router\RouteCollection->match([...], 'mesociclos/(:num)/asignar/(:num)', 'GimnasioMesociclos::asignar/$1/$2')
 3 SYSTEMPATH/Router/RouteCollection.php(799): CodeIgniter\Router\RouteCollection::{closure}(Object(CodeIgniter\Router\RouteCollection))
 4 APPPATH/Config/Routes.php(144): CodeIgniter\Router\RouteCollection->group('gimnasio', [...], Object(Closure))
 5 SYSTEMPATH/Router/RouteCollection.php(339): require('/Applications/ServBay/www/trackbitos/app/Config/Routes.php')
 6 SYSTEMPATH/CodeIgniter.php(821): CodeIgniter\Router\RouteCollection->loadRoutes()
 7 SYSTEMPATH/CodeIgniter.php(455): CodeIgniter\CodeIgniter->tryToRouteIt(null)
 8 SYSTEMPATH/CodeIgniter.php(354): CodeIgniter\CodeIgniter->handleRequest(null, Object(Config\Cache), false)
 9 SYSTEMPATH/Boot.php(363): CodeIgniter\CodeIgniter->run()
10 SYSTEMPATH/Boot.php(68): CodeIgniter\Boot::runCodeIgniter(Object(CodeIgniter\CodeIgniter))
11 FCPATH/index.php(59): CodeIgniter\Boot::bootWeb(Object(Config\Paths))
WARNING - 2025-09-18 15:43:29 --> [DEPRECATED] Passing lowercase HTTP method "get" is deprecated. Use uppercase HTTP method like "GET". in SYSTEMPATH/Router/RouteCollection.php on line 1026.
 1 SYSTEMPATH/Router/RouteCollection.php(1026): trigger_error('Passing lowercase HTTP method "get" is deprecated. Use uppercase HTTP method like "GET".', 16384)
 2 APPPATH/Config/Routes.php(153): CodeIgniter\Router\RouteCollection->match([...], 'mesociclos/(:num)/generar', 'GimnasioMesociclos::generar/$1')
 3 SYSTEMPATH/Router/RouteCollection.php(799): CodeIgniter\Router\RouteCollection::{closure}(Object(CodeIgniter\Router\RouteCollection))
 4 APPPATH/Config/Routes.php(144): CodeIgniter\Router\RouteCollection->group('gimnasio', [...], Object(Closure))
 5 SYSTEMPATH/Router/RouteCollection.php(339): require('/Applications/ServBay/www/trackbitos/app/Config/Routes.php')
 6 SYSTEMPATH/CodeIgniter.php(821): CodeIgniter\Router\RouteCollection->loadRoutes()
 7 SYSTEMPATH/CodeIgniter.php(455): CodeIgniter\CodeIgniter->tryToRouteIt(null)
 8 SYSTEMPATH/CodeIgniter.php(354): CodeIgniter\CodeIgniter->handleRequest(null, Object(Config\Cache), false)
 9 SYSTEMPATH/Boot.php(363): CodeIgniter\CodeIgniter->run()
10 SYSTEMPATH/Boot.php(68): CodeIgniter\Boot::runCodeIgniter(Object(CodeIgniter\CodeIgniter))
11 FCPATH/index.php(59): CodeIgniter\Boot::bootWeb(Object(Config\Paths))
WARNING - 2025-09-18 15:43:29 --> [DEPRECATED] Passing lowercase HTTP method "post" is deprecated. Use uppercase HTTP method like "POST". in SYSTEMPATH/Router/RouteCollection.php on line 1026.
 1 SYSTEMPATH/Router/RouteCollection.php(1026): trigger_error('Passing lowercase HTTP method "post" is deprecated. Use uppercase HTTP method like "POST".', 16384)
 2 APPPATH/Config/Routes.php(153): CodeIgniter\Router\RouteCollection->match([...], 'mesociclos/(:num)/generar', 'GimnasioMesociclos::generar/$1')
 3 SYSTEMPATH/Router/RouteCollection.php(799): CodeIgniter\Router\RouteCollection::{closure}(Object(CodeIgniter\Router\RouteCollection))
 4 APPPATH/Config/Routes.php(144): CodeIgniter\Router\RouteCollection->group('gimnasio', [...], Object(Closure))
 5 SYSTEMPATH/Router/RouteCollection.php(339): require('/Applications/ServBay/www/trackbitos/app/Config/Routes.php')
 6 SYSTEMPATH/CodeIgniter.php(821): CodeIgniter\Router\RouteCollection->loadRoutes()
 7 SYSTEMPATH/CodeIgniter.php(455): CodeIgniter\CodeIgniter->tryToRouteIt(null)
 8 SYSTEMPATH/CodeIgniter.php(354): CodeIgniter\CodeIgniter->handleRequest(null, Object(Config\Cache), false)
 9 SYSTEMPATH/Boot.php(363): CodeIgniter\CodeIgniter->run()
10 SYSTEMPATH/Boot.php(68): CodeIgniter\Boot::runCodeIgniter(Object(CodeIgniter\CodeIgniter))
11 FCPATH/index.php(59): CodeIgniter\Boot::bootWeb(Object(Config\Paths))
WARNING - 2025-09-18 15:43:29 --> [DEPRECATED] Passing lowercase HTTP method "get" is deprecated. Use uppercase HTTP method like "GET". in SYSTEMPATH/Router/RouteCollection.php on line 1026.
 1 SYSTEMPATH/Router/RouteCollection.php(1026): trigger_error('Passing lowercase HTTP method "get" is deprecated. Use uppercase HTTP method like "GET".', 16384)
 2 APPPATH/Config/Routes.php(161): CodeIgniter\Router\RouteCollection->match([...], 'mesociclos/(:num)/generar/bilbo', 'GimnasioMesociclos::generarBilbo/$1')
 3 SYSTEMPATH/Router/RouteCollection.php(799): CodeIgniter\Router\RouteCollection::{closure}(Object(CodeIgniter\Router\RouteCollection))
 4 APPPATH/Config/Routes.php(144): CodeIgniter\Router\RouteCollection->group('gimnasio', [...], Object(Closure))
 5 SYSTEMPATH/Router/RouteCollection.php(339): require('/Applications/ServBay/www/trackbitos/app/Config/Routes.php')
 6 SYSTEMPATH/CodeIgniter.php(821): CodeIgniter\Router\RouteCollection->loadRoutes()
 7 SYSTEMPATH/CodeIgniter.php(455): CodeIgniter\CodeIgniter->tryToRouteIt(null)
 8 SYSTEMPATH/CodeIgniter.php(354): CodeIgniter\CodeIgniter->handleRequest(null, Object(Config\Cache), false)
 9 SYSTEMPATH/Boot.php(363): CodeIgniter\CodeIgniter->run()
10 SYSTEMPATH/Boot.php(68): CodeIgniter\Boot::runCodeIgniter(Object(CodeIgniter\CodeIgniter))
11 FCPATH/index.php(59): CodeIgniter\Boot::bootWeb(Object(Config\Paths))
WARNING - 2025-09-18 15:43:29 --> [DEPRECATED] Passing lowercase HTTP method "post" is deprecated. Use uppercase HTTP method like "POST". in SYSTEMPATH/Router/RouteCollection.php on line 1026.
 1 SYSTEMPATH/Router/RouteCollection.php(1026): trigger_error('Passing lowercase HTTP method "post" is deprecated. Use uppercase HTTP method like "POST".', 16384)
 2 APPPATH/Config/Routes.php(161): CodeIgniter\Router\RouteCollection->match([...], 'mesociclos/(:num)/generar/bilbo', 'GimnasioMesociclos::generarBilbo/$1')
 3 SYSTEMPATH/Router/RouteCollection.php(799): CodeIgniter\Router\RouteCollection::{closure}(Object(CodeIgniter\Router\RouteCollection))
 4 APPPATH/Config/Routes.php(144): CodeIgniter\Router\RouteCollection->group('gimnasio', [...], Object(Closure))
 5 SYSTEMPATH/Router/RouteCollection.php(339): require('/Applications/ServBay/www/trackbitos/app/Config/Routes.php')
 6 SYSTEMPATH/CodeIgniter.php(821): CodeIgniter\Router\RouteCollection->loadRoutes()
 7 SYSTEMPATH/CodeIgniter.php(455): CodeIgniter\CodeIgniter->tryToRouteIt(null)
 8 SYSTEMPATH/CodeIgniter.php(354): CodeIgniter\CodeIgniter->handleRequest(null, Object(Config\Cache), false)
 9 SYSTEMPATH/Boot.php(363): CodeIgniter\CodeIgniter->run()
10 SYSTEMPATH/Boot.php(68): CodeIgniter\Boot::runCodeIgniter(Object(CodeIgniter\CodeIgniter))
11 FCPATH/index.php(59): CodeIgniter\Boot::bootWeb(Object(Config\Paths))
WARNING - 2025-09-18 15:43:29 --> [DEPRECATED] Passing lowercase HTTP method "get" is deprecated. Use uppercase HTTP method like "GET". in SYSTEMPATH/Router/RouteCollection.php on line 1026.
 1 SYSTEMPATH/Router/RouteCollection.php(1026): trigger_error('Passing lowercase HTTP method "get" is deprecated. Use uppercase HTTP method like "GET".', 16384)
 2 APPPATH/Config/Routes.php(261): CodeIgniter\Router\RouteCollection->match([...], 'crear', 'Youtube::crearLista')
 3 SYSTEMPATH/Router/RouteCollection.php(799): CodeIgniter\Router\RouteCollection::{closure}(Object(CodeIgniter\Router\RouteCollection))
 4 APPPATH/Config/Routes.php(259): CodeIgniter\Router\RouteCollection->group('youtube', [...], Object(Closure))
 5 SYSTEMPATH/Router/RouteCollection.php(339): require('/Applications/ServBay/www/trackbitos/app/Config/Routes.php')
 6 SYSTEMPATH/CodeIgniter.php(821): CodeIgniter\Router\RouteCollection->loadRoutes()
 7 SYSTEMPATH/CodeIgniter.php(455): CodeIgniter\CodeIgniter->tryToRouteIt(null)
 8 SYSTEMPATH/CodeIgniter.php(354): CodeIgniter\CodeIgniter->handleRequest(null, Object(Config\Cache), false)
 9 SYSTEMPATH/Boot.php(363): CodeIgniter\CodeIgniter->run()
10 SYSTEMPATH/Boot.php(68): CodeIgniter\Boot::runCodeIgniter(Object(CodeIgniter\CodeIgniter))
11 FCPATH/index.php(59): CodeIgniter\Boot::bootWeb(Object(Config\Paths))
WARNING - 2025-09-18 15:43:29 --> [DEPRECATED] Passing lowercase HTTP method "post" is deprecated. Use uppercase HTTP method like "POST". in SYSTEMPATH/Router/RouteCollection.php on line 1026.
 1 SYSTEMPATH/Router/RouteCollection.php(1026): trigger_error('Passing lowercase HTTP method "post" is deprecated. Use uppercase HTTP method like "POST".', 16384)
 2 APPPATH/Config/Routes.php(261): CodeIgniter\Router\RouteCollection->match([...], 'crear', 'Youtube::crearLista')
 3 SYSTEMPATH/Router/RouteCollection.php(799): CodeIgniter\Router\RouteCollection::{closure}(Object(CodeIgniter\Router\RouteCollection))
 4 APPPATH/Config/Routes.php(259): CodeIgniter\Router\RouteCollection->group('youtube', [...], Object(Closure))
 5 SYSTEMPATH/Router/RouteCollection.php(339): require('/Applications/ServBay/www/trackbitos/app/Config/Routes.php')
 6 SYSTEMPATH/CodeIgniter.php(821): CodeIgniter\Router\RouteCollection->loadRoutes()
 7 SYSTEMPATH/CodeIgniter.php(455): CodeIgniter\CodeIgniter->tryToRouteIt(null)
 8 SYSTEMPATH/CodeIgniter.php(354): CodeIgniter\CodeIgniter->handleRequest(null, Object(Config\Cache), false)
 9 SYSTEMPATH/Boot.php(363): CodeIgniter\CodeIgniter->run()
10 SYSTEMPATH/Boot.php(68): CodeIgniter\Boot::runCodeIgniter(Object(CodeIgniter\CodeIgniter))
11 FCPATH/index.php(59): CodeIgniter\Boot::bootWeb(Object(Config\Paths))
DEBUG - 2025-09-18 15:43:29 --> Session: Class initialized using 'CodeIgniter\Session\Handlers\FileHandler' driver.
WARNING - 2025-09-18 15:43:31 --> [DEPRECATED] Passing lowercase HTTP method "get" is deprecated. Use uppercase HTTP method like "GET". in SYSTEMPATH/Router/RouteCollection.php on line 1026.
 1 SYSTEMPATH/Router/RouteCollection.php(1026): trigger_error('Passing lowercase HTTP method "get" is deprecated. Use uppercase HTTP method like "GET".', 16384)
 2 APPPATH/Config/Routes.php(146): CodeIgniter\Router\RouteCollection->match([...], 'mesociclos/nuevo', 'GimnasioMesociclos::nuevo')
 3 SYSTEMPATH/Router/RouteCollection.php(799): CodeIgniter\Router\RouteCollection::{closure}(Object(CodeIgniter\Router\RouteCollection))
 4 APPPATH/Config/Routes.php(144): CodeIgniter\Router\RouteCollection->group('gimnasio', [...], Object(Closure))
 5 SYSTEMPATH/Router/RouteCollection.php(339): require('/Applications/ServBay/www/trackbitos/app/Config/Routes.php')
 6 SYSTEMPATH/CodeIgniter.php(821): CodeIgniter\Router\RouteCollection->loadRoutes()
 7 SYSTEMPATH/CodeIgniter.php(455): CodeIgniter\CodeIgniter->tryToRouteIt(null)
 8 SYSTEMPATH/CodeIgniter.php(354): CodeIgniter\CodeIgniter->handleRequest(null, Object(Config\Cache), false)
 9 SYSTEMPATH/Boot.php(363): CodeIgniter\CodeIgniter->run()
10 SYSTEMPATH/Boot.php(68): CodeIgniter\Boot::runCodeIgniter(Object(CodeIgniter\CodeIgniter))
11 FCPATH/index.php(59): CodeIgniter\Boot::bootWeb(Object(Config\Paths))
WARNING - 2025-09-18 15:43:31 --> [DEPRECATED] Passing lowercase HTTP method "post" is deprecated. Use uppercase HTTP method like "POST". in SYSTEMPATH/Router/RouteCollection.php on line 1026.
 1 SYSTEMPATH/Router/RouteCollection.php(1026): trigger_error('Passing lowercase HTTP method "post" is deprecated. Use uppercase HTTP method like "POST".', 16384)
 2 APPPATH/Config/Routes.php(146): CodeIgniter\Router\RouteCollection->match([...], 'mesociclos/nuevo', 'GimnasioMesociclos::nuevo')
 3 SYSTEMPATH/Router/RouteCollection.php(799): CodeIgniter\Router\RouteCollection::{closure}(Object(CodeIgniter\Router\RouteCollection))
 4 APPPATH/Config/Routes.php(144): CodeIgniter\Router\RouteCollection->group('gimnasio', [...], Object(Closure))
 5 SYSTEMPATH/Router/RouteCollection.php(339): require('/Applications/ServBay/www/trackbitos/app/Config/Routes.php')
 6 SYSTEMPATH/CodeIgniter.php(821): CodeIgniter\Router\RouteCollection->loadRoutes()
 7 SYSTEMPATH/CodeIgniter.php(455): CodeIgniter\CodeIgniter->tryToRouteIt(null)
 8 SYSTEMPATH/CodeIgniter.php(354): CodeIgniter\CodeIgniter->handleRequest(null, Object(Config\Cache), false)
 9 SYSTEMPATH/Boot.php(363): CodeIgniter\CodeIgniter->run()
10 SYSTEMPATH/Boot.php(68): CodeIgniter\Boot::runCodeIgniter(Object(CodeIgniter\CodeIgniter))
11 FCPATH/index.php(59): CodeIgniter\Boot::bootWeb(Object(Config\Paths))
WARNING - 2025-09-18 15:43:31 --> [DEPRECATED] Passing lowercase HTTP method "get" is deprecated. Use uppercase HTTP method like "GET". in SYSTEMPATH/Router/RouteCollection.php on line 1026.
 1 SYSTEMPATH/Router/RouteCollection.php(1026): trigger_error('Passing lowercase HTTP method "get" is deprecated. Use uppercase HTTP method like "GET".', 16384)
 2 APPPATH/Config/Routes.php(148): CodeIgniter\Router\RouteCollection->match([...], 'mesociclos/(:num)/bloque/nuevo', 'GimnasioMesociclos::bloqueNuevo/$1')
 3 SYSTEMPATH/Router/RouteCollection.php(799): CodeIgniter\Router\RouteCollection::{closure}(Object(CodeIgniter\Router\RouteCollection))
 4 APPPATH/Config/Routes.php(144): CodeIgniter\Router\RouteCollection->group('gimnasio', [...], Object(Closure))
 5 SYSTEMPATH/Router/RouteCollection.php(339): require('/Applications/ServBay/www/trackbitos/app/Config/Routes.php')
 6 SYSTEMPATH/CodeIgniter.php(821): CodeIgniter\Router\RouteCollection->loadRoutes()
 7 SYSTEMPATH/CodeIgniter.php(455): CodeIgniter\CodeIgniter->tryToRouteIt(null)
 8 SYSTEMPATH/CodeIgniter.php(354): CodeIgniter\CodeIgniter->handleRequest(null, Object(Config\Cache), false)
 9 SYSTEMPATH/Boot.php(363): CodeIgniter\CodeIgniter->run()
10 SYSTEMPATH/Boot.php(68): CodeIgniter\Boot::runCodeIgniter(Object(CodeIgniter\CodeIgniter))
11 FCPATH/index.php(59): CodeIgniter\Boot::bootWeb(Object(Config\Paths))
WARNING - 2025-09-18 15:43:31 --> [DEPRECATED] Passing lowercase HTTP method "post" is deprecated. Use uppercase HTTP method like "POST". in SYSTEMPATH/Router/RouteCollection.php on line 1026.
 1 SYSTEMPATH/Router/RouteCollection.php(1026): trigger_error('Passing lowercase HTTP method "post" is deprecated. Use uppercase HTTP method like "POST".', 16384)
 2 APPPATH/Config/Routes.php(148): CodeIgniter\Router\RouteCollection->match([...], 'mesociclos/(:num)/bloque/nuevo', 'GimnasioMesociclos::bloqueNuevo/$1')
 3 SYSTEMPATH/Router/RouteCollection.php(799): CodeIgniter\Router\RouteCollection::{closure}(Object(CodeIgniter\Router\RouteCollection))
 4 APPPATH/Config/Routes.php(144): CodeIgniter\Router\RouteCollection->group('gimnasio', [...], Object(Closure))
 5 SYSTEMPATH/Router/RouteCollection.php(339): require('/Applications/ServBay/www/trackbitos/app/Config/Routes.php')
 6 SYSTEMPATH/CodeIgniter.php(821): CodeIgniter\Router\RouteCollection->loadRoutes()
 7 SYSTEMPATH/CodeIgniter.php(455): CodeIgniter\CodeIgniter->tryToRouteIt(null)
 8 SYSTEMPATH/CodeIgniter.php(354): CodeIgniter\CodeIgniter->handleRequest(null, Object(Config\Cache), false)
 9 SYSTEMPATH/Boot.php(363): CodeIgniter\CodeIgniter->run()
10 SYSTEMPATH/Boot.php(68): CodeIgniter\Boot::runCodeIgniter(Object(CodeIgniter\CodeIgniter))
11 FCPATH/index.php(59): CodeIgniter\Boot::bootWeb(Object(Config\Paths))
WARNING - 2025-09-18 15:43:31 --> [DEPRECATED] Passing lowercase HTTP method "get" is deprecated. Use uppercase HTTP method like "GET". in SYSTEMPATH/Router/RouteCollection.php on line 1026.
 1 SYSTEMPATH/Router/RouteCollection.php(1026): trigger_error('Passing lowercase HTTP method "get" is deprecated. Use uppercase HTTP method like "GET".', 16384)
 2 APPPATH/Config/Routes.php(150): CodeIgniter\Router\RouteCollection->match([...], 'mesociclos/(:num)/asignar/(:num)', 'GimnasioMesociclos::asignar/$1/$2')
 3 SYSTEMPATH/Router/RouteCollection.php(799): CodeIgniter\Router\RouteCollection::{closure}(Object(CodeIgniter\Router\RouteCollection))
 4 APPPATH/Config/Routes.php(144): CodeIgniter\Router\RouteCollection->group('gimnasio', [...], Object(Closure))
 5 SYSTEMPATH/Router/RouteCollection.php(339): require('/Applications/ServBay/www/trackbitos/app/Config/Routes.php')
 6 SYSTEMPATH/CodeIgniter.php(821): CodeIgniter\Router\RouteCollection->loadRoutes()
 7 SYSTEMPATH/CodeIgniter.php(455): CodeIgniter\CodeIgniter->tryToRouteIt(null)
 8 SYSTEMPATH/CodeIgniter.php(354): CodeIgniter\CodeIgniter->handleRequest(null, Object(Config\Cache), false)
 9 SYSTEMPATH/Boot.php(363): CodeIgniter\CodeIgniter->run()
10 SYSTEMPATH/Boot.php(68): CodeIgniter\Boot::runCodeIgniter(Object(CodeIgniter\CodeIgniter))
11 FCPATH/index.php(59): CodeIgniter\Boot::bootWeb(Object(Config\Paths))
WARNING - 2025-09-18 15:43:31 --> [DEPRECATED] Passing lowercase HTTP method "post" is deprecated. Use uppercase HTTP method like "POST". in SYSTEMPATH/Router/RouteCollection.php on line 1026.
 1 SYSTEMPATH/Router/RouteCollection.php(1026): trigger_error('Passing lowercase HTTP method "post" is deprecated. Use uppercase HTTP method like "POST".', 16384)
 2 APPPATH/Config/Routes.php(150): CodeIgniter\Router\RouteCollection->match([...], 'mesociclos/(:num)/asignar/(:num)', 'GimnasioMesociclos::asignar/$1/$2')
 3 SYSTEMPATH/Router/RouteCollection.php(799): CodeIgniter\Router\RouteCollection::{closure}(Object(CodeIgniter\Router\RouteCollection))
 4 APPPATH/Config/Routes.php(144): CodeIgniter\Router\RouteCollection->group('gimnasio', [...], Object(Closure))
 5 SYSTEMPATH/Router/RouteCollection.php(339): require('/Applications/ServBay/www/trackbitos/app/Config/Routes.php')
 6 SYSTEMPATH/CodeIgniter.php(821): CodeIgniter\Router\RouteCollection->loadRoutes()
 7 SYSTEMPATH/CodeIgniter.php(455): CodeIgniter\CodeIgniter->tryToRouteIt(null)
 8 SYSTEMPATH/CodeIgniter.php(354): CodeIgniter\CodeIgniter->handleRequest(null, Object(Config\Cache), false)
 9 SYSTEMPATH/Boot.php(363): CodeIgniter\CodeIgniter->run()
10 SYSTEMPATH/Boot.php(68): CodeIgniter\Boot::runCodeIgniter(Object(CodeIgniter\CodeIgniter))
11 FCPATH/index.php(59): CodeIgniter\Boot::bootWeb(Object(Config\Paths))
WARNING - 2025-09-18 15:43:31 --> [DEPRECATED] Passing lowercase HTTP method "get" is deprecated. Use uppercase HTTP method like "GET". in SYSTEMPATH/Router/RouteCollection.php on line 1026.
 1 SYSTEMPATH/Router/RouteCollection.php(1026): trigger_error('Passing lowercase HTTP method "get" is deprecated. Use uppercase HTTP method like "GET".', 16384)
 2 APPPATH/Config/Routes.php(153): CodeIgniter\Router\RouteCollection->match([...], 'mesociclos/(:num)/generar', 'GimnasioMesociclos::generar/$1')
 3 SYSTEMPATH/Router/RouteCollection.php(799): CodeIgniter\Router\RouteCollection::{closure}(Object(CodeIgniter\Router\RouteCollection))
 4 APPPATH/Config/Routes.php(144): CodeIgniter\Router\RouteCollection->group('gimnasio', [...], Object(Closure))
 5 SYSTEMPATH/Router/RouteCollection.php(339): require('/Applications/ServBay/www/trackbitos/app/Config/Routes.php')
 6 SYSTEMPATH/CodeIgniter.php(821): CodeIgniter\Router\RouteCollection->loadRoutes()
 7 SYSTEMPATH/CodeIgniter.php(455): CodeIgniter\CodeIgniter->tryToRouteIt(null)
 8 SYSTEMPATH/CodeIgniter.php(354): CodeIgniter\CodeIgniter->handleRequest(null, Object(Config\Cache), false)
 9 SYSTEMPATH/Boot.php(363): CodeIgniter\CodeIgniter->run()
10 SYSTEMPATH/Boot.php(68): CodeIgniter\Boot::runCodeIgniter(Object(CodeIgniter\CodeIgniter))
11 FCPATH/index.php(59): CodeIgniter\Boot::bootWeb(Object(Config\Paths))
WARNING - 2025-09-18 15:43:31 --> [DEPRECATED] Passing lowercase HTTP method "post" is deprecated. Use uppercase HTTP method like "POST". in SYSTEMPATH/Router/RouteCollection.php on line 1026.
 1 SYSTEMPATH/Router/RouteCollection.php(1026): trigger_error('Passing lowercase HTTP method "post" is deprecated. Use uppercase HTTP method like "POST".', 16384)
 2 APPPATH/Config/Routes.php(153): CodeIgniter\Router\RouteCollection->match([...], 'mesociclos/(:num)/generar', 'GimnasioMesociclos::generar/$1')
 3 SYSTEMPATH/Router/RouteCollection.php(799): CodeIgniter\Router\RouteCollection::{closure}(Object(CodeIgniter\Router\RouteCollection))
 4 APPPATH/Config/Routes.php(144): CodeIgniter\Router\RouteCollection->group('gimnasio', [...], Object(Closure))
 5 SYSTEMPATH/Router/RouteCollection.php(339): require('/Applications/ServBay/www/trackbitos/app/Config/Routes.php')
 6 SYSTEMPATH/CodeIgniter.php(821): CodeIgniter\Router\RouteCollection->loadRoutes()
 7 SYSTEMPATH/CodeIgniter.php(455): CodeIgniter\CodeIgniter->tryToRouteIt(null)
 8 SYSTEMPATH/CodeIgniter.php(354): CodeIgniter\CodeIgniter->handleRequest(null, Object(Config\Cache), false)
 9 SYSTEMPATH/Boot.php(363): CodeIgniter\CodeIgniter->run()
10 SYSTEMPATH/Boot.php(68): CodeIgniter\Boot::runCodeIgniter(Object(CodeIgniter\CodeIgniter))
11 FCPATH/index.php(59): CodeIgniter\Boot::bootWeb(Object(Config\Paths))
WARNING - 2025-09-18 15:43:31 --> [DEPRECATED] Passing lowercase HTTP method "get" is deprecated. Use uppercase HTTP method like "GET". in SYSTEMPATH/Router/RouteCollection.php on line 1026.
 1 SYSTEMPATH/Router/RouteCollection.php(1026): trigger_error('Passing lowercase HTTP method "get" is deprecated. Use uppercase HTTP method like "GET".', 16384)
 2 APPPATH/Config/Routes.php(161): CodeIgniter\Router\RouteCollection->match([...], 'mesociclos/(:num)/generar/bilbo', 'GimnasioMesociclos::generarBilbo/$1')
 3 SYSTEMPATH/Router/RouteCollection.php(799): CodeIgniter\Router\RouteCollection::{closure}(Object(CodeIgniter\Router\RouteCollection))
 4 APPPATH/Config/Routes.php(144): CodeIgniter\Router\RouteCollection->group('gimnasio', [...], Object(Closure))
 5 SYSTEMPATH/Router/RouteCollection.php(339): require('/Applications/ServBay/www/trackbitos/app/Config/Routes.php')
 6 SYSTEMPATH/CodeIgniter.php(821): CodeIgniter\Router\RouteCollection->loadRoutes()
 7 SYSTEMPATH/CodeIgniter.php(455): CodeIgniter\CodeIgniter->tryToRouteIt(null)
 8 SYSTEMPATH/CodeIgniter.php(354): CodeIgniter\CodeIgniter->handleRequest(null, Object(Config\Cache), false)
 9 SYSTEMPATH/Boot.php(363): CodeIgniter\CodeIgniter->run()
10 SYSTEMPATH/Boot.php(68): CodeIgniter\Boot::runCodeIgniter(Object(CodeIgniter\CodeIgniter))
11 FCPATH/index.php(59): CodeIgniter\Boot::bootWeb(Object(Config\Paths))
WARNING - 2025-09-18 15:43:31 --> [DEPRECATED] Passing lowercase HTTP method "post" is deprecated. Use uppercase HTTP method like "POST". in SYSTEMPATH/Router/RouteCollection.php on line 1026.
 1 SYSTEMPATH/Router/RouteCollection.php(1026): trigger_error('Passing lowercase HTTP method "post" is deprecated. Use uppercase HTTP method like "POST".', 16384)
 2 APPPATH/Config/Routes.php(161): CodeIgniter\Router\RouteCollection->match([...], 'mesociclos/(:num)/generar/bilbo', 'GimnasioMesociclos::generarBilbo/$1')
 3 SYSTEMPATH/Router/RouteCollection.php(799): CodeIgniter\Router\RouteCollection::{closure}(Object(CodeIgniter\Router\RouteCollection))
 4 APPPATH/Config/Routes.php(144): CodeIgniter\Router\RouteCollection->group('gimnasio', [...], Object(Closure))
 5 SYSTEMPATH/Router/RouteCollection.php(339): require('/Applications/ServBay/www/trackbitos/app/Config/Routes.php')
 6 SYSTEMPATH/CodeIgniter.php(821): CodeIgniter\Router\RouteCollection->loadRoutes()
 7 SYSTEMPATH/CodeIgniter.php(455): CodeIgniter\CodeIgniter->tryToRouteIt(null)
 8 SYSTEMPATH/CodeIgniter.php(354): CodeIgniter\CodeIgniter->handleRequest(null, Object(Config\Cache), false)
 9 SYSTEMPATH/Boot.php(363): CodeIgniter\CodeIgniter->run()
10 SYSTEMPATH/Boot.php(68): CodeIgniter\Boot::runCodeIgniter(Object(CodeIgniter\CodeIgniter))
11 FCPATH/index.php(59): CodeIgniter\Boot::bootWeb(Object(Config\Paths))
WARNING - 2025-09-18 15:43:31 --> [DEPRECATED] Passing lowercase HTTP method "get" is deprecated. Use uppercase HTTP method like "GET". in SYSTEMPATH/Router/RouteCollection.php on line 1026.
 1 SYSTEMPATH/Router/RouteCollection.php(1026): trigger_error('Passing lowercase HTTP method "get" is deprecated. Use uppercase HTTP method like "GET".', 16384)
 2 APPPATH/Config/Routes.php(261): CodeIgniter\Router\RouteCollection->match([...], 'crear', 'Youtube::crearLista')
 3 SYSTEMPATH/Router/RouteCollection.php(799): CodeIgniter\Router\RouteCollection::{closure}(Object(CodeIgniter\Router\RouteCollection))
 4 APPPATH/Config/Routes.php(259): CodeIgniter\Router\RouteCollection->group('youtube', [...], Object(Closure))
 5 SYSTEMPATH/Router/RouteCollection.php(339): require('/Applications/ServBay/www/trackbitos/app/Config/Routes.php')
 6 SYSTEMPATH/CodeIgniter.php(821): CodeIgniter\Router\RouteCollection->loadRoutes()
 7 SYSTEMPATH/CodeIgniter.php(455): CodeIgniter\CodeIgniter->tryToRouteIt(null)
 8 SYSTEMPATH/CodeIgniter.php(354): CodeIgniter\CodeIgniter->handleRequest(null, Object(Config\Cache), false)
 9 SYSTEMPATH/Boot.php(363): CodeIgniter\CodeIgniter->run()
10 SYSTEMPATH/Boot.php(68): CodeIgniter\Boot::runCodeIgniter(Object(CodeIgniter\CodeIgniter))
11 FCPATH/index.php(59): CodeIgniter\Boot::bootWeb(Object(Config\Paths))
WARNING - 2025-09-18 15:43:31 --> [DEPRECATED] Passing lowercase HTTP method "post" is deprecated. Use uppercase HTTP method like "POST". in SYSTEMPATH/Router/RouteCollection.php on line 1026.
 1 SYSTEMPATH/Router/RouteCollection.php(1026): trigger_error('Passing lowercase HTTP method "post" is deprecated. Use uppercase HTTP method like "POST".', 16384)
 2 APPPATH/Config/Routes.php(261): CodeIgniter\Router\RouteCollection->match([...], 'crear', 'Youtube::crearLista')
 3 SYSTEMPATH/Router/RouteCollection.php(799): CodeIgniter\Router\RouteCollection::{closure}(Object(CodeIgniter\Router\RouteCollection))
 4 APPPATH/Config/Routes.php(259): CodeIgniter\Router\RouteCollection->group('youtube', [...], Object(Closure))
 5 SYSTEMPATH/Router/RouteCollection.php(339): require('/Applications/ServBay/www/trackbitos/app/Config/Routes.php')
 6 SYSTEMPATH/CodeIgniter.php(821): CodeIgniter\Router\RouteCollection->loadRoutes()
 7 SYSTEMPATH/CodeIgniter.php(455): CodeIgniter\CodeIgniter->tryToRouteIt(null)
 8 SYSTEMPATH/CodeIgniter.php(354): CodeIgniter\CodeIgniter->handleRequest(null, Object(Config\Cache), false)
 9 SYSTEMPATH/Boot.php(363): CodeIgniter\CodeIgniter->run()
10 SYSTEMPATH/Boot.php(68): CodeIgniter\Boot::runCodeIgniter(Object(CodeIgniter\CodeIgniter))
11 FCPATH/index.php(59): CodeIgniter\Boot::bootWeb(Object(Config\Paths))
DEBUG - 2025-09-18 15:43:31 --> Session: Class initialized using 'CodeIgniter\Session\Handlers\FileHandler' driver.
WARNING - 2025-09-18 15:43:34 --> [DEPRECATED] Passing lowercase HTTP method "get" is deprecated. Use uppercase HTTP method like "GET". in SYSTEMPATH/Router/RouteCollection.php on line 1026.
 1 SYSTEMPATH/Router/RouteCollection.php(1026): trigger_error('Passing lowercase HTTP method "get" is deprecated. Use uppercase HTTP method like "GET".', 16384)
 2 APPPATH/Config/Routes.php(146): CodeIgniter\Router\RouteCollection->match([...], 'mesociclos/nuevo', 'GimnasioMesociclos::nuevo')
 3 SYSTEMPATH/Router/RouteCollection.php(799): CodeIgniter\Router\RouteCollection::{closure}(Object(CodeIgniter\Router\RouteCollection))
 4 APPPATH/Config/Routes.php(144): CodeIgniter\Router\RouteCollection->group('gimnasio', [...], Object(Closure))
 5 SYSTEMPATH/Router/RouteCollection.php(339): require('/Applications/ServBay/www/trackbitos/app/Config/Routes.php')
 6 SYSTEMPATH/CodeIgniter.php(821): CodeIgniter\Router\RouteCollection->loadRoutes()
 7 SYSTEMPATH/CodeIgniter.php(455): CodeIgniter\CodeIgniter->tryToRouteIt(null)
 8 SYSTEMPATH/CodeIgniter.php(354): CodeIgniter\CodeIgniter->handleRequest(null, Object(Config\Cache), false)
 9 SYSTEMPATH/Boot.php(363): CodeIgniter\CodeIgniter->run()
10 SYSTEMPATH/Boot.php(68): CodeIgniter\Boot::runCodeIgniter(Object(CodeIgniter\CodeIgniter))
11 FCPATH/index.php(59): CodeIgniter\Boot::bootWeb(Object(Config\Paths))
WARNING - 2025-09-18 15:43:34 --> [DEPRECATED] Passing lowercase HTTP method "post" is deprecated. Use uppercase HTTP method like "POST". in SYSTEMPATH/Router/RouteCollection.php on line 1026.
 1 SYSTEMPATH/Router/RouteCollection.php(1026): trigger_error('Passing lowercase HTTP method "post" is deprecated. Use uppercase HTTP method like "POST".', 16384)
 2 APPPATH/Config/Routes.php(146): CodeIgniter\Router\RouteCollection->match([...], 'mesociclos/nuevo', 'GimnasioMesociclos::nuevo')
 3 SYSTEMPATH/Router/RouteCollection.php(799): CodeIgniter\Router\RouteCollection::{closure}(Object(CodeIgniter\Router\RouteCollection))
 4 APPPATH/Config/Routes.php(144): CodeIgniter\Router\RouteCollection->group('gimnasio', [...], Object(Closure))
 5 SYSTEMPATH/Router/RouteCollection.php(339): require('/Applications/ServBay/www/trackbitos/app/Config/Routes.php')
 6 SYSTEMPATH/CodeIgniter.php(821): CodeIgniter\Router\RouteCollection->loadRoutes()
 7 SYSTEMPATH/CodeIgniter.php(455): CodeIgniter\CodeIgniter->tryToRouteIt(null)
 8 SYSTEMPATH/CodeIgniter.php(354): CodeIgniter\CodeIgniter->handleRequest(null, Object(Config\Cache), false)
 9 SYSTEMPATH/Boot.php(363): CodeIgniter\CodeIgniter->run()
10 SYSTEMPATH/Boot.php(68): CodeIgniter\Boot::runCodeIgniter(Object(CodeIgniter\CodeIgniter))
11 FCPATH/index.php(59): CodeIgniter\Boot::bootWeb(Object(Config\Paths))
WARNING - 2025-09-18 15:43:34 --> [DEPRECATED] Passing lowercase HTTP method "get" is deprecated. Use uppercase HTTP method like "GET". in SYSTEMPATH/Router/RouteCollection.php on line 1026.
 1 SYSTEMPATH/Router/RouteCollection.php(1026): trigger_error('Passing lowercase HTTP method "get" is deprecated. Use uppercase HTTP method like "GET".', 16384)
 2 APPPATH/Config/Routes.php(148): CodeIgniter\Router\RouteCollection->match([...], 'mesociclos/(:num)/bloque/nuevo', 'GimnasioMesociclos::bloqueNuevo/$1')
 3 SYSTEMPATH/Router/RouteCollection.php(799): CodeIgniter\Router\RouteCollection::{closure}(Object(CodeIgniter\Router\RouteCollection))
 4 APPPATH/Config/Routes.php(144): CodeIgniter\Router\RouteCollection->group('gimnasio', [...], Object(Closure))
 5 SYSTEMPATH/Router/RouteCollection.php(339): require('/Applications/ServBay/www/trackbitos/app/Config/Routes.php')
 6 SYSTEMPATH/CodeIgniter.php(821): CodeIgniter\Router\RouteCollection->loadRoutes()
 7 SYSTEMPATH/CodeIgniter.php(455): CodeIgniter\CodeIgniter->tryToRouteIt(null)
 8 SYSTEMPATH/CodeIgniter.php(354): CodeIgniter\CodeIgniter->handleRequest(null, Object(Config\Cache), false)
 9 SYSTEMPATH/Boot.php(363): CodeIgniter\CodeIgniter->run()
10 SYSTEMPATH/Boot.php(68): CodeIgniter\Boot::runCodeIgniter(Object(CodeIgniter\CodeIgniter))
11 FCPATH/index.php(59): CodeIgniter\Boot::bootWeb(Object(Config\Paths))
WARNING - 2025-09-18 15:43:34 --> [DEPRECATED] Passing lowercase HTTP method "post" is deprecated. Use uppercase HTTP method like "POST". in SYSTEMPATH/Router/RouteCollection.php on line 1026.
 1 SYSTEMPATH/Router/RouteCollection.php(1026): trigger_error('Passing lowercase HTTP method "post" is deprecated. Use uppercase HTTP method like "POST".', 16384)
 2 APPPATH/Config/Routes.php(148): CodeIgniter\Router\RouteCollection->match([...], 'mesociclos/(:num)/bloque/nuevo', 'GimnasioMesociclos::bloqueNuevo/$1')
 3 SYSTEMPATH/Router/RouteCollection.php(799): CodeIgniter\Router\RouteCollection::{closure}(Object(CodeIgniter\Router\RouteCollection))
 4 APPPATH/Config/Routes.php(144): CodeIgniter\Router\RouteCollection->group('gimnasio', [...], Object(Closure))
 5 SYSTEMPATH/Router/RouteCollection.php(339): require('/Applications/ServBay/www/trackbitos/app/Config/Routes.php')
 6 SYSTEMPATH/CodeIgniter.php(821): CodeIgniter\Router\RouteCollection->loadRoutes()
 7 SYSTEMPATH/CodeIgniter.php(455): CodeIgniter\CodeIgniter->tryToRouteIt(null)
 8 SYSTEMPATH/CodeIgniter.php(354): CodeIgniter\CodeIgniter->handleRequest(null, Object(Config\Cache), false)
 9 SYSTEMPATH/Boot.php(363): CodeIgniter\CodeIgniter->run()
10 SYSTEMPATH/Boot.php(68): CodeIgniter\Boot::runCodeIgniter(Object(CodeIgniter\CodeIgniter))
11 FCPATH/index.php(59): CodeIgniter\Boot::bootWeb(Object(Config\Paths))
WARNING - 2025-09-18 15:43:34 --> [DEPRECATED] Passing lowercase HTTP method "get" is deprecated. Use uppercase HTTP method like "GET". in SYSTEMPATH/Router/RouteCollection.php on line 1026.
 1 SYSTEMPATH/Router/RouteCollection.php(1026): trigger_error('Passing lowercase HTTP method "get" is deprecated. Use uppercase HTTP method like "GET".', 16384)
 2 APPPATH/Config/Routes.php(150): CodeIgniter\Router\RouteCollection->match([...], 'mesociclos/(:num)/asignar/(:num)', 'GimnasioMesociclos::asignar/$1/$2')
 3 SYSTEMPATH/Router/RouteCollection.php(799): CodeIgniter\Router\RouteCollection::{closure}(Object(CodeIgniter\Router\RouteCollection))
 4 APPPATH/Config/Routes.php(144): CodeIgniter\Router\RouteCollection->group('gimnasio', [...], Object(Closure))
 5 SYSTEMPATH/Router/RouteCollection.php(339): require('/Applications/ServBay/www/trackbitos/app/Config/Routes.php')
 6 SYSTEMPATH/CodeIgniter.php(821): CodeIgniter\Router\RouteCollection->loadRoutes()
 7 SYSTEMPATH/CodeIgniter.php(455): CodeIgniter\CodeIgniter->tryToRouteIt(null)
 8 SYSTEMPATH/CodeIgniter.php(354): CodeIgniter\CodeIgniter->handleRequest(null, Object(Config\Cache), false)
 9 SYSTEMPATH/Boot.php(363): CodeIgniter\CodeIgniter->run()
10 SYSTEMPATH/Boot.php(68): CodeIgniter\Boot::runCodeIgniter(Object(CodeIgniter\CodeIgniter))
11 FCPATH/index.php(59): CodeIgniter\Boot::bootWeb(Object(Config\Paths))
WARNING - 2025-09-18 15:43:34 --> [DEPRECATED] Passing lowercase HTTP method "post" is deprecated. Use uppercase HTTP method like "POST". in SYSTEMPATH/Router/RouteCollection.php on line 1026.
 1 SYSTEMPATH/Router/RouteCollection.php(1026): trigger_error('Passing lowercase HTTP method "post" is deprecated. Use uppercase HTTP method like "POST".', 16384)
 2 APPPATH/Config/Routes.php(150): CodeIgniter\Router\RouteCollection->match([...], 'mesociclos/(:num)/asignar/(:num)', 'GimnasioMesociclos::asignar/$1/$2')
 3 SYSTEMPATH/Router/RouteCollection.php(799): CodeIgniter\Router\RouteCollection::{closure}(Object(CodeIgniter\Router\RouteCollection))
 4 APPPATH/Config/Routes.php(144): CodeIgniter\Router\RouteCollection->group('gimnasio', [...], Object(Closure))
 5 SYSTEMPATH/Router/RouteCollection.php(339): require('/Applications/ServBay/www/trackbitos/app/Config/Routes.php')
 6 SYSTEMPATH/CodeIgniter.php(821): CodeIgniter\Router\RouteCollection->loadRoutes()
 7 SYSTEMPATH/CodeIgniter.php(455): CodeIgniter\CodeIgniter->tryToRouteIt(null)
 8 SYSTEMPATH/CodeIgniter.php(354): CodeIgniter\CodeIgniter->handleRequest(null, Object(Config\Cache), false)
 9 SYSTEMPATH/Boot.php(363): CodeIgniter\CodeIgniter->run()
10 SYSTEMPATH/Boot.php(68): CodeIgniter\Boot::runCodeIgniter(Object(CodeIgniter\CodeIgniter))
11 FCPATH/index.php(59): CodeIgniter\Boot::bootWeb(Object(Config\Paths))
WARNING - 2025-09-18 15:43:34 --> [DEPRECATED] Passing lowercase HTTP method "get" is deprecated. Use uppercase HTTP method like "GET". in SYSTEMPATH/Router/RouteCollection.php on line 1026.
 1 SYSTEMPATH/Router/RouteCollection.php(1026): trigger_error('Passing lowercase HTTP method "get" is deprecated. Use uppercase HTTP method like "GET".', 16384)
 2 APPPATH/Config/Routes.php(153): CodeIgniter\Router\RouteCollection->match([...], 'mesociclos/(:num)/generar', 'GimnasioMesociclos::generar/$1')
 3 SYSTEMPATH/Router/RouteCollection.php(799): CodeIgniter\Router\RouteCollection::{closure}(Object(CodeIgniter\Router\RouteCollection))
 4 APPPATH/Config/Routes.php(144): CodeIgniter\Router\RouteCollection->group('gimnasio', [...], Object(Closure))
 5 SYSTEMPATH/Router/RouteCollection.php(339): require('/Applications/ServBay/www/trackbitos/app/Config/Routes.php')
 6 SYSTEMPATH/CodeIgniter.php(821): CodeIgniter\Router\RouteCollection->loadRoutes()
 7 SYSTEMPATH/CodeIgniter.php(455): CodeIgniter\CodeIgniter->tryToRouteIt(null)
 8 SYSTEMPATH/CodeIgniter.php(354): CodeIgniter\CodeIgniter->handleRequest(null, Object(Config\Cache), false)
 9 SYSTEMPATH/Boot.php(363): CodeIgniter\CodeIgniter->run()
10 SYSTEMPATH/Boot.php(68): CodeIgniter\Boot::runCodeIgniter(Object(CodeIgniter\CodeIgniter))
11 FCPATH/index.php(59): CodeIgniter\Boot::bootWeb(Object(Config\Paths))
WARNING - 2025-09-18 15:43:34 --> [DEPRECATED] Passing lowercase HTTP method "post" is deprecated. Use uppercase HTTP method like "POST". in SYSTEMPATH/Router/RouteCollection.php on line 1026.
 1 SYSTEMPATH/Router/RouteCollection.php(1026): trigger_error('Passing lowercase HTTP method "post" is deprecated. Use uppercase HTTP method like "POST".', 16384)
 2 APPPATH/Config/Routes.php(153): CodeIgniter\Router\RouteCollection->match([...], 'mesociclos/(:num)/generar', 'GimnasioMesociclos::generar/$1')
 3 SYSTEMPATH/Router/RouteCollection.php(799): CodeIgniter\Router\RouteCollection::{closure}(Object(CodeIgniter\Router\RouteCollection))
 4 APPPATH/Config/Routes.php(144): CodeIgniter\Router\RouteCollection->group('gimnasio', [...], Object(Closure))
 5 SYSTEMPATH/Router/RouteCollection.php(339): require('/Applications/ServBay/www/trackbitos/app/Config/Routes.php')
 6 SYSTEMPATH/CodeIgniter.php(821): CodeIgniter\Router\RouteCollection->loadRoutes()
 7 SYSTEMPATH/CodeIgniter.php(455): CodeIgniter\CodeIgniter->tryToRouteIt(null)
 8 SYSTEMPATH/CodeIgniter.php(354): CodeIgniter\CodeIgniter->handleRequest(null, Object(Config\Cache), false)
 9 SYSTEMPATH/Boot.php(363): CodeIgniter\CodeIgniter->run()
10 SYSTEMPATH/Boot.php(68): CodeIgniter\Boot::runCodeIgniter(Object(CodeIgniter\CodeIgniter))
11 FCPATH/index.php(59): CodeIgniter\Boot::bootWeb(Object(Config\Paths))
WARNING - 2025-09-18 15:43:34 --> [DEPRECATED] Passing lowercase HTTP method "get" is deprecated. Use uppercase HTTP method like "GET". in SYSTEMPATH/Router/RouteCollection.php on line 1026.
 1 SYSTEMPATH/Router/RouteCollection.php(1026): trigger_error('Passing lowercase HTTP method "get" is deprecated. Use uppercase HTTP method like "GET".', 16384)
 2 APPPATH/Config/Routes.php(161): CodeIgniter\Router\RouteCollection->match([...], 'mesociclos/(:num)/generar/bilbo', 'GimnasioMesociclos::generarBilbo/$1')
 3 SYSTEMPATH/Router/RouteCollection.php(799): CodeIgniter\Router\RouteCollection::{closure}(Object(CodeIgniter\Router\RouteCollection))
 4 APPPATH/Config/Routes.php(144): CodeIgniter\Router\RouteCollection->group('gimnasio', [...], Object(Closure))
 5 SYSTEMPATH/Router/RouteCollection.php(339): require('/Applications/ServBay/www/trackbitos/app/Config/Routes.php')
 6 SYSTEMPATH/CodeIgniter.php(821): CodeIgniter\Router\RouteCollection->loadRoutes()
 7 SYSTEMPATH/CodeIgniter.php(455): CodeIgniter\CodeIgniter->tryToRouteIt(null)
 8 SYSTEMPATH/CodeIgniter.php(354): CodeIgniter\CodeIgniter->handleRequest(null, Object(Config\Cache), false)
 9 SYSTEMPATH/Boot.php(363): CodeIgniter\CodeIgniter->run()
10 SYSTEMPATH/Boot.php(68): CodeIgniter\Boot::runCodeIgniter(Object(CodeIgniter\CodeIgniter))
11 FCPATH/index.php(59): CodeIgniter\Boot::bootWeb(Object(Config\Paths))
WARNING - 2025-09-18 15:43:34 --> [DEPRECATED] Passing lowercase HTTP method "post" is deprecated. Use uppercase HTTP method like "POST". in SYSTEMPATH/Router/RouteCollection.php on line 1026.
 1 SYSTEMPATH/Router/RouteCollection.php(1026): trigger_error('Passing lowercase HTTP method "post" is deprecated. Use uppercase HTTP method like "POST".', 16384)
 2 APPPATH/Config/Routes.php(161): CodeIgniter\Router\RouteCollection->match([...], 'mesociclos/(:num)/generar/bilbo', 'GimnasioMesociclos::generarBilbo/$1')
 3 SYSTEMPATH/Router/RouteCollection.php(799): CodeIgniter\Router\RouteCollection::{closure}(Object(CodeIgniter\Router\RouteCollection))
 4 APPPATH/Config/Routes.php(144): CodeIgniter\Router\RouteCollection->group('gimnasio', [...], Object(Closure))
 5 SYSTEMPATH/Router/RouteCollection.php(339): require('/Applications/ServBay/www/trackbitos/app/Config/Routes.php')
 6 SYSTEMPATH/CodeIgniter.php(821): CodeIgniter\Router\RouteCollection->loadRoutes()
 7 SYSTEMPATH/CodeIgniter.php(455): CodeIgniter\CodeIgniter->tryToRouteIt(null)
 8 SYSTEMPATH/CodeIgniter.php(354): CodeIgniter\CodeIgniter->handleRequest(null, Object(Config\Cache), false)
 9 SYSTEMPATH/Boot.php(363): CodeIgniter\CodeIgniter->run()
10 SYSTEMPATH/Boot.php(68): CodeIgniter\Boot::runCodeIgniter(Object(CodeIgniter\CodeIgniter))
11 FCPATH/index.php(59): CodeIgniter\Boot::bootWeb(Object(Config\Paths))
WARNING - 2025-09-18 15:43:34 --> [DEPRECATED] Passing lowercase HTTP method "get" is deprecated. Use uppercase HTTP method like "GET". in SYSTEMPATH/Router/RouteCollection.php on line 1026.
 1 SYSTEMPATH/Router/RouteCollection.php(1026): trigger_error('Passing lowercase HTTP method "get" is deprecated. Use uppercase HTTP method like "GET".', 16384)
 2 APPPATH/Config/Routes.php(261): CodeIgniter\Router\RouteCollection->match([...], 'crear', 'Youtube::crearLista')
 3 SYSTEMPATH/Router/RouteCollection.php(799): CodeIgniter\Router\RouteCollection::{closure}(Object(CodeIgniter\Router\RouteCollection))
 4 APPPATH/Config/Routes.php(259): CodeIgniter\Router\RouteCollection->group('youtube', [...], Object(Closure))
 5 SYSTEMPATH/Router/RouteCollection.php(339): require('/Applications/ServBay/www/trackbitos/app/Config/Routes.php')
 6 SYSTEMPATH/CodeIgniter.php(821): CodeIgniter\Router\RouteCollection->loadRoutes()
 7 SYSTEMPATH/CodeIgniter.php(455): CodeIgniter\CodeIgniter->tryToRouteIt(null)
 8 SYSTEMPATH/CodeIgniter.php(354): CodeIgniter\CodeIgniter->handleRequest(null, Object(Config\Cache), false)
 9 SYSTEMPATH/Boot.php(363): CodeIgniter\CodeIgniter->run()
10 SYSTEMPATH/Boot.php(68): CodeIgniter\Boot::runCodeIgniter(Object(CodeIgniter\CodeIgniter))
11 FCPATH/index.php(59): CodeIgniter\Boot::bootWeb(Object(Config\Paths))
WARNING - 2025-09-18 15:43:34 --> [DEPRECATED] Passing lowercase HTTP method "post" is deprecated. Use uppercase HTTP method like "POST". in SYSTEMPATH/Router/RouteCollection.php on line 1026.
 1 SYSTEMPATH/Router/RouteCollection.php(1026): trigger_error('Passing lowercase HTTP method "post" is deprecated. Use uppercase HTTP method like "POST".', 16384)
 2 APPPATH/Config/Routes.php(261): CodeIgniter\Router\RouteCollection->match([...], 'crear', 'Youtube::crearLista')
 3 SYSTEMPATH/Router/RouteCollection.php(799): CodeIgniter\Router\RouteCollection::{closure}(Object(CodeIgniter\Router\RouteCollection))
 4 APPPATH/Config/Routes.php(259): CodeIgniter\Router\RouteCollection->group('youtube', [...], Object(Closure))
 5 SYSTEMPATH/Router/RouteCollection.php(339): require('/Applications/ServBay/www/trackbitos/app/Config/Routes.php')
 6 SYSTEMPATH/CodeIgniter.php(821): CodeIgniter\Router\RouteCollection->loadRoutes()
 7 SYSTEMPATH/CodeIgniter.php(455): CodeIgniter\CodeIgniter->tryToRouteIt(null)
 8 SYSTEMPATH/CodeIgniter.php(354): CodeIgniter\CodeIgniter->handleRequest(null, Object(Config\Cache), false)
 9 SYSTEMPATH/Boot.php(363): CodeIgniter\CodeIgniter->run()
10 SYSTEMPATH/Boot.php(68): CodeIgniter\Boot::runCodeIgniter(Object(CodeIgniter\CodeIgniter))
11 FCPATH/index.php(59): CodeIgniter\Boot::bootWeb(Object(Config\Paths))
DEBUG - 2025-09-18 15:43:34 --> Session: Class initialized using 'CodeIgniter\Session\Handlers\FileHandler' driver.
WARNING - 2025-09-18 15:43:44 --> [DEPRECATED] Passing lowercase HTTP method "get" is deprecated. Use uppercase HTTP method like "GET". in SYSTEMPATH/Router/RouteCollection.php on line 1026.
 1 SYSTEMPATH/Router/RouteCollection.php(1026): trigger_error('Passing lowercase HTTP method "get" is deprecated. Use uppercase HTTP method like "GET".', 16384)
 2 APPPATH/Config/Routes.php(146): CodeIgniter\Router\RouteCollection->match([...], 'mesociclos/nuevo', 'GimnasioMesociclos::nuevo')
 3 SYSTEMPATH/Router/RouteCollection.php(799): CodeIgniter\Router\RouteCollection::{closure}(Object(CodeIgniter\Router\RouteCollection))
 4 APPPATH/Config/Routes.php(144): CodeIgniter\Router\RouteCollection->group('gimnasio', [...], Object(Closure))
 5 SYSTEMPATH/Router/RouteCollection.php(339): require('/Applications/ServBay/www/trackbitos/app/Config/Routes.php')
 6 SYSTEMPATH/CodeIgniter.php(821): CodeIgniter\Router\RouteCollection->loadRoutes()
 7 SYSTEMPATH/CodeIgniter.php(455): CodeIgniter\CodeIgniter->tryToRouteIt(null)
 8 SYSTEMPATH/CodeIgniter.php(354): CodeIgniter\CodeIgniter->handleRequest(null, Object(Config\Cache), false)
 9 SYSTEMPATH/Boot.php(363): CodeIgniter\CodeIgniter->run()
10 SYSTEMPATH/Boot.php(68): CodeIgniter\Boot::runCodeIgniter(Object(CodeIgniter\CodeIgniter))
11 FCPATH/index.php(59): CodeIgniter\Boot::bootWeb(Object(Config\Paths))
WARNING - 2025-09-18 15:43:44 --> [DEPRECATED] Passing lowercase HTTP method "post" is deprecated. Use uppercase HTTP method like "POST". in SYSTEMPATH/Router/RouteCollection.php on line 1026.
 1 SYSTEMPATH/Router/RouteCollection.php(1026): trigger_error('Passing lowercase HTTP method "post" is deprecated. Use uppercase HTTP method like "POST".', 16384)
 2 APPPATH/Config/Routes.php(146): CodeIgniter\Router\RouteCollection->match([...], 'mesociclos/nuevo', 'GimnasioMesociclos::nuevo')
 3 SYSTEMPATH/Router/RouteCollection.php(799): CodeIgniter\Router\RouteCollection::{closure}(Object(CodeIgniter\Router\RouteCollection))
 4 APPPATH/Config/Routes.php(144): CodeIgniter\Router\RouteCollection->group('gimnasio', [...], Object(Closure))
 5 SYSTEMPATH/Router/RouteCollection.php(339): require('/Applications/ServBay/www/trackbitos/app/Config/Routes.php')
 6 SYSTEMPATH/CodeIgniter.php(821): CodeIgniter\Router\RouteCollection->loadRoutes()
 7 SYSTEMPATH/CodeIgniter.php(455): CodeIgniter\CodeIgniter->tryToRouteIt(null)
 8 SYSTEMPATH/CodeIgniter.php(354): CodeIgniter\CodeIgniter->handleRequest(null, Object(Config\Cache), false)
 9 SYSTEMPATH/Boot.php(363): CodeIgniter\CodeIgniter->run()
10 SYSTEMPATH/Boot.php(68): CodeIgniter\Boot::runCodeIgniter(Object(CodeIgniter\CodeIgniter))
11 FCPATH/index.php(59): CodeIgniter\Boot::bootWeb(Object(Config\Paths))
WARNING - 2025-09-18 15:43:44 --> [DEPRECATED] Passing lowercase HTTP method "get" is deprecated. Use uppercase HTTP method like "GET". in SYSTEMPATH/Router/RouteCollection.php on line 1026.
 1 SYSTEMPATH/Router/RouteCollection.php(1026): trigger_error('Passing lowercase HTTP method "get" is deprecated. Use uppercase HTTP method like "GET".', 16384)
 2 APPPATH/Config/Routes.php(148): CodeIgniter\Router\RouteCollection->match([...], 'mesociclos/(:num)/bloque/nuevo', 'GimnasioMesociclos::bloqueNuevo/$1')
 3 SYSTEMPATH/Router/RouteCollection.php(799): CodeIgniter\Router\RouteCollection::{closure}(Object(CodeIgniter\Router\RouteCollection))
 4 APPPATH/Config/Routes.php(144): CodeIgniter\Router\RouteCollection->group('gimnasio', [...], Object(Closure))
 5 SYSTEMPATH/Router/RouteCollection.php(339): require('/Applications/ServBay/www/trackbitos/app/Config/Routes.php')
 6 SYSTEMPATH/CodeIgniter.php(821): CodeIgniter\Router\RouteCollection->loadRoutes()
 7 SYSTEMPATH/CodeIgniter.php(455): CodeIgniter\CodeIgniter->tryToRouteIt(null)
 8 SYSTEMPATH/CodeIgniter.php(354): CodeIgniter\CodeIgniter->handleRequest(null, Object(Config\Cache), false)
 9 SYSTEMPATH/Boot.php(363): CodeIgniter\CodeIgniter->run()
10 SYSTEMPATH/Boot.php(68): CodeIgniter\Boot::runCodeIgniter(Object(CodeIgniter\CodeIgniter))
11 FCPATH/index.php(59): CodeIgniter\Boot::bootWeb(Object(Config\Paths))
WARNING - 2025-09-18 15:43:44 --> [DEPRECATED] Passing lowercase HTTP method "post" is deprecated. Use uppercase HTTP method like "POST". in SYSTEMPATH/Router/RouteCollection.php on line 1026.
 1 SYSTEMPATH/Router/RouteCollection.php(1026): trigger_error('Passing lowercase HTTP method "post" is deprecated. Use uppercase HTTP method like "POST".', 16384)
 2 APPPATH/Config/Routes.php(148): CodeIgniter\Router\RouteCollection->match([...], 'mesociclos/(:num)/bloque/nuevo', 'GimnasioMesociclos::bloqueNuevo/$1')
 3 SYSTEMPATH/Router/RouteCollection.php(799): CodeIgniter\Router\RouteCollection::{closure}(Object(CodeIgniter\Router\RouteCollection))
 4 APPPATH/Config/Routes.php(144): CodeIgniter\Router\RouteCollection->group('gimnasio', [...], Object(Closure))
 5 SYSTEMPATH/Router/RouteCollection.php(339): require('/Applications/ServBay/www/trackbitos/app/Config/Routes.php')
 6 SYSTEMPATH/CodeIgniter.php(821): CodeIgniter\Router\RouteCollection->loadRoutes()
 7 SYSTEMPATH/CodeIgniter.php(455): CodeIgniter\CodeIgniter->tryToRouteIt(null)
 8 SYSTEMPATH/CodeIgniter.php(354): CodeIgniter\CodeIgniter->handleRequest(null, Object(Config\Cache), false)
 9 SYSTEMPATH/Boot.php(363): CodeIgniter\CodeIgniter->run()
10 SYSTEMPATH/Boot.php(68): CodeIgniter\Boot::runCodeIgniter(Object(CodeIgniter\CodeIgniter))
11 FCPATH/index.php(59): CodeIgniter\Boot::bootWeb(Object(Config\Paths))
WARNING - 2025-09-18 15:43:44 --> [DEPRECATED] Passing lowercase HTTP method "get" is deprecated. Use uppercase HTTP method like "GET". in SYSTEMPATH/Router/RouteCollection.php on line 1026.
 1 SYSTEMPATH/Router/RouteCollection.php(1026): trigger_error('Passing lowercase HTTP method "get" is deprecated. Use uppercase HTTP method like "GET".', 16384)
 2 APPPATH/Config/Routes.php(150): CodeIgniter\Router\RouteCollection->match([...], 'mesociclos/(:num)/asignar/(:num)', 'GimnasioMesociclos::asignar/$1/$2')
 3 SYSTEMPATH/Router/RouteCollection.php(799): CodeIgniter\Router\RouteCollection::{closure}(Object(CodeIgniter\Router\RouteCollection))
 4 APPPATH/Config/Routes.php(144): CodeIgniter\Router\RouteCollection->group('gimnasio', [...], Object(Closure))
 5 SYSTEMPATH/Router/RouteCollection.php(339): require('/Applications/ServBay/www/trackbitos/app/Config/Routes.php')
 6 SYSTEMPATH/CodeIgniter.php(821): CodeIgniter\Router\RouteCollection->loadRoutes()
 7 SYSTEMPATH/CodeIgniter.php(455): CodeIgniter\CodeIgniter->tryToRouteIt(null)
 8 SYSTEMPATH/CodeIgniter.php(354): CodeIgniter\CodeIgniter->handleRequest(null, Object(Config\Cache), false)
 9 SYSTEMPATH/Boot.php(363): CodeIgniter\CodeIgniter->run()
10 SYSTEMPATH/Boot.php(68): CodeIgniter\Boot::runCodeIgniter(Object(CodeIgniter\CodeIgniter))
11 FCPATH/index.php(59): CodeIgniter\Boot::bootWeb(Object(Config\Paths))
WARNING - 2025-09-18 15:43:44 --> [DEPRECATED] Passing lowercase HTTP method "post" is deprecated. Use uppercase HTTP method like "POST". in SYSTEMPATH/Router/RouteCollection.php on line 1026.
 1 SYSTEMPATH/Router/RouteCollection.php(1026): trigger_error('Passing lowercase HTTP method "post" is deprecated. Use uppercase HTTP method like "POST".', 16384)
 2 APPPATH/Config/Routes.php(150): CodeIgniter\Router\RouteCollection->match([...], 'mesociclos/(:num)/asignar/(:num)', 'GimnasioMesociclos::asignar/$1/$2')
 3 SYSTEMPATH/Router/RouteCollection.php(799): CodeIgniter\Router\RouteCollection::{closure}(Object(CodeIgniter\Router\RouteCollection))
 4 APPPATH/Config/Routes.php(144): CodeIgniter\Router\RouteCollection->group('gimnasio', [...], Object(Closure))
 5 SYSTEMPATH/Router/RouteCollection.php(339): require('/Applications/ServBay/www/trackbitos/app/Config/Routes.php')
 6 SYSTEMPATH/CodeIgniter.php(821): CodeIgniter\Router\RouteCollection->loadRoutes()
 7 SYSTEMPATH/CodeIgniter.php(455): CodeIgniter\CodeIgniter->tryToRouteIt(null)
 8 SYSTEMPATH/CodeIgniter.php(354): CodeIgniter\CodeIgniter->handleRequest(null, Object(Config\Cache), false)
 9 SYSTEMPATH/Boot.php(363): CodeIgniter\CodeIgniter->run()
10 SYSTEMPATH/Boot.php(68): CodeIgniter\Boot::runCodeIgniter(Object(CodeIgniter\CodeIgniter))
11 FCPATH/index.php(59): CodeIgniter\Boot::bootWeb(Object(Config\Paths))
WARNING - 2025-09-18 15:43:44 --> [DEPRECATED] Passing lowercase HTTP method "get" is deprecated. Use uppercase HTTP method like "GET". in SYSTEMPATH/Router/RouteCollection.php on line 1026.
 1 SYSTEMPATH/Router/RouteCollection.php(1026): trigger_error('Passing lowercase HTTP method "get" is deprecated. Use uppercase HTTP method like "GET".', 16384)
 2 APPPATH/Config/Routes.php(153): CodeIgniter\Router\RouteCollection->match([...], 'mesociclos/(:num)/generar', 'GimnasioMesociclos::generar/$1')
 3 SYSTEMPATH/Router/RouteCollection.php(799): CodeIgniter\Router\RouteCollection::{closure}(Object(CodeIgniter\Router\RouteCollection))
 4 APPPATH/Config/Routes.php(144): CodeIgniter\Router\RouteCollection->group('gimnasio', [...], Object(Closure))
 5 SYSTEMPATH/Router/RouteCollection.php(339): require('/Applications/ServBay/www/trackbitos/app/Config/Routes.php')
 6 SYSTEMPATH/CodeIgniter.php(821): CodeIgniter\Router\RouteCollection->loadRoutes()
 7 SYSTEMPATH/CodeIgniter.php(455): CodeIgniter\CodeIgniter->tryToRouteIt(null)
 8 SYSTEMPATH/CodeIgniter.php(354): CodeIgniter\CodeIgniter->handleRequest(null, Object(Config\Cache), false)
 9 SYSTEMPATH/Boot.php(363): CodeIgniter\CodeIgniter->run()
10 SYSTEMPATH/Boot.php(68): CodeIgniter\Boot::runCodeIgniter(Object(CodeIgniter\CodeIgniter))
11 FCPATH/index.php(59): CodeIgniter\Boot::bootWeb(Object(Config\Paths))
WARNING - 2025-09-18 15:43:44 --> [DEPRECATED] Passing lowercase HTTP method "post" is deprecated. Use uppercase HTTP method like "POST". in SYSTEMPATH/Router/RouteCollection.php on line 1026.
 1 SYSTEMPATH/Router/RouteCollection.php(1026): trigger_error('Passing lowercase HTTP method "post" is deprecated. Use uppercase HTTP method like "POST".', 16384)
 2 APPPATH/Config/Routes.php(153): CodeIgniter\Router\RouteCollection->match([...], 'mesociclos/(:num)/generar', 'GimnasioMesociclos::generar/$1')
 3 SYSTEMPATH/Router/RouteCollection.php(799): CodeIgniter\Router\RouteCollection::{closure}(Object(CodeIgniter\Router\RouteCollection))
 4 APPPATH/Config/Routes.php(144): CodeIgniter\Router\RouteCollection->group('gimnasio', [...], Object(Closure))
 5 SYSTEMPATH/Router/RouteCollection.php(339): require('/Applications/ServBay/www/trackbitos/app/Config/Routes.php')
 6 SYSTEMPATH/CodeIgniter.php(821): CodeIgniter\Router\RouteCollection->loadRoutes()
 7 SYSTEMPATH/CodeIgniter.php(455): CodeIgniter\CodeIgniter->tryToRouteIt(null)
 8 SYSTEMPATH/CodeIgniter.php(354): CodeIgniter\CodeIgniter->handleRequest(null, Object(Config\Cache), false)
 9 SYSTEMPATH/Boot.php(363): CodeIgniter\CodeIgniter->run()
10 SYSTEMPATH/Boot.php(68): CodeIgniter\Boot::runCodeIgniter(Object(CodeIgniter\CodeIgniter))
11 FCPATH/index.php(59): CodeIgniter\Boot::bootWeb(Object(Config\Paths))
WARNING - 2025-09-18 15:43:44 --> [DEPRECATED] Passing lowercase HTTP method "get" is deprecated. Use uppercase HTTP method like "GET". in SYSTEMPATH/Router/RouteCollection.php on line 1026.
 1 SYSTEMPATH/Router/RouteCollection.php(1026): trigger_error('Passing lowercase HTTP method "get" is deprecated. Use uppercase HTTP method like "GET".', 16384)
 2 APPPATH/Config/Routes.php(161): CodeIgniter\Router\RouteCollection->match([...], 'mesociclos/(:num)/generar/bilbo', 'GimnasioMesociclos::generarBilbo/$1')
 3 SYSTEMPATH/Router/RouteCollection.php(799): CodeIgniter\Router\RouteCollection::{closure}(Object(CodeIgniter\Router\RouteCollection))
 4 APPPATH/Config/Routes.php(144): CodeIgniter\Router\RouteCollection->group('gimnasio', [...], Object(Closure))
 5 SYSTEMPATH/Router/RouteCollection.php(339): require('/Applications/ServBay/www/trackbitos/app/Config/Routes.php')
 6 SYSTEMPATH/CodeIgniter.php(821): CodeIgniter\Router\RouteCollection->loadRoutes()
 7 SYSTEMPATH/CodeIgniter.php(455): CodeIgniter\CodeIgniter->tryToRouteIt(null)
 8 SYSTEMPATH/CodeIgniter.php(354): CodeIgniter\CodeIgniter->handleRequest(null, Object(Config\Cache), false)
 9 SYSTEMPATH/Boot.php(363): CodeIgniter\CodeIgniter->run()
10 SYSTEMPATH/Boot.php(68): CodeIgniter\Boot::runCodeIgniter(Object(CodeIgniter\CodeIgniter))
11 FCPATH/index.php(59): CodeIgniter\Boot::bootWeb(Object(Config\Paths))
WARNING - 2025-09-18 15:43:44 --> [DEPRECATED] Passing lowercase HTTP method "post" is deprecated. Use uppercase HTTP method like "POST". in SYSTEMPATH/Router/RouteCollection.php on line 1026.
 1 SYSTEMPATH/Router/RouteCollection.php(1026): trigger_error('Passing lowercase HTTP method "post" is deprecated. Use uppercase HTTP method like "POST".', 16384)
 2 APPPATH/Config/Routes.php(161): CodeIgniter\Router\RouteCollection->match([...], 'mesociclos/(:num)/generar/bilbo', 'GimnasioMesociclos::generarBilbo/$1')
 3 SYSTEMPATH/Router/RouteCollection.php(799): CodeIgniter\Router\RouteCollection::{closure}(Object(CodeIgniter\Router\RouteCollection))
 4 APPPATH/Config/Routes.php(144): CodeIgniter\Router\RouteCollection->group('gimnasio', [...], Object(Closure))
 5 SYSTEMPATH/Router/RouteCollection.php(339): require('/Applications/ServBay/www/trackbitos/app/Config/Routes.php')
 6 SYSTEMPATH/CodeIgniter.php(821): CodeIgniter\Router\RouteCollection->loadRoutes()
 7 SYSTEMPATH/CodeIgniter.php(455): CodeIgniter\CodeIgniter->tryToRouteIt(null)
 8 SYSTEMPATH/CodeIgniter.php(354): CodeIgniter\CodeIgniter->handleRequest(null, Object(Config\Cache), false)
 9 SYSTEMPATH/Boot.php(363): CodeIgniter\CodeIgniter->run()
10 SYSTEMPATH/Boot.php(68): CodeIgniter\Boot::runCodeIgniter(Object(CodeIgniter\CodeIgniter))
11 FCPATH/index.php(59): CodeIgniter\Boot::bootWeb(Object(Config\Paths))
WARNING - 2025-09-18 15:43:44 --> [DEPRECATED] Passing lowercase HTTP method "get" is deprecated. Use uppercase HTTP method like "GET". in SYSTEMPATH/Router/RouteCollection.php on line 1026.
 1 SYSTEMPATH/Router/RouteCollection.php(1026): trigger_error('Passing lowercase HTTP method "get" is deprecated. Use uppercase HTTP method like "GET".', 16384)
 2 APPPATH/Config/Routes.php(261): CodeIgniter\Router\RouteCollection->match([...], 'crear', 'Youtube::crearLista')
 3 SYSTEMPATH/Router/RouteCollection.php(799): CodeIgniter\Router\RouteCollection::{closure}(Object(CodeIgniter\Router\RouteCollection))
 4 APPPATH/Config/Routes.php(259): CodeIgniter\Router\RouteCollection->group('youtube', [...], Object(Closure))
 5 SYSTEMPATH/Router/RouteCollection.php(339): require('/Applications/ServBay/www/trackbitos/app/Config/Routes.php')
 6 SYSTEMPATH/CodeIgniter.php(821): CodeIgniter\Router\RouteCollection->loadRoutes()
 7 SYSTEMPATH/CodeIgniter.php(455): CodeIgniter\CodeIgniter->tryToRouteIt(null)
 8 SYSTEMPATH/CodeIgniter.php(354): CodeIgniter\CodeIgniter->handleRequest(null, Object(Config\Cache), false)
 9 SYSTEMPATH/Boot.php(363): CodeIgniter\CodeIgniter->run()
10 SYSTEMPATH/Boot.php(68): CodeIgniter\Boot::runCodeIgniter(Object(CodeIgniter\CodeIgniter))
11 FCPATH/index.php(59): CodeIgniter\Boot::bootWeb(Object(Config\Paths))
WARNING - 2025-09-18 15:43:44 --> [DEPRECATED] Passing lowercase HTTP method "post" is deprecated. Use uppercase HTTP method like "POST". in SYSTEMPATH/Router/RouteCollection.php on line 1026.
 1 SYSTEMPATH/Router/RouteCollection.php(1026): trigger_error('Passing lowercase HTTP method "post" is deprecated. Use uppercase HTTP method like "POST".', 16384)
 2 APPPATH/Config/Routes.php(261): CodeIgniter\Router\RouteCollection->match([...], 'crear', 'Youtube::crearLista')
 3 SYSTEMPATH/Router/RouteCollection.php(799): CodeIgniter\Router\RouteCollection::{closure}(Object(CodeIgniter\Router\RouteCollection))
 4 APPPATH/Config/Routes.php(259): CodeIgniter\Router\RouteCollection->group('youtube', [...], Object(Closure))
 5 SYSTEMPATH/Router/RouteCollection.php(339): require('/Applications/ServBay/www/trackbitos/app/Config/Routes.php')
 6 SYSTEMPATH/CodeIgniter.php(821): CodeIgniter\Router\RouteCollection->loadRoutes()
 7 SYSTEMPATH/CodeIgniter.php(455): CodeIgniter\CodeIgniter->tryToRouteIt(null)
 8 SYSTEMPATH/CodeIgniter.php(354): CodeIgniter\CodeIgniter->handleRequest(null, Object(Config\Cache), false)
 9 SYSTEMPATH/Boot.php(363): CodeIgniter\CodeIgniter->run()
10 SYSTEMPATH/Boot.php(68): CodeIgniter\Boot::runCodeIgniter(Object(CodeIgniter\CodeIgniter))
11 FCPATH/index.php(59): CodeIgniter\Boot::bootWeb(Object(Config\Paths))
DEBUG - 2025-09-18 15:43:44 --> Session: Class initialized using 'CodeIgniter\Session\Handlers\FileHandler' driver.
WARNING - 2025-09-18 15:43:50 --> [DEPRECATED] Passing lowercase HTTP method "get" is deprecated. Use uppercase HTTP method like "GET". in SYSTEMPATH/Router/RouteCollection.php on line 1026.
 1 SYSTEMPATH/Router/RouteCollection.php(1026): trigger_error('Passing lowercase HTTP method "get" is deprecated. Use uppercase HTTP method like "GET".', 16384)
 2 APPPATH/Config/Routes.php(146): CodeIgniter\Router\RouteCollection->match([...], 'mesociclos/nuevo', 'GimnasioMesociclos::nuevo')
 3 SYSTEMPATH/Router/RouteCollection.php(799): CodeIgniter\Router\RouteCollection::{closure}(Object(CodeIgniter\Router\RouteCollection))
 4 APPPATH/Config/Routes.php(144): CodeIgniter\Router\RouteCollection->group('gimnasio', [...], Object(Closure))
 5 SYSTEMPATH/Router/RouteCollection.php(339): require('/Applications/ServBay/www/trackbitos/app/Config/Routes.php')
 6 SYSTEMPATH/CodeIgniter.php(821): CodeIgniter\Router\RouteCollection->loadRoutes()
 7 SYSTEMPATH/CodeIgniter.php(455): CodeIgniter\CodeIgniter->tryToRouteIt(null)
 8 SYSTEMPATH/CodeIgniter.php(354): CodeIgniter\CodeIgniter->handleRequest(null, Object(Config\Cache), false)
 9 SYSTEMPATH/Boot.php(363): CodeIgniter\CodeIgniter->run()
10 SYSTEMPATH/Boot.php(68): CodeIgniter\Boot::runCodeIgniter(Object(CodeIgniter\CodeIgniter))
11 FCPATH/index.php(59): CodeIgniter\Boot::bootWeb(Object(Config\Paths))
WARNING - 2025-09-18 15:43:50 --> [DEPRECATED] Passing lowercase HTTP method "post" is deprecated. Use uppercase HTTP method like "POST". in SYSTEMPATH/Router/RouteCollection.php on line 1026.
 1 SYSTEMPATH/Router/RouteCollection.php(1026): trigger_error('Passing lowercase HTTP method "post" is deprecated. Use uppercase HTTP method like "POST".', 16384)
 2 APPPATH/Config/Routes.php(146): CodeIgniter\Router\RouteCollection->match([...], 'mesociclos/nuevo', 'GimnasioMesociclos::nuevo')
 3 SYSTEMPATH/Router/RouteCollection.php(799): CodeIgniter\Router\RouteCollection::{closure}(Object(CodeIgniter\Router\RouteCollection))
 4 APPPATH/Config/Routes.php(144): CodeIgniter\Router\RouteCollection->group('gimnasio', [...], Object(Closure))
 5 SYSTEMPATH/Router/RouteCollection.php(339): require('/Applications/ServBay/www/trackbitos/app/Config/Routes.php')
 6 SYSTEMPATH/CodeIgniter.php(821): CodeIgniter\Router\RouteCollection->loadRoutes()
 7 SYSTEMPATH/CodeIgniter.php(455): CodeIgniter\CodeIgniter->tryToRouteIt(null)
 8 SYSTEMPATH/CodeIgniter.php(354): CodeIgniter\CodeIgniter->handleRequest(null, Object(Config\Cache), false)
 9 SYSTEMPATH/Boot.php(363): CodeIgniter\CodeIgniter->run()
10 SYSTEMPATH/Boot.php(68): CodeIgniter\Boot::runCodeIgniter(Object(CodeIgniter\CodeIgniter))
11 FCPATH/index.php(59): CodeIgniter\Boot::bootWeb(Object(Config\Paths))
WARNING - 2025-09-18 15:43:50 --> [DEPRECATED] Passing lowercase HTTP method "get" is deprecated. Use uppercase HTTP method like "GET". in SYSTEMPATH/Router/RouteCollection.php on line 1026.
 1 SYSTEMPATH/Router/RouteCollection.php(1026): trigger_error('Passing lowercase HTTP method "get" is deprecated. Use uppercase HTTP method like "GET".', 16384)
 2 APPPATH/Config/Routes.php(148): CodeIgniter\Router\RouteCollection->match([...], 'mesociclos/(:num)/bloque/nuevo', 'GimnasioMesociclos::bloqueNuevo/$1')
 3 SYSTEMPATH/Router/RouteCollection.php(799): CodeIgniter\Router\RouteCollection::{closure}(Object(CodeIgniter\Router\RouteCollection))
 4 APPPATH/Config/Routes.php(144): CodeIgniter\Router\RouteCollection->group('gimnasio', [...], Object(Closure))
 5 SYSTEMPATH/Router/RouteCollection.php(339): require('/Applications/ServBay/www/trackbitos/app/Config/Routes.php')
 6 SYSTEMPATH/CodeIgniter.php(821): CodeIgniter\Router\RouteCollection->loadRoutes()
 7 SYSTEMPATH/CodeIgniter.php(455): CodeIgniter\CodeIgniter->tryToRouteIt(null)
 8 SYSTEMPATH/CodeIgniter.php(354): CodeIgniter\CodeIgniter->handleRequest(null, Object(Config\Cache), false)
 9 SYSTEMPATH/Boot.php(363): CodeIgniter\CodeIgniter->run()
10 SYSTEMPATH/Boot.php(68): CodeIgniter\Boot::runCodeIgniter(Object(CodeIgniter\CodeIgniter))
11 FCPATH/index.php(59): CodeIgniter\Boot::bootWeb(Object(Config\Paths))
WARNING - 2025-09-18 15:43:50 --> [DEPRECATED] Passing lowercase HTTP method "post" is deprecated. Use uppercase HTTP method like "POST". in SYSTEMPATH/Router/RouteCollection.php on line 1026.
 1 SYSTEMPATH/Router/RouteCollection.php(1026): trigger_error('Passing lowercase HTTP method "post" is deprecated. Use uppercase HTTP method like "POST".', 16384)
 2 APPPATH/Config/Routes.php(148): CodeIgniter\Router\RouteCollection->match([...], 'mesociclos/(:num)/bloque/nuevo', 'GimnasioMesociclos::bloqueNuevo/$1')
 3 SYSTEMPATH/Router/RouteCollection.php(799): CodeIgniter\Router\RouteCollection::{closure}(Object(CodeIgniter\Router\RouteCollection))
 4 APPPATH/Config/Routes.php(144): CodeIgniter\Router\RouteCollection->group('gimnasio', [...], Object(Closure))
 5 SYSTEMPATH/Router/RouteCollection.php(339): require('/Applications/ServBay/www/trackbitos/app/Config/Routes.php')
 6 SYSTEMPATH/CodeIgniter.php(821): CodeIgniter\Router\RouteCollection->loadRoutes()
 7 SYSTEMPATH/CodeIgniter.php(455): CodeIgniter\CodeIgniter->tryToRouteIt(null)
 8 SYSTEMPATH/CodeIgniter.php(354): CodeIgniter\CodeIgniter->handleRequest(null, Object(Config\Cache), false)
 9 SYSTEMPATH/Boot.php(363): CodeIgniter\CodeIgniter->run()
10 SYSTEMPATH/Boot.php(68): CodeIgniter\Boot::runCodeIgniter(Object(CodeIgniter\CodeIgniter))
11 FCPATH/index.php(59): CodeIgniter\Boot::bootWeb(Object(Config\Paths))
WARNING - 2025-09-18 15:43:50 --> [DEPRECATED] Passing lowercase HTTP method "get" is deprecated. Use uppercase HTTP method like "GET". in SYSTEMPATH/Router/RouteCollection.php on line 1026.
 1 SYSTEMPATH/Router/RouteCollection.php(1026): trigger_error('Passing lowercase HTTP method "get" is deprecated. Use uppercase HTTP method like "GET".', 16384)
 2 APPPATH/Config/Routes.php(150): CodeIgniter\Router\RouteCollection->match([...], 'mesociclos/(:num)/asignar/(:num)', 'GimnasioMesociclos::asignar/$1/$2')
 3 SYSTEMPATH/Router/RouteCollection.php(799): CodeIgniter\Router\RouteCollection::{closure}(Object(CodeIgniter\Router\RouteCollection))
 4 APPPATH/Config/Routes.php(144): CodeIgniter\Router\RouteCollection->group('gimnasio', [...], Object(Closure))
 5 SYSTEMPATH/Router/RouteCollection.php(339): require('/Applications/ServBay/www/trackbitos/app/Config/Routes.php')
 6 SYSTEMPATH/CodeIgniter.php(821): CodeIgniter\Router\RouteCollection->loadRoutes()
 7 SYSTEMPATH/CodeIgniter.php(455): CodeIgniter\CodeIgniter->tryToRouteIt(null)
 8 SYSTEMPATH/CodeIgniter.php(354): CodeIgniter\CodeIgniter->handleRequest(null, Object(Config\Cache), false)
 9 SYSTEMPATH/Boot.php(363): CodeIgniter\CodeIgniter->run()
10 SYSTEMPATH/Boot.php(68): CodeIgniter\Boot::runCodeIgniter(Object(CodeIgniter\CodeIgniter))
11 FCPATH/index.php(59): CodeIgniter\Boot::bootWeb(Object(Config\Paths))
WARNING - 2025-09-18 15:43:50 --> [DEPRECATED] Passing lowercase HTTP method "post" is deprecated. Use uppercase HTTP method like "POST". in SYSTEMPATH/Router/RouteCollection.php on line 1026.
 1 SYSTEMPATH/Router/RouteCollection.php(1026): trigger_error('Passing lowercase HTTP method "post" is deprecated. Use uppercase HTTP method like "POST".', 16384)
 2 APPPATH/Config/Routes.php(150): CodeIgniter\Router\RouteCollection->match([...], 'mesociclos/(:num)/asignar/(:num)', 'GimnasioMesociclos::asignar/$1/$2')
 3 SYSTEMPATH/Router/RouteCollection.php(799): CodeIgniter\Router\RouteCollection::{closure}(Object(CodeIgniter\Router\RouteCollection))
 4 APPPATH/Config/Routes.php(144): CodeIgniter\Router\RouteCollection->group('gimnasio', [...], Object(Closure))
 5 SYSTEMPATH/Router/RouteCollection.php(339): require('/Applications/ServBay/www/trackbitos/app/Config/Routes.php')
 6 SYSTEMPATH/CodeIgniter.php(821): CodeIgniter\Router\RouteCollection->loadRoutes()
 7 SYSTEMPATH/CodeIgniter.php(455): CodeIgniter\CodeIgniter->tryToRouteIt(null)
 8 SYSTEMPATH/CodeIgniter.php(354): CodeIgniter\CodeIgniter->handleRequest(null, Object(Config\Cache), false)
 9 SYSTEMPATH/Boot.php(363): CodeIgniter\CodeIgniter->run()
10 SYSTEMPATH/Boot.php(68): CodeIgniter\Boot::runCodeIgniter(Object(CodeIgniter\CodeIgniter))
11 FCPATH/index.php(59): CodeIgniter\Boot::bootWeb(Object(Config\Paths))
WARNING - 2025-09-18 15:43:50 --> [DEPRECATED] Passing lowercase HTTP method "get" is deprecated. Use uppercase HTTP method like "GET". in SYSTEMPATH/Router/RouteCollection.php on line 1026.
 1 SYSTEMPATH/Router/RouteCollection.php(1026): trigger_error('Passing lowercase HTTP method "get" is deprecated. Use uppercase HTTP method like "GET".', 16384)
 2 APPPATH/Config/Routes.php(153): CodeIgniter\Router\RouteCollection->match([...], 'mesociclos/(:num)/generar', 'GimnasioMesociclos::generar/$1')
 3 SYSTEMPATH/Router/RouteCollection.php(799): CodeIgniter\Router\RouteCollection::{closure}(Object(CodeIgniter\Router\RouteCollection))
 4 APPPATH/Config/Routes.php(144): CodeIgniter\Router\RouteCollection->group('gimnasio', [...], Object(Closure))
 5 SYSTEMPATH/Router/RouteCollection.php(339): require('/Applications/ServBay/www/trackbitos/app/Config/Routes.php')
 6 SYSTEMPATH/CodeIgniter.php(821): CodeIgniter\Router\RouteCollection->loadRoutes()
 7 SYSTEMPATH/CodeIgniter.php(455): CodeIgniter\CodeIgniter->tryToRouteIt(null)
 8 SYSTEMPATH/CodeIgniter.php(354): CodeIgniter\CodeIgniter->handleRequest(null, Object(Config\Cache), false)
 9 SYSTEMPATH/Boot.php(363): CodeIgniter\CodeIgniter->run()
10 SYSTEMPATH/Boot.php(68): CodeIgniter\Boot::runCodeIgniter(Object(CodeIgniter\CodeIgniter))
11 FCPATH/index.php(59): CodeIgniter\Boot::bootWeb(Object(Config\Paths))
WARNING - 2025-09-18 15:43:50 --> [DEPRECATED] Passing lowercase HTTP method "post" is deprecated. Use uppercase HTTP method like "POST". in SYSTEMPATH/Router/RouteCollection.php on line 1026.
 1 SYSTEMPATH/Router/RouteCollection.php(1026): trigger_error('Passing lowercase HTTP method "post" is deprecated. Use uppercase HTTP method like "POST".', 16384)
 2 APPPATH/Config/Routes.php(153): CodeIgniter\Router\RouteCollection->match([...], 'mesociclos/(:num)/generar', 'GimnasioMesociclos::generar/$1')
 3 SYSTEMPATH/Router/RouteCollection.php(799): CodeIgniter\Router\RouteCollection::{closure}(Object(CodeIgniter\Router\RouteCollection))
 4 APPPATH/Config/Routes.php(144): CodeIgniter\Router\RouteCollection->group('gimnasio', [...], Object(Closure))
 5 SYSTEMPATH/Router/RouteCollection.php(339): require('/Applications/ServBay/www/trackbitos/app/Config/Routes.php')
 6 SYSTEMPATH/CodeIgniter.php(821): CodeIgniter\Router\RouteCollection->loadRoutes()
 7 SYSTEMPATH/CodeIgniter.php(455): CodeIgniter\CodeIgniter->tryToRouteIt(null)
 8 SYSTEMPATH/CodeIgniter.php(354): CodeIgniter\CodeIgniter->handleRequest(null, Object(Config\Cache), false)
 9 SYSTEMPATH/Boot.php(363): CodeIgniter\CodeIgniter->run()
10 SYSTEMPATH/Boot.php(68): CodeIgniter\Boot::runCodeIgniter(Object(CodeIgniter\CodeIgniter))
11 FCPATH/index.php(59): CodeIgniter\Boot::bootWeb(Object(Config\Paths))
WARNING - 2025-09-18 15:43:50 --> [DEPRECATED] Passing lowercase HTTP method "get" is deprecated. Use uppercase HTTP method like "GET". in SYSTEMPATH/Router/RouteCollection.php on line 1026.
 1 SYSTEMPATH/Router/RouteCollection.php(1026): trigger_error('Passing lowercase HTTP method "get" is deprecated. Use uppercase HTTP method like "GET".', 16384)
 2 APPPATH/Config/Routes.php(161): CodeIgniter\Router\RouteCollection->match([...], 'mesociclos/(:num)/generar/bilbo', 'GimnasioMesociclos::generarBilbo/$1')
 3 SYSTEMPATH/Router/RouteCollection.php(799): CodeIgniter\Router\RouteCollection::{closure}(Object(CodeIgniter\Router\RouteCollection))
 4 APPPATH/Config/Routes.php(144): CodeIgniter\Router\RouteCollection->group('gimnasio', [...], Object(Closure))
 5 SYSTEMPATH/Router/RouteCollection.php(339): require('/Applications/ServBay/www/trackbitos/app/Config/Routes.php')
 6 SYSTEMPATH/CodeIgniter.php(821): CodeIgniter\Router\RouteCollection->loadRoutes()
 7 SYSTEMPATH/CodeIgniter.php(455): CodeIgniter\CodeIgniter->tryToRouteIt(null)
 8 SYSTEMPATH/CodeIgniter.php(354): CodeIgniter\CodeIgniter->handleRequest(null, Object(Config\Cache), false)
 9 SYSTEMPATH/Boot.php(363): CodeIgniter\CodeIgniter->run()
10 SYSTEMPATH/Boot.php(68): CodeIgniter\Boot::runCodeIgniter(Object(CodeIgniter\CodeIgniter))
11 FCPATH/index.php(59): CodeIgniter\Boot::bootWeb(Object(Config\Paths))
WARNING - 2025-09-18 15:43:50 --> [DEPRECATED] Passing lowercase HTTP method "post" is deprecated. Use uppercase HTTP method like "POST". in SYSTEMPATH/Router/RouteCollection.php on line 1026.
 1 SYSTEMPATH/Router/RouteCollection.php(1026): trigger_error('Passing lowercase HTTP method "post" is deprecated. Use uppercase HTTP method like "POST".', 16384)
 2 APPPATH/Config/Routes.php(161): CodeIgniter\Router\RouteCollection->match([...], 'mesociclos/(:num)/generar/bilbo', 'GimnasioMesociclos::generarBilbo/$1')
 3 SYSTEMPATH/Router/RouteCollection.php(799): CodeIgniter\Router\RouteCollection::{closure}(Object(CodeIgniter\Router\RouteCollection))
 4 APPPATH/Config/Routes.php(144): CodeIgniter\Router\RouteCollection->group('gimnasio', [...], Object(Closure))
 5 SYSTEMPATH/Router/RouteCollection.php(339): require('/Applications/ServBay/www/trackbitos/app/Config/Routes.php')
 6 SYSTEMPATH/CodeIgniter.php(821): CodeIgniter\Router\RouteCollection->loadRoutes()
 7 SYSTEMPATH/CodeIgniter.php(455): CodeIgniter\CodeIgniter->tryToRouteIt(null)
 8 SYSTEMPATH/CodeIgniter.php(354): CodeIgniter\CodeIgniter->handleRequest(null, Object(Config\Cache), false)
 9 SYSTEMPATH/Boot.php(363): CodeIgniter\CodeIgniter->run()
10 SYSTEMPATH/Boot.php(68): CodeIgniter\Boot::runCodeIgniter(Object(CodeIgniter\CodeIgniter))
11 FCPATH/index.php(59): CodeIgniter\Boot::bootWeb(Object(Config\Paths))
WARNING - 2025-09-18 15:43:50 --> [DEPRECATED] Passing lowercase HTTP method "get" is deprecated. Use uppercase HTTP method like "GET". in SYSTEMPATH/Router/RouteCollection.php on line 1026.
 1 SYSTEMPATH/Router/RouteCollection.php(1026): trigger_error('Passing lowercase HTTP method "get" is deprecated. Use uppercase HTTP method like "GET".', 16384)
 2 APPPATH/Config/Routes.php(261): CodeIgniter\Router\RouteCollection->match([...], 'crear', 'Youtube::crearLista')
 3 SYSTEMPATH/Router/RouteCollection.php(799): CodeIgniter\Router\RouteCollection::{closure}(Object(CodeIgniter\Router\RouteCollection))
 4 APPPATH/Config/Routes.php(259): CodeIgniter\Router\RouteCollection->group('youtube', [...], Object(Closure))
 5 SYSTEMPATH/Router/RouteCollection.php(339): require('/Applications/ServBay/www/trackbitos/app/Config/Routes.php')
 6 SYSTEMPATH/CodeIgniter.php(821): CodeIgniter\Router\RouteCollection->loadRoutes()
 7 SYSTEMPATH/CodeIgniter.php(455): CodeIgniter\CodeIgniter->tryToRouteIt(null)
 8 SYSTEMPATH/CodeIgniter.php(354): CodeIgniter\CodeIgniter->handleRequest(null, Object(Config\Cache), false)
 9 SYSTEMPATH/Boot.php(363): CodeIgniter\CodeIgniter->run()
10 SYSTEMPATH/Boot.php(68): CodeIgniter\Boot::runCodeIgniter(Object(CodeIgniter\CodeIgniter))
11 FCPATH/index.php(59): CodeIgniter\Boot::bootWeb(Object(Config\Paths))
WARNING - 2025-09-18 15:43:50 --> [DEPRECATED] Passing lowercase HTTP method "post" is deprecated. Use uppercase HTTP method like "POST". in SYSTEMPATH/Router/RouteCollection.php on line 1026.
 1 SYSTEMPATH/Router/RouteCollection.php(1026): trigger_error('Passing lowercase HTTP method "post" is deprecated. Use uppercase HTTP method like "POST".', 16384)
 2 APPPATH/Config/Routes.php(261): CodeIgniter\Router\RouteCollection->match([...], 'crear', 'Youtube::crearLista')
 3 SYSTEMPATH/Router/RouteCollection.php(799): CodeIgniter\Router\RouteCollection::{closure}(Object(CodeIgniter\Router\RouteCollection))
 4 APPPATH/Config/Routes.php(259): CodeIgniter\Router\RouteCollection->group('youtube', [...], Object(Closure))
 5 SYSTEMPATH/Router/RouteCollection.php(339): require('/Applications/ServBay/www/trackbitos/app/Config/Routes.php')
 6 SYSTEMPATH/CodeIgniter.php(821): CodeIgniter\Router\RouteCollection->loadRoutes()
 7 SYSTEMPATH/CodeIgniter.php(455): CodeIgniter\CodeIgniter->tryToRouteIt(null)
 8 SYSTEMPATH/CodeIgniter.php(354): CodeIgniter\CodeIgniter->handleRequest(null, Object(Config\Cache), false)
 9 SYSTEMPATH/Boot.php(363): CodeIgniter\CodeIgniter->run()
10 SYSTEMPATH/Boot.php(68): CodeIgniter\Boot::runCodeIgniter(Object(CodeIgniter\CodeIgniter))
11 FCPATH/index.php(59): CodeIgniter\Boot::bootWeb(Object(Config\Paths))
DEBUG - 2025-09-18 15:43:50 --> Session: Class initialized using 'CodeIgniter\Session\Handlers\FileHandler' driver.
WARNING - 2025-09-18 15:57:26 --> [DEPRECATED] Passing lowercase HTTP method "get" is deprecated. Use uppercase HTTP method like "GET". in SYSTEMPATH/Router/RouteCollection.php on line 1026.
 1 SYSTEMPATH/Router/RouteCollection.php(1026): trigger_error('Passing lowercase HTTP method "get" is deprecated. Use uppercase HTTP method like "GET".', 16384)
 2 APPPATH/Config/Routes.php(146): CodeIgniter\Router\RouteCollection->match([...], 'mesociclos/nuevo', 'GimnasioMesociclos::nuevo')
 3 SYSTEMPATH/Router/RouteCollection.php(799): CodeIgniter\Router\RouteCollection::{closure}(Object(CodeIgniter\Router\RouteCollection))
 4 APPPATH/Config/Routes.php(144): CodeIgniter\Router\RouteCollection->group('gimnasio', [...], Object(Closure))
 5 SYSTEMPATH/Router/RouteCollection.php(339): require('/Applications/ServBay/www/trackbitos/app/Config/Routes.php')
 6 SYSTEMPATH/CodeIgniter.php(821): CodeIgniter\Router\RouteCollection->loadRoutes()
 7 SYSTEMPATH/CodeIgniter.php(455): CodeIgniter\CodeIgniter->tryToRouteIt(null)
 8 SYSTEMPATH/CodeIgniter.php(354): CodeIgniter\CodeIgniter->handleRequest(null, Object(Config\Cache), false)
 9 SYSTEMPATH/Boot.php(363): CodeIgniter\CodeIgniter->run()
10 SYSTEMPATH/Boot.php(68): CodeIgniter\Boot::runCodeIgniter(Object(CodeIgniter\CodeIgniter))
11 FCPATH/index.php(59): CodeIgniter\Boot::bootWeb(Object(Config\Paths))
WARNING - 2025-09-18 15:57:26 --> [DEPRECATED] Passing lowercase HTTP method "post" is deprecated. Use uppercase HTTP method like "POST". in SYSTEMPATH/Router/RouteCollection.php on line 1026.
 1 SYSTEMPATH/Router/RouteCollection.php(1026): trigger_error('Passing lowercase HTTP method "post" is deprecated. Use uppercase HTTP method like "POST".', 16384)
 2 APPPATH/Config/Routes.php(146): CodeIgniter\Router\RouteCollection->match([...], 'mesociclos/nuevo', 'GimnasioMesociclos::nuevo')
 3 SYSTEMPATH/Router/RouteCollection.php(799): CodeIgniter\Router\RouteCollection::{closure}(Object(CodeIgniter\Router\RouteCollection))
 4 APPPATH/Config/Routes.php(144): CodeIgniter\Router\RouteCollection->group('gimnasio', [...], Object(Closure))
 5 SYSTEMPATH/Router/RouteCollection.php(339): require('/Applications/ServBay/www/trackbitos/app/Config/Routes.php')
 6 SYSTEMPATH/CodeIgniter.php(821): CodeIgniter\Router\RouteCollection->loadRoutes()
 7 SYSTEMPATH/CodeIgniter.php(455): CodeIgniter\CodeIgniter->tryToRouteIt(null)
 8 SYSTEMPATH/CodeIgniter.php(354): CodeIgniter\CodeIgniter->handleRequest(null, Object(Config\Cache), false)
 9 SYSTEMPATH/Boot.php(363): CodeIgniter\CodeIgniter->run()
10 SYSTEMPATH/Boot.php(68): CodeIgniter\Boot::runCodeIgniter(Object(CodeIgniter\CodeIgniter))
11 FCPATH/index.php(59): CodeIgniter\Boot::bootWeb(Object(Config\Paths))
WARNING - 2025-09-18 15:57:26 --> [DEPRECATED] Passing lowercase HTTP method "get" is deprecated. Use uppercase HTTP method like "GET". in SYSTEMPATH/Router/RouteCollection.php on line 1026.
 1 SYSTEMPATH/Router/RouteCollection.php(1026): trigger_error('Passing lowercase HTTP method "get" is deprecated. Use uppercase HTTP method like "GET".', 16384)
 2 APPPATH/Config/Routes.php(148): CodeIgniter\Router\RouteCollection->match([...], 'mesociclos/(:num)/bloque/nuevo', 'GimnasioMesociclos::bloqueNuevo/$1')
 3 SYSTEMPATH/Router/RouteCollection.php(799): CodeIgniter\Router\RouteCollection::{closure}(Object(CodeIgniter\Router\RouteCollection))
 4 APPPATH/Config/Routes.php(144): CodeIgniter\Router\RouteCollection->group('gimnasio', [...], Object(Closure))
 5 SYSTEMPATH/Router/RouteCollection.php(339): require('/Applications/ServBay/www/trackbitos/app/Config/Routes.php')
 6 SYSTEMPATH/CodeIgniter.php(821): CodeIgniter\Router\RouteCollection->loadRoutes()
 7 SYSTEMPATH/CodeIgniter.php(455): CodeIgniter\CodeIgniter->tryToRouteIt(null)
 8 SYSTEMPATH/CodeIgniter.php(354): CodeIgniter\CodeIgniter->handleRequest(null, Object(Config\Cache), false)
 9 SYSTEMPATH/Boot.php(363): CodeIgniter\CodeIgniter->run()
10 SYSTEMPATH/Boot.php(68): CodeIgniter\Boot::runCodeIgniter(Object(CodeIgniter\CodeIgniter))
11 FCPATH/index.php(59): CodeIgniter\Boot::bootWeb(Object(Config\Paths))
WARNING - 2025-09-18 15:57:26 --> [DEPRECATED] Passing lowercase HTTP method "post" is deprecated. Use uppercase HTTP method like "POST". in SYSTEMPATH/Router/RouteCollection.php on line 1026.
 1 SYSTEMPATH/Router/RouteCollection.php(1026): trigger_error('Passing lowercase HTTP method "post" is deprecated. Use uppercase HTTP method like "POST".', 16384)
 2 APPPATH/Config/Routes.php(148): CodeIgniter\Router\RouteCollection->match([...], 'mesociclos/(:num)/bloque/nuevo', 'GimnasioMesociclos::bloqueNuevo/$1')
 3 SYSTEMPATH/Router/RouteCollection.php(799): CodeIgniter\Router\RouteCollection::{closure}(Object(CodeIgniter\Router\RouteCollection))
 4 APPPATH/Config/Routes.php(144): CodeIgniter\Router\RouteCollection->group('gimnasio', [...], Object(Closure))
 5 SYSTEMPATH/Router/RouteCollection.php(339): require('/Applications/ServBay/www/trackbitos/app/Config/Routes.php')
 6 SYSTEMPATH/CodeIgniter.php(821): CodeIgniter\Router\RouteCollection->loadRoutes()
 7 SYSTEMPATH/CodeIgniter.php(455): CodeIgniter\CodeIgniter->tryToRouteIt(null)
 8 SYSTEMPATH/CodeIgniter.php(354): CodeIgniter\CodeIgniter->handleRequest(null, Object(Config\Cache), false)
 9 SYSTEMPATH/Boot.php(363): CodeIgniter\CodeIgniter->run()
10 SYSTEMPATH/Boot.php(68): CodeIgniter\Boot::runCodeIgniter(Object(CodeIgniter\CodeIgniter))
11 FCPATH/index.php(59): CodeIgniter\Boot::bootWeb(Object(Config\Paths))
WARNING - 2025-09-18 15:57:26 --> [DEPRECATED] Passing lowercase HTTP method "get" is deprecated. Use uppercase HTTP method like "GET". in SYSTEMPATH/Router/RouteCollection.php on line 1026.
 1 SYSTEMPATH/Router/RouteCollection.php(1026): trigger_error('Passing lowercase HTTP method "get" is deprecated. Use uppercase HTTP method like "GET".', 16384)
 2 APPPATH/Config/Routes.php(150): CodeIgniter\Router\RouteCollection->match([...], 'mesociclos/(:num)/asignar/(:num)', 'GimnasioMesociclos::asignar/$1/$2')
 3 SYSTEMPATH/Router/RouteCollection.php(799): CodeIgniter\Router\RouteCollection::{closure}(Object(CodeIgniter\Router\RouteCollection))
 4 APPPATH/Config/Routes.php(144): CodeIgniter\Router\RouteCollection->group('gimnasio', [...], Object(Closure))
 5 SYSTEMPATH/Router/RouteCollection.php(339): require('/Applications/ServBay/www/trackbitos/app/Config/Routes.php')
 6 SYSTEMPATH/CodeIgniter.php(821): CodeIgniter\Router\RouteCollection->loadRoutes()
 7 SYSTEMPATH/CodeIgniter.php(455): CodeIgniter\CodeIgniter->tryToRouteIt(null)
 8 SYSTEMPATH/CodeIgniter.php(354): CodeIgniter\CodeIgniter->handleRequest(null, Object(Config\Cache), false)
 9 SYSTEMPATH/Boot.php(363): CodeIgniter\CodeIgniter->run()
10 SYSTEMPATH/Boot.php(68): CodeIgniter\Boot::runCodeIgniter(Object(CodeIgniter\CodeIgniter))
11 FCPATH/index.php(59): CodeIgniter\Boot::bootWeb(Object(Config\Paths))
WARNING - 2025-09-18 15:57:26 --> [DEPRECATED] Passing lowercase HTTP method "post" is deprecated. Use uppercase HTTP method like "POST". in SYSTEMPATH/Router/RouteCollection.php on line 1026.
 1 SYSTEMPATH/Router/RouteCollection.php(1026): trigger_error('Passing lowercase HTTP method "post" is deprecated. Use uppercase HTTP method like "POST".', 16384)
 2 APPPATH/Config/Routes.php(150): CodeIgniter\Router\RouteCollection->match([...], 'mesociclos/(:num)/asignar/(:num)', 'GimnasioMesociclos::asignar/$1/$2')
 3 SYSTEMPATH/Router/RouteCollection.php(799): CodeIgniter\Router\RouteCollection::{closure}(Object(CodeIgniter\Router\RouteCollection))
 4 APPPATH/Config/Routes.php(144): CodeIgniter\Router\RouteCollection->group('gimnasio', [...], Object(Closure))
 5 SYSTEMPATH/Router/RouteCollection.php(339): require('/Applications/ServBay/www/trackbitos/app/Config/Routes.php')
 6 SYSTEMPATH/CodeIgniter.php(821): CodeIgniter\Router\RouteCollection->loadRoutes()
 7 SYSTEMPATH/CodeIgniter.php(455): CodeIgniter\CodeIgniter->tryToRouteIt(null)
 8 SYSTEMPATH/CodeIgniter.php(354): CodeIgniter\CodeIgniter->handleRequest(null, Object(Config\Cache), false)
 9 SYSTEMPATH/Boot.php(363): CodeIgniter\CodeIgniter->run()
10 SYSTEMPATH/Boot.php(68): CodeIgniter\Boot::runCodeIgniter(Object(CodeIgniter\CodeIgniter))
11 FCPATH/index.php(59): CodeIgniter\Boot::bootWeb(Object(Config\Paths))
WARNING - 2025-09-18 15:57:26 --> [DEPRECATED] Passing lowercase HTTP method "get" is deprecated. Use uppercase HTTP method like "GET". in SYSTEMPATH/Router/RouteCollection.php on line 1026.
 1 SYSTEMPATH/Router/RouteCollection.php(1026): trigger_error('Passing lowercase HTTP method "get" is deprecated. Use uppercase HTTP method like "GET".', 16384)
 2 APPPATH/Config/Routes.php(153): CodeIgniter\Router\RouteCollection->match([...], 'mesociclos/(:num)/generar', 'GimnasioMesociclos::generar/$1')
 3 SYSTEMPATH/Router/RouteCollection.php(799): CodeIgniter\Router\RouteCollection::{closure}(Object(CodeIgniter\Router\RouteCollection))
 4 APPPATH/Config/Routes.php(144): CodeIgniter\Router\RouteCollection->group('gimnasio', [...], Object(Closure))
 5 SYSTEMPATH/Router/RouteCollection.php(339): require('/Applications/ServBay/www/trackbitos/app/Config/Routes.php')
 6 SYSTEMPATH/CodeIgniter.php(821): CodeIgniter\Router\RouteCollection->loadRoutes()
 7 SYSTEMPATH/CodeIgniter.php(455): CodeIgniter\CodeIgniter->tryToRouteIt(null)
 8 SYSTEMPATH/CodeIgniter.php(354): CodeIgniter\CodeIgniter->handleRequest(null, Object(Config\Cache), false)
 9 SYSTEMPATH/Boot.php(363): CodeIgniter\CodeIgniter->run()
10 SYSTEMPATH/Boot.php(68): CodeIgniter\Boot::runCodeIgniter(Object(CodeIgniter\CodeIgniter))
11 FCPATH/index.php(59): CodeIgniter\Boot::bootWeb(Object(Config\Paths))
WARNING - 2025-09-18 15:57:26 --> [DEPRECATED] Passing lowercase HTTP method "post" is deprecated. Use uppercase HTTP method like "POST". in SYSTEMPATH/Router/RouteCollection.php on line 1026.
 1 SYSTEMPATH/Router/RouteCollection.php(1026): trigger_error('Passing lowercase HTTP method "post" is deprecated. Use uppercase HTTP method like "POST".', 16384)
 2 APPPATH/Config/Routes.php(153): CodeIgniter\Router\RouteCollection->match([...], 'mesociclos/(:num)/generar', 'GimnasioMesociclos::generar/$1')
 3 SYSTEMPATH/Router/RouteCollection.php(799): CodeIgniter\Router\RouteCollection::{closure}(Object(CodeIgniter\Router\RouteCollection))
 4 APPPATH/Config/Routes.php(144): CodeIgniter\Router\RouteCollection->group('gimnasio', [...], Object(Closure))
 5 SYSTEMPATH/Router/RouteCollection.php(339): require('/Applications/ServBay/www/trackbitos/app/Config/Routes.php')
 6 SYSTEMPATH/CodeIgniter.php(821): CodeIgniter\Router\RouteCollection->loadRoutes()
 7 SYSTEMPATH/CodeIgniter.php(455): CodeIgniter\CodeIgniter->tryToRouteIt(null)
 8 SYSTEMPATH/CodeIgniter.php(354): CodeIgniter\CodeIgniter->handleRequest(null, Object(Config\Cache), false)
 9 SYSTEMPATH/Boot.php(363): CodeIgniter\CodeIgniter->run()
10 SYSTEMPATH/Boot.php(68): CodeIgniter\Boot::runCodeIgniter(Object(CodeIgniter\CodeIgniter))
11 FCPATH/index.php(59): CodeIgniter\Boot::bootWeb(Object(Config\Paths))
WARNING - 2025-09-18 15:57:26 --> [DEPRECATED] Passing lowercase HTTP method "get" is deprecated. Use uppercase HTTP method like "GET". in SYSTEMPATH/Router/RouteCollection.php on line 1026.
 1 SYSTEMPATH/Router/RouteCollection.php(1026): trigger_error('Passing lowercase HTTP method "get" is deprecated. Use uppercase HTTP method like "GET".', 16384)
 2 APPPATH/Config/Routes.php(161): CodeIgniter\Router\RouteCollection->match([...], 'mesociclos/(:num)/generar/bilbo', 'GimnasioMesociclos::generarBilbo/$1')
 3 SYSTEMPATH/Router/RouteCollection.php(799): CodeIgniter\Router\RouteCollection::{closure}(Object(CodeIgniter\Router\RouteCollection))
 4 APPPATH/Config/Routes.php(144): CodeIgniter\Router\RouteCollection->group('gimnasio', [...], Object(Closure))
 5 SYSTEMPATH/Router/RouteCollection.php(339): require('/Applications/ServBay/www/trackbitos/app/Config/Routes.php')
 6 SYSTEMPATH/CodeIgniter.php(821): CodeIgniter\Router\RouteCollection->loadRoutes()
 7 SYSTEMPATH/CodeIgniter.php(455): CodeIgniter\CodeIgniter->tryToRouteIt(null)
 8 SYSTEMPATH/CodeIgniter.php(354): CodeIgniter\CodeIgniter->handleRequest(null, Object(Config\Cache), false)
 9 SYSTEMPATH/Boot.php(363): CodeIgniter\CodeIgniter->run()
10 SYSTEMPATH/Boot.php(68): CodeIgniter\Boot::runCodeIgniter(Object(CodeIgniter\CodeIgniter))
11 FCPATH/index.php(59): CodeIgniter\Boot::bootWeb(Object(Config\Paths))
WARNING - 2025-09-18 15:57:26 --> [DEPRECATED] Passing lowercase HTTP method "post" is deprecated. Use uppercase HTTP method like "POST". in SYSTEMPATH/Router/RouteCollection.php on line 1026.
 1 SYSTEMPATH/Router/RouteCollection.php(1026): trigger_error('Passing lowercase HTTP method "post" is deprecated. Use uppercase HTTP method like "POST".', 16384)
 2 APPPATH/Config/Routes.php(161): CodeIgniter\Router\RouteCollection->match([...], 'mesociclos/(:num)/generar/bilbo', 'GimnasioMesociclos::generarBilbo/$1')
 3 SYSTEMPATH/Router/RouteCollection.php(799): CodeIgniter\Router\RouteCollection::{closure}(Object(CodeIgniter\Router\RouteCollection))
 4 APPPATH/Config/Routes.php(144): CodeIgniter\Router\RouteCollection->group('gimnasio', [...], Object(Closure))
 5 SYSTEMPATH/Router/RouteCollection.php(339): require('/Applications/ServBay/www/trackbitos/app/Config/Routes.php')
 6 SYSTEMPATH/CodeIgniter.php(821): CodeIgniter\Router\RouteCollection->loadRoutes()
 7 SYSTEMPATH/CodeIgniter.php(455): CodeIgniter\CodeIgniter->tryToRouteIt(null)
 8 SYSTEMPATH/CodeIgniter.php(354): CodeIgniter\CodeIgniter->handleRequest(null, Object(Config\Cache), false)
 9 SYSTEMPATH/Boot.php(363): CodeIgniter\CodeIgniter->run()
10 SYSTEMPATH/Boot.php(68): CodeIgniter\Boot::runCodeIgniter(Object(CodeIgniter\CodeIgniter))
11 FCPATH/index.php(59): CodeIgniter\Boot::bootWeb(Object(Config\Paths))
WARNING - 2025-09-18 15:57:26 --> [DEPRECATED] Passing lowercase HTTP method "get" is deprecated. Use uppercase HTTP method like "GET". in SYSTEMPATH/Router/RouteCollection.php on line 1026.
 1 SYSTEMPATH/Router/RouteCollection.php(1026): trigger_error('Passing lowercase HTTP method "get" is deprecated. Use uppercase HTTP method like "GET".', 16384)
 2 APPPATH/Config/Routes.php(261): CodeIgniter\Router\RouteCollection->match([...], 'crear', 'Youtube::crearLista')
 3 SYSTEMPATH/Router/RouteCollection.php(799): CodeIgniter\Router\RouteCollection::{closure}(Object(CodeIgniter\Router\RouteCollection))
 4 APPPATH/Config/Routes.php(259): CodeIgniter\Router\RouteCollection->group('youtube', [...], Object(Closure))
 5 SYSTEMPATH/Router/RouteCollection.php(339): require('/Applications/ServBay/www/trackbitos/app/Config/Routes.php')
 6 SYSTEMPATH/CodeIgniter.php(821): CodeIgniter\Router\RouteCollection->loadRoutes()
 7 SYSTEMPATH/CodeIgniter.php(455): CodeIgniter\CodeIgniter->tryToRouteIt(null)
 8 SYSTEMPATH/CodeIgniter.php(354): CodeIgniter\CodeIgniter->handleRequest(null, Object(Config\Cache), false)
 9 SYSTEMPATH/Boot.php(363): CodeIgniter\CodeIgniter->run()
10 SYSTEMPATH/Boot.php(68): CodeIgniter\Boot::runCodeIgniter(Object(CodeIgniter\CodeIgniter))
11 FCPATH/index.php(59): CodeIgniter\Boot::bootWeb(Object(Config\Paths))
WARNING - 2025-09-18 15:57:26 --> [DEPRECATED] Passing lowercase HTTP method "post" is deprecated. Use uppercase HTTP method like "POST". in SYSTEMPATH/Router/RouteCollection.php on line 1026.
 1 SYSTEMPATH/Router/RouteCollection.php(1026): trigger_error('Passing lowercase HTTP method "post" is deprecated. Use uppercase HTTP method like "POST".', 16384)
 2 APPPATH/Config/Routes.php(261): CodeIgniter\Router\RouteCollection->match([...], 'crear', 'Youtube::crearLista')
 3 SYSTEMPATH/Router/RouteCollection.php(799): CodeIgniter\Router\RouteCollection::{closure}(Object(CodeIgniter\Router\RouteCollection))
 4 APPPATH/Config/Routes.php(259): CodeIgniter\Router\RouteCollection->group('youtube', [...], Object(Closure))
 5 SYSTEMPATH/Router/RouteCollection.php(339): require('/Applications/ServBay/www/trackbitos/app/Config/Routes.php')
 6 SYSTEMPATH/CodeIgniter.php(821): CodeIgniter\Router\RouteCollection->loadRoutes()
 7 SYSTEMPATH/CodeIgniter.php(455): CodeIgniter\CodeIgniter->tryToRouteIt(null)
 8 SYSTEMPATH/CodeIgniter.php(354): CodeIgniter\CodeIgniter->handleRequest(null, Object(Config\Cache), false)
 9 SYSTEMPATH/Boot.php(363): CodeIgniter\CodeIgniter->run()
10 SYSTEMPATH/Boot.php(68): CodeIgniter\Boot::runCodeIgniter(Object(CodeIgniter\CodeIgniter))
11 FCPATH/index.php(59): CodeIgniter\Boot::bootWeb(Object(Config\Paths))
DEBUG - 2025-09-18 15:57:26 --> Session: Class initialized using 'CodeIgniter\Session\Handlers\FileHandler' driver.
WARNING - 2025-09-18 15:57:28 --> [DEPRECATED] Passing lowercase HTTP method "get" is deprecated. Use uppercase HTTP method like "GET". in SYSTEMPATH/Router/RouteCollection.php on line 1026.
 1 SYSTEMPATH/Router/RouteCollection.php(1026): trigger_error('Passing lowercase HTTP method "get" is deprecated. Use uppercase HTTP method like "GET".', 16384)
 2 APPPATH/Config/Routes.php(146): CodeIgniter\Router\RouteCollection->match([...], 'mesociclos/nuevo', 'GimnasioMesociclos::nuevo')
 3 SYSTEMPATH/Router/RouteCollection.php(799): CodeIgniter\Router\RouteCollection::{closure}(Object(CodeIgniter\Router\RouteCollection))
 4 APPPATH/Config/Routes.php(144): CodeIgniter\Router\RouteCollection->group('gimnasio', [...], Object(Closure))
 5 SYSTEMPATH/Router/RouteCollection.php(339): require('/Applications/ServBay/www/trackbitos/app/Config/Routes.php')
 6 SYSTEMPATH/CodeIgniter.php(821): CodeIgniter\Router\RouteCollection->loadRoutes()
 7 SYSTEMPATH/CodeIgniter.php(455): CodeIgniter\CodeIgniter->tryToRouteIt(null)
 8 SYSTEMPATH/CodeIgniter.php(354): CodeIgniter\CodeIgniter->handleRequest(null, Object(Config\Cache), false)
 9 SYSTEMPATH/Boot.php(363): CodeIgniter\CodeIgniter->run()
10 SYSTEMPATH/Boot.php(68): CodeIgniter\Boot::runCodeIgniter(Object(CodeIgniter\CodeIgniter))
11 FCPATH/index.php(59): CodeIgniter\Boot::bootWeb(Object(Config\Paths))
WARNING - 2025-09-18 15:57:28 --> [DEPRECATED] Passing lowercase HTTP method "post" is deprecated. Use uppercase HTTP method like "POST". in SYSTEMPATH/Router/RouteCollection.php on line 1026.
 1 SYSTEMPATH/Router/RouteCollection.php(1026): trigger_error('Passing lowercase HTTP method "post" is deprecated. Use uppercase HTTP method like "POST".', 16384)
 2 APPPATH/Config/Routes.php(146): CodeIgniter\Router\RouteCollection->match([...], 'mesociclos/nuevo', 'GimnasioMesociclos::nuevo')
 3 SYSTEMPATH/Router/RouteCollection.php(799): CodeIgniter\Router\RouteCollection::{closure}(Object(CodeIgniter\Router\RouteCollection))
 4 APPPATH/Config/Routes.php(144): CodeIgniter\Router\RouteCollection->group('gimnasio', [...], Object(Closure))
 5 SYSTEMPATH/Router/RouteCollection.php(339): require('/Applications/ServBay/www/trackbitos/app/Config/Routes.php')
 6 SYSTEMPATH/CodeIgniter.php(821): CodeIgniter\Router\RouteCollection->loadRoutes()
 7 SYSTEMPATH/CodeIgniter.php(455): CodeIgniter\CodeIgniter->tryToRouteIt(null)
 8 SYSTEMPATH/CodeIgniter.php(354): CodeIgniter\CodeIgniter->handleRequest(null, Object(Config\Cache), false)
 9 SYSTEMPATH/Boot.php(363): CodeIgniter\CodeIgniter->run()
10 SYSTEMPATH/Boot.php(68): CodeIgniter\Boot::runCodeIgniter(Object(CodeIgniter\CodeIgniter))
11 FCPATH/index.php(59): CodeIgniter\Boot::bootWeb(Object(Config\Paths))
WARNING - 2025-09-18 15:57:28 --> [DEPRECATED] Passing lowercase HTTP method "get" is deprecated. Use uppercase HTTP method like "GET". in SYSTEMPATH/Router/RouteCollection.php on line 1026.
 1 SYSTEMPATH/Router/RouteCollection.php(1026): trigger_error('Passing lowercase HTTP method "get" is deprecated. Use uppercase HTTP method like "GET".', 16384)
 2 APPPATH/Config/Routes.php(148): CodeIgniter\Router\RouteCollection->match([...], 'mesociclos/(:num)/bloque/nuevo', 'GimnasioMesociclos::bloqueNuevo/$1')
 3 SYSTEMPATH/Router/RouteCollection.php(799): CodeIgniter\Router\RouteCollection::{closure}(Object(CodeIgniter\Router\RouteCollection))
 4 APPPATH/Config/Routes.php(144): CodeIgniter\Router\RouteCollection->group('gimnasio', [...], Object(Closure))
 5 SYSTEMPATH/Router/RouteCollection.php(339): require('/Applications/ServBay/www/trackbitos/app/Config/Routes.php')
 6 SYSTEMPATH/CodeIgniter.php(821): CodeIgniter\Router\RouteCollection->loadRoutes()
 7 SYSTEMPATH/CodeIgniter.php(455): CodeIgniter\CodeIgniter->tryToRouteIt(null)
 8 SYSTEMPATH/CodeIgniter.php(354): CodeIgniter\CodeIgniter->handleRequest(null, Object(Config\Cache), false)
 9 SYSTEMPATH/Boot.php(363): CodeIgniter\CodeIgniter->run()
10 SYSTEMPATH/Boot.php(68): CodeIgniter\Boot::runCodeIgniter(Object(CodeIgniter\CodeIgniter))
11 FCPATH/index.php(59): CodeIgniter\Boot::bootWeb(Object(Config\Paths))
WARNING - 2025-09-18 15:57:28 --> [DEPRECATED] Passing lowercase HTTP method "post" is deprecated. Use uppercase HTTP method like "POST". in SYSTEMPATH/Router/RouteCollection.php on line 1026.
 1 SYSTEMPATH/Router/RouteCollection.php(1026): trigger_error('Passing lowercase HTTP method "post" is deprecated. Use uppercase HTTP method like "POST".', 16384)
 2 APPPATH/Config/Routes.php(148): CodeIgniter\Router\RouteCollection->match([...], 'mesociclos/(:num)/bloque/nuevo', 'GimnasioMesociclos::bloqueNuevo/$1')
 3 SYSTEMPATH/Router/RouteCollection.php(799): CodeIgniter\Router\RouteCollection::{closure}(Object(CodeIgniter\Router\RouteCollection))
 4 APPPATH/Config/Routes.php(144): CodeIgniter\Router\RouteCollection->group('gimnasio', [...], Object(Closure))
 5 SYSTEMPATH/Router/RouteCollection.php(339): require('/Applications/ServBay/www/trackbitos/app/Config/Routes.php')
 6 SYSTEMPATH/CodeIgniter.php(821): CodeIgniter\Router\RouteCollection->loadRoutes()
 7 SYSTEMPATH/CodeIgniter.php(455): CodeIgniter\CodeIgniter->tryToRouteIt(null)
 8 SYSTEMPATH/CodeIgniter.php(354): CodeIgniter\CodeIgniter->handleRequest(null, Object(Config\Cache), false)
 9 SYSTEMPATH/Boot.php(363): CodeIgniter\CodeIgniter->run()
10 SYSTEMPATH/Boot.php(68): CodeIgniter\Boot::runCodeIgniter(Object(CodeIgniter\CodeIgniter))
11 FCPATH/index.php(59): CodeIgniter\Boot::bootWeb(Object(Config\Paths))
WARNING - 2025-09-18 15:57:28 --> [DEPRECATED] Passing lowercase HTTP method "get" is deprecated. Use uppercase HTTP method like "GET". in SYSTEMPATH/Router/RouteCollection.php on line 1026.
 1 SYSTEMPATH/Router/RouteCollection.php(1026): trigger_error('Passing lowercase HTTP method "get" is deprecated. Use uppercase HTTP method like "GET".', 16384)
 2 APPPATH/Config/Routes.php(150): CodeIgniter\Router\RouteCollection->match([...], 'mesociclos/(:num)/asignar/(:num)', 'GimnasioMesociclos::asignar/$1/$2')
 3 SYSTEMPATH/Router/RouteCollection.php(799): CodeIgniter\Router\RouteCollection::{closure}(Object(CodeIgniter\Router\RouteCollection))
 4 APPPATH/Config/Routes.php(144): CodeIgniter\Router\RouteCollection->group('gimnasio', [...], Object(Closure))
 5 SYSTEMPATH/Router/RouteCollection.php(339): require('/Applications/ServBay/www/trackbitos/app/Config/Routes.php')
 6 SYSTEMPATH/CodeIgniter.php(821): CodeIgniter\Router\RouteCollection->loadRoutes()
 7 SYSTEMPATH/CodeIgniter.php(455): CodeIgniter\CodeIgniter->tryToRouteIt(null)
 8 SYSTEMPATH/CodeIgniter.php(354): CodeIgniter\CodeIgniter->handleRequest(null, Object(Config\Cache), false)
 9 SYSTEMPATH/Boot.php(363): CodeIgniter\CodeIgniter->run()
10 SYSTEMPATH/Boot.php(68): CodeIgniter\Boot::runCodeIgniter(Object(CodeIgniter\CodeIgniter))
11 FCPATH/index.php(59): CodeIgniter\Boot::bootWeb(Object(Config\Paths))
WARNING - 2025-09-18 15:57:28 --> [DEPRECATED] Passing lowercase HTTP method "post" is deprecated. Use uppercase HTTP method like "POST". in SYSTEMPATH/Router/RouteCollection.php on line 1026.
 1 SYSTEMPATH/Router/RouteCollection.php(1026): trigger_error('Passing lowercase HTTP method "post" is deprecated. Use uppercase HTTP method like "POST".', 16384)
 2 APPPATH/Config/Routes.php(150): CodeIgniter\Router\RouteCollection->match([...], 'mesociclos/(:num)/asignar/(:num)', 'GimnasioMesociclos::asignar/$1/$2')
 3 SYSTEMPATH/Router/RouteCollection.php(799): CodeIgniter\Router\RouteCollection::{closure}(Object(CodeIgniter\Router\RouteCollection))
 4 APPPATH/Config/Routes.php(144): CodeIgniter\Router\RouteCollection->group('gimnasio', [...], Object(Closure))
 5 SYSTEMPATH/Router/RouteCollection.php(339): require('/Applications/ServBay/www/trackbitos/app/Config/Routes.php')
 6 SYSTEMPATH/CodeIgniter.php(821): CodeIgniter\Router\RouteCollection->loadRoutes()
 7 SYSTEMPATH/CodeIgniter.php(455): CodeIgniter\CodeIgniter->tryToRouteIt(null)
 8 SYSTEMPATH/CodeIgniter.php(354): CodeIgniter\CodeIgniter->handleRequest(null, Object(Config\Cache), false)
 9 SYSTEMPATH/Boot.php(363): CodeIgniter\CodeIgniter->run()
10 SYSTEMPATH/Boot.php(68): CodeIgniter\Boot::runCodeIgniter(Object(CodeIgniter\CodeIgniter))
11 FCPATH/index.php(59): CodeIgniter\Boot::bootWeb(Object(Config\Paths))
WARNING - 2025-09-18 15:57:28 --> [DEPRECATED] Passing lowercase HTTP method "get" is deprecated. Use uppercase HTTP method like "GET". in SYSTEMPATH/Router/RouteCollection.php on line 1026.
 1 SYSTEMPATH/Router/RouteCollection.php(1026): trigger_error('Passing lowercase HTTP method "get" is deprecated. Use uppercase HTTP method like "GET".', 16384)
 2 APPPATH/Config/Routes.php(153): CodeIgniter\Router\RouteCollection->match([...], 'mesociclos/(:num)/generar', 'GimnasioMesociclos::generar/$1')
 3 SYSTEMPATH/Router/RouteCollection.php(799): CodeIgniter\Router\RouteCollection::{closure}(Object(CodeIgniter\Router\RouteCollection))
 4 APPPATH/Config/Routes.php(144): CodeIgniter\Router\RouteCollection->group('gimnasio', [...], Object(Closure))
 5 SYSTEMPATH/Router/RouteCollection.php(339): require('/Applications/ServBay/www/trackbitos/app/Config/Routes.php')
 6 SYSTEMPATH/CodeIgniter.php(821): CodeIgniter\Router\RouteCollection->loadRoutes()
 7 SYSTEMPATH/CodeIgniter.php(455): CodeIgniter\CodeIgniter->tryToRouteIt(null)
 8 SYSTEMPATH/CodeIgniter.php(354): CodeIgniter\CodeIgniter->handleRequest(null, Object(Config\Cache), false)
 9 SYSTEMPATH/Boot.php(363): CodeIgniter\CodeIgniter->run()
10 SYSTEMPATH/Boot.php(68): CodeIgniter\Boot::runCodeIgniter(Object(CodeIgniter\CodeIgniter))
11 FCPATH/index.php(59): CodeIgniter\Boot::bootWeb(Object(Config\Paths))
WARNING - 2025-09-18 15:57:28 --> [DEPRECATED] Passing lowercase HTTP method "post" is deprecated. Use uppercase HTTP method like "POST". in SYSTEMPATH/Router/RouteCollection.php on line 1026.
 1 SYSTEMPATH/Router/RouteCollection.php(1026): trigger_error('Passing lowercase HTTP method "post" is deprecated. Use uppercase HTTP method like "POST".', 16384)
 2 APPPATH/Config/Routes.php(153): CodeIgniter\Router\RouteCollection->match([...], 'mesociclos/(:num)/generar', 'GimnasioMesociclos::generar/$1')
 3 SYSTEMPATH/Router/RouteCollection.php(799): CodeIgniter\Router\RouteCollection::{closure}(Object(CodeIgniter\Router\RouteCollection))
 4 APPPATH/Config/Routes.php(144): CodeIgniter\Router\RouteCollection->group('gimnasio', [...], Object(Closure))
 5 SYSTEMPATH/Router/RouteCollection.php(339): require('/Applications/ServBay/www/trackbitos/app/Config/Routes.php')
 6 SYSTEMPATH/CodeIgniter.php(821): CodeIgniter\Router\RouteCollection->loadRoutes()
 7 SYSTEMPATH/CodeIgniter.php(455): CodeIgniter\CodeIgniter->tryToRouteIt(null)
 8 SYSTEMPATH/CodeIgniter.php(354): CodeIgniter\CodeIgniter->handleRequest(null, Object(Config\Cache), false)
 9 SYSTEMPATH/Boot.php(363): CodeIgniter\CodeIgniter->run()
10 SYSTEMPATH/Boot.php(68): CodeIgniter\Boot::runCodeIgniter(Object(CodeIgniter\CodeIgniter))
11 FCPATH/index.php(59): CodeIgniter\Boot::bootWeb(Object(Config\Paths))
WARNING - 2025-09-18 15:57:28 --> [DEPRECATED] Passing lowercase HTTP method "get" is deprecated. Use uppercase HTTP method like "GET". in SYSTEMPATH/Router/RouteCollection.php on line 1026.
 1 SYSTEMPATH/Router/RouteCollection.php(1026): trigger_error('Passing lowercase HTTP method "get" is deprecated. Use uppercase HTTP method like "GET".', 16384)
 2 APPPATH/Config/Routes.php(161): CodeIgniter\Router\RouteCollection->match([...], 'mesociclos/(:num)/generar/bilbo', 'GimnasioMesociclos::generarBilbo/$1')
 3 SYSTEMPATH/Router/RouteCollection.php(799): CodeIgniter\Router\RouteCollection::{closure}(Object(CodeIgniter\Router\RouteCollection))
 4 APPPATH/Config/Routes.php(144): CodeIgniter\Router\RouteCollection->group('gimnasio', [...], Object(Closure))
 5 SYSTEMPATH/Router/RouteCollection.php(339): require('/Applications/ServBay/www/trackbitos/app/Config/Routes.php')
 6 SYSTEMPATH/CodeIgniter.php(821): CodeIgniter\Router\RouteCollection->loadRoutes()
 7 SYSTEMPATH/CodeIgniter.php(455): CodeIgniter\CodeIgniter->tryToRouteIt(null)
 8 SYSTEMPATH/CodeIgniter.php(354): CodeIgniter\CodeIgniter->handleRequest(null, Object(Config\Cache), false)
 9 SYSTEMPATH/Boot.php(363): CodeIgniter\CodeIgniter->run()
10 SYSTEMPATH/Boot.php(68): CodeIgniter\Boot::runCodeIgniter(Object(CodeIgniter\CodeIgniter))
11 FCPATH/index.php(59): CodeIgniter\Boot::bootWeb(Object(Config\Paths))
WARNING - 2025-09-18 15:57:28 --> [DEPRECATED] Passing lowercase HTTP method "post" is deprecated. Use uppercase HTTP method like "POST". in SYSTEMPATH/Router/RouteCollection.php on line 1026.
 1 SYSTEMPATH/Router/RouteCollection.php(1026): trigger_error('Passing lowercase HTTP method "post" is deprecated. Use uppercase HTTP method like "POST".', 16384)
 2 APPPATH/Config/Routes.php(161): CodeIgniter\Router\RouteCollection->match([...], 'mesociclos/(:num)/generar/bilbo', 'GimnasioMesociclos::generarBilbo/$1')
 3 SYSTEMPATH/Router/RouteCollection.php(799): CodeIgniter\Router\RouteCollection::{closure}(Object(CodeIgniter\Router\RouteCollection))
 4 APPPATH/Config/Routes.php(144): CodeIgniter\Router\RouteCollection->group('gimnasio', [...], Object(Closure))
 5 SYSTEMPATH/Router/RouteCollection.php(339): require('/Applications/ServBay/www/trackbitos/app/Config/Routes.php')
 6 SYSTEMPATH/CodeIgniter.php(821): CodeIgniter\Router\RouteCollection->loadRoutes()
 7 SYSTEMPATH/CodeIgniter.php(455): CodeIgniter\CodeIgniter->tryToRouteIt(null)
 8 SYSTEMPATH/CodeIgniter.php(354): CodeIgniter\CodeIgniter->handleRequest(null, Object(Config\Cache), false)
 9 SYSTEMPATH/Boot.php(363): CodeIgniter\CodeIgniter->run()
10 SYSTEMPATH/Boot.php(68): CodeIgniter\Boot::runCodeIgniter(Object(CodeIgniter\CodeIgniter))
11 FCPATH/index.php(59): CodeIgniter\Boot::bootWeb(Object(Config\Paths))
WARNING - 2025-09-18 15:57:28 --> [DEPRECATED] Passing lowercase HTTP method "get" is deprecated. Use uppercase HTTP method like "GET". in SYSTEMPATH/Router/RouteCollection.php on line 1026.
 1 SYSTEMPATH/Router/RouteCollection.php(1026): trigger_error('Passing lowercase HTTP method "get" is deprecated. Use uppercase HTTP method like "GET".', 16384)
 2 APPPATH/Config/Routes.php(261): CodeIgniter\Router\RouteCollection->match([...], 'crear', 'Youtube::crearLista')
 3 SYSTEMPATH/Router/RouteCollection.php(799): CodeIgniter\Router\RouteCollection::{closure}(Object(CodeIgniter\Router\RouteCollection))
 4 APPPATH/Config/Routes.php(259): CodeIgniter\Router\RouteCollection->group('youtube', [...], Object(Closure))
 5 SYSTEMPATH/Router/RouteCollection.php(339): require('/Applications/ServBay/www/trackbitos/app/Config/Routes.php')
 6 SYSTEMPATH/CodeIgniter.php(821): CodeIgniter\Router\RouteCollection->loadRoutes()
 7 SYSTEMPATH/CodeIgniter.php(455): CodeIgniter\CodeIgniter->tryToRouteIt(null)
 8 SYSTEMPATH/CodeIgniter.php(354): CodeIgniter\CodeIgniter->handleRequest(null, Object(Config\Cache), false)
 9 SYSTEMPATH/Boot.php(363): CodeIgniter\CodeIgniter->run()
10 SYSTEMPATH/Boot.php(68): CodeIgniter\Boot::runCodeIgniter(Object(CodeIgniter\CodeIgniter))
11 FCPATH/index.php(59): CodeIgniter\Boot::bootWeb(Object(Config\Paths))
WARNING - 2025-09-18 15:57:28 --> [DEPRECATED] Passing lowercase HTTP method "post" is deprecated. Use uppercase HTTP method like "POST". in SYSTEMPATH/Router/RouteCollection.php on line 1026.
 1 SYSTEMPATH/Router/RouteCollection.php(1026): trigger_error('Passing lowercase HTTP method "post" is deprecated. Use uppercase HTTP method like "POST".', 16384)
 2 APPPATH/Config/Routes.php(261): CodeIgniter\Router\RouteCollection->match([...], 'crear', 'Youtube::crearLista')
 3 SYSTEMPATH/Router/RouteCollection.php(799): CodeIgniter\Router\RouteCollection::{closure}(Object(CodeIgniter\Router\RouteCollection))
 4 APPPATH/Config/Routes.php(259): CodeIgniter\Router\RouteCollection->group('youtube', [...], Object(Closure))
 5 SYSTEMPATH/Router/RouteCollection.php(339): require('/Applications/ServBay/www/trackbitos/app/Config/Routes.php')
 6 SYSTEMPATH/CodeIgniter.php(821): CodeIgniter\Router\RouteCollection->loadRoutes()
 7 SYSTEMPATH/CodeIgniter.php(455): CodeIgniter\CodeIgniter->tryToRouteIt(null)
 8 SYSTEMPATH/CodeIgniter.php(354): CodeIgniter\CodeIgniter->handleRequest(null, Object(Config\Cache), false)
 9 SYSTEMPATH/Boot.php(363): CodeIgniter\CodeIgniter->run()
10 SYSTEMPATH/Boot.php(68): CodeIgniter\Boot::runCodeIgniter(Object(CodeIgniter\CodeIgniter))
11 FCPATH/index.php(59): CodeIgniter\Boot::bootWeb(Object(Config\Paths))
DEBUG - 2025-09-18 15:57:28 --> Session: Class initialized using 'CodeIgniter\Session\Handlers\FileHandler' driver.
